Reading C:/altera/13.0sp1/modelsim_ase/tcl/vsim/pref.tcl 

# 10.1d

# vsim -do {run -all; quit} -c work.tb_uart_top 
# Loading work.tb_uart_top
# Loading work.uart_top
# Loading work.baud_gen
# Loading work.sync_fifo
# Loading work.uart_tx
# Loading work.uart_rx
# run -all 
# [500000] DBG rx_done=0 count=0 wr_ptr=0 rd_ptr=0 rx_empty=1 rd_en=0 rd_data=xx
# [1500000] DBG rx_done=0 count=0 wr_ptr=0 rd_ptr=0 rx_empty=1 rd_en=0 rd_data=xx
# [2500000] DBG rx_done=0 count=0 wr_ptr=0 rd_ptr=0 rx_empty=1 rd_en=0 rd_data=xx
# [3500000] DBG rx_done=0 count=0 wr_ptr=0 rd_ptr=0 rx_empty=1 rd_en=0 rd_data=xx
# [4500000] DBG rx_done=0 count=0 wr_ptr=0 rd_ptr=0 rx_empty=1 rd_en=0 rd_data=xx
# [5500000] DBG rx_done=0 count=0 wr_ptr=0 rd_ptr=0 rx_empty=1 rd_en=0 rd_data=xx
# [6500000] DBG rx_done=0 count=0 wr_ptr=0 rd_ptr=0 rx_empty=1 rd_en=0 rd_data=xx
# [7500000] DBG rx_done=0 count=0 wr_ptr=0 rd_ptr=0 rx_empty=1 rd_en=0 rd_data=xx
# [8500000] DBG rx_done=0 count=0 wr_ptr=0 rd_ptr=0 rx_empty=1 rd_en=0 rd_data=xx
# [9500000] DBG rx_done=0 count=0 wr_ptr=0 rd_ptr=0 rx_empty=1 rd_en=0 rd_data=xx
# ---- test 1: basic loopback ----
# [10500000] DBG rx_done=0 count=0 wr_ptr=0 rd_ptr=0 rx_empty=1 rd_en=0 rd_data=xx
# [11500000] DBG rx_done=0 count=0 wr_ptr=0 rd_ptr=0 rx_empty=1 rd_en=0 rd_data=xx
# [12500000] DBG rx_done=0 count=0 wr_ptr=0 rd_ptr=0 rx_empty=1 rd_en=0 rd_data=xx
# [13500000] DBG rx_done=0 count=0 wr_ptr=0 rd_ptr=0 rx_empty=1 rd_en=0 rd_data=xx
# [14500000] DBG rx_done=0 count=0 wr_ptr=0 rd_ptr=0 rx_empty=1 rd_en=0 rd_data=xx
# [15500000] DBG rx_done=0 count=0 wr_ptr=0 rd_ptr=0 rx_empty=1 rd_en=0 rd_data=xx
# [16500000] DBG rx_done=0 count=0 wr_ptr=0 rd_ptr=0 rx_empty=1 rd_en=0 rd_data=xx
# [17500000] DBG rx_done=0 count=0 wr_ptr=0 rd_ptr=0 rx_empty=1 rd_en=0 rd_data=xx
# [18500000] DBG rx_done=0 count=0 wr_ptr=0 rd_ptr=0 rx_empty=1 rd_en=0 rd_data=xx
# [19500000] DBG rx_done=0 count=0 wr_ptr=0 rd_ptr=0 rx_empty=1 rd_en=0 rd_data=xx
# [20500000] DBG rx_done=0 count=0 wr_ptr=0 rd_ptr=0 rx_empty=1 rd_en=0 rd_data=xx
# [21500000] DBG rx_done=0 count=0 wr_ptr=0 rd_ptr=0 rx_empty=1 rd_en=0 rd_data=xx
# [22500000] DBG rx_done=0 count=0 wr_ptr=0 rd_ptr=0 rx_empty=1 rd_en=0 rd_data=xx
# [23500000] DBG rx_done=0 count=0 wr_ptr=0 rd_ptr=0 rx_empty=1 rd_en=0 rd_data=xx
# [24500000] DBG rx_done=0 count=0 wr_ptr=0 rd_ptr=0 rx_empty=1 rd_en=0 rd_data=xx
# [25500000] DBG rx_done=0 count=0 wr_ptr=0 rd_ptr=0 rx_empty=1 rd_en=0 rd_data=xx
# [26500000] DBG rx_done=0 count=0 wr_ptr=0 rd_ptr=0 rx_empty=1 rd_en=0 rd_data=xx
# [27500000] DBG rx_done=0 count=0 wr_ptr=0 rd_ptr=0 rx_empty=1 rd_en=0 rd_data=xx
# [28500000] DBG rx_done=0 count=0 wr_ptr=0 rd_ptr=0 rx_empty=1 rd_en=0 rd_data=xx
# [29500000] DBG rx_done=0 count=0 wr_ptr=0 rd_ptr=0 rx_empty=1 rd_en=0 rd_data=xx
# [30500000] DBG rx_done=0 count=0 wr_ptr=0 rd_ptr=0 rx_empty=1 rd_en=0 rd_data=xx
# [31500000] DBG rx_done=0 count=0 wr_ptr=0 rd_ptr=0 rx_empty=1 rd_en=0 rd_data=xx
# [32500000] DBG rx_done=0 count=0 wr_ptr=0 rd_ptr=0 rx_empty=1 rd_en=0 rd_data=xx
# [33500000] DBG rx_done=0 count=0 wr_ptr=0 rd_ptr=0 rx_empty=1 rd_en=0 rd_data=xx
# [34500000] DBG rx_done=0 count=0 wr_ptr=0 rd_ptr=0 rx_empty=1 rd_en=0 rd_data=xx
# [35500000] DBG rx_done=0 count=0 wr_ptr=0 rd_ptr=0 rx_empty=1 rd_en=0 rd_data=xx
# [36500000] DBG rx_done=0 count=0 wr_ptr=0 rd_ptr=0 rx_empty=1 rd_en=0 rd_data=xx
# [37500000] DBG rx_done=0 count=0 wr_ptr=0 rd_ptr=0 rx_empty=1 rd_en=0 rd_data=xx
# [38500000] DBG rx_done=0 count=0 wr_ptr=0 rd_ptr=0 rx_empty=1 rd_en=0 rd_data=xx
# [39500000] DBG rx_done=0 count=0 wr_ptr=0 rd_ptr=0 rx_empty=1 rd_en=0 rd_data=xx
# [40500000] DBG rx_done=0 count=0 wr_ptr=0 rd_ptr=0 rx_empty=1 rd_en=0 rd_data=xx
# [41500000] DBG rx_done=0 count=0 wr_ptr=0 rd_ptr=0 rx_empty=1 rd_en=0 rd_data=xx
# [42500000] DBG rx_done=0 count=0 wr_ptr=0 rd_ptr=0 rx_empty=1 rd_en=0 rd_data=xx
# [43500000] DBG rx_done=0 count=0 wr_ptr=0 rd_ptr=0 rx_empty=1 rd_en=0 rd_data=xx
# [44500000] DBG rx_done=0 count=0 wr_ptr=0 rd_ptr=0 rx_empty=1 rd_en=0 rd_data=xx
# [45500000] DBG rx_done=0 count=0 wr_ptr=0 rd_ptr=0 rx_empty=1 rd_en=0 rd_data=xx
# [46500000] DBG rx_done=0 count=0 wr_ptr=0 rd_ptr=0 rx_empty=1 rd_en=0 rd_data=xx
# [47500000] DBG rx_done=0 count=0 wr_ptr=0 rd_ptr=0 rx_empty=1 rd_en=0 rd_data=xx
# [48500000] DBG rx_done=0 count=0 wr_ptr=0 rd_ptr=0 rx_empty=1 rd_en=0 rd_data=xx
# [49500000] DBG rx_done=0 count=0 wr_ptr=0 rd_ptr=0 rx_empty=1 rd_en=0 rd_data=xx
# [50500000] DBG rx_done=0 count=0 wr_ptr=0 rd_ptr=0 rx_empty=1 rd_en=0 rd_data=xx
# [51500000] DBG rx_done=0 count=0 wr_ptr=0 rd_ptr=0 rx_empty=1 rd_en=0 rd_data=xx
# [52500000] DBG rx_done=0 count=0 wr_ptr=0 rd_ptr=0 rx_empty=1 rd_en=0 rd_data=xx
# [53500000] DBG rx_done=0 count=0 wr_ptr=0 rd_ptr=0 rx_empty=1 rd_en=0 rd_data=xx
# [54500000] DBG rx_done=0 count=0 wr_ptr=0 rd_ptr=0 rx_empty=1 rd_en=0 rd_data=xx
# [55500000] DBG rx_done=0 count=0 wr_ptr=0 rd_ptr=0 rx_empty=1 rd_en=0 rd_data=xx
# [56500000] DBG rx_done=0 count=0 wr_ptr=0 rd_ptr=0 rx_empty=1 rd_en=0 rd_data=xx
# [57500000] DBG rx_done=0 count=0 wr_ptr=0 rd_ptr=0 rx_empty=1 rd_en=0 rd_data=xx
# [58500000] DBG rx_done=0 count=0 wr_ptr=0 rd_ptr=0 rx_empty=1 rd_en=0 rd_data=xx
# [59500000] DBG rx_done=0 count=0 wr_ptr=0 rd_ptr=0 rx_empty=1 rd_en=0 rd_data=xx
# [60500000] DBG rx_done=0 count=0 wr_ptr=0 rd_ptr=0 rx_empty=1 rd_en=0 rd_data=xx
# [61500000] DBG rx_done=0 count=0 wr_ptr=0 rd_ptr=0 rx_empty=1 rd_en=0 rd_data=xx
# [62500000] DBG rx_done=0 count=0 wr_ptr=0 rd_ptr=0 rx_empty=1 rd_en=0 rd_data=xx
# [63500000] DBG rx_done=0 count=0 wr_ptr=0 rd_ptr=0 rx_empty=1 rd_en=0 rd_data=xx
# [64500000] DBG rx_done=0 count=0 wr_ptr=0 rd_ptr=0 rx_empty=1 rd_en=0 rd_data=xx
# [65500000] DBG rx_done=0 count=0 wr_ptr=0 rd_ptr=0 rx_empty=1 rd_en=0 rd_data=xx
# [66500000] DBG rx_done=0 count=0 wr_ptr=0 rd_ptr=0 rx_empty=1 rd_en=0 rd_data=xx
# [67500000] DBG rx_done=0 count=0 wr_ptr=0 rd_ptr=0 rx_empty=1 rd_en=0 rd_data=xx
# [68500000] DBG rx_done=0 count=0 wr_ptr=0 rd_ptr=0 rx_empty=1 rd_en=0 rd_data=xx
# [69500000] DBG rx_done=0 count=0 wr_ptr=0 rd_ptr=0 rx_empty=1 rd_en=0 rd_data=xx
# [70500000] DBG rx_done=0 count=0 wr_ptr=0 rd_ptr=0 rx_empty=1 rd_en=0 rd_data=xx
# [71500000] DBG rx_done=0 count=0 wr_ptr=0 rd_ptr=0 rx_empty=1 rd_en=0 rd_data=xx
# [72500000] DBG rx_done=0 count=0 wr_ptr=0 rd_ptr=0 rx_empty=1 rd_en=0 rd_data=xx
# [73500000] DBG rx_done=0 count=0 wr_ptr=0 rd_ptr=0 rx_empty=1 rd_en=0 rd_data=xx
# [74500000] DBG rx_done=0 count=0 wr_ptr=0 rd_ptr=0 rx_empty=1 rd_en=0 rd_data=xx
# [75500000] DBG rx_done=0 count=0 wr_ptr=0 rd_ptr=0 rx_empty=1 rd_en=0 rd_data=xx
# [76500000] DBG rx_done=0 count=0 wr_ptr=0 rd_ptr=0 rx_empty=1 rd_en=0 rd_data=xx
# [77500000] DBG rx_done=0 count=0 wr_ptr=0 rd_ptr=0 rx_empty=1 rd_en=0 rd_data=xx
# [78500000] DBG rx_done=0 count=0 wr_ptr=0 rd_ptr=0 rx_empty=1 rd_en=0 rd_data=xx
# [79500000] DBG rx_done=0 count=0 wr_ptr=0 rd_ptr=0 rx_empty=1 rd_en=0 rd_data=xx
# [80500000] DBG rx_done=0 count=0 wr_ptr=0 rd_ptr=0 rx_empty=1 rd_en=0 rd_data=xx
# [81500000] DBG rx_done=0 count=0 wr_ptr=0 rd_ptr=0 rx_empty=1 rd_en=0 rd_data=xx
# [82500000] DBG rx_done=0 count=0 wr_ptr=0 rd_ptr=0 rx_empty=1 rd_en=0 rd_data=xx
# [83500000] DBG rx_done=0 count=0 wr_ptr=0 rd_ptr=0 rx_empty=1 rd_en=0 rd_data=xx
# [84500000] DBG rx_done=0 count=0 wr_ptr=0 rd_ptr=0 rx_empty=1 rd_en=0 rd_data=xx
# [85500000] DBG rx_done=0 count=0 wr_ptr=0 rd_ptr=0 rx_empty=1 rd_en=0 rd_data=xx
# [86500000] DBG rx_done=0 count=0 wr_ptr=0 rd_ptr=0 rx_empty=1 rd_en=0 rd_data=xx
# [87500000] DBG rx_done=0 count=0 wr_ptr=0 rd_ptr=0 rx_empty=1 rd_en=0 rd_data=xx
# [88500000] DBG rx_done=0 count=0 wr_ptr=0 rd_ptr=0 rx_empty=1 rd_en=0 rd_data=xx
# [89500000] DBG rx_done=0 count=0 wr_ptr=0 rd_ptr=0 rx_empty=1 rd_en=0 rd_data=xx
# [90500000] DBG rx_done=0 count=0 wr_ptr=0 rd_ptr=0 rx_empty=1 rd_en=0 rd_data=xx
# [91500000] DBG rx_done=0 count=0 wr_ptr=0 rd_ptr=0 rx_empty=1 rd_en=0 rd_data=xx
# [92500000] DBG rx_done=0 count=0 wr_ptr=0 rd_ptr=0 rx_empty=1 rd_en=0 rd_data=xx
# [93500000] DBG rx_done=0 count=0 wr_ptr=0 rd_ptr=0 rx_empty=1 rd_en=0 rd_data=xx
# [94500000] DBG rx_done=0 count=0 wr_ptr=0 rd_ptr=0 rx_empty=1 rd_en=0 rd_data=xx
# [95500000] DBG rx_done=0 count=0 wr_ptr=0 rd_ptr=0 rx_empty=1 rd_en=0 rd_data=xx
# [96500000] DBG rx_done=0 count=0 wr_ptr=0 rd_ptr=0 rx_empty=1 rd_en=0 rd_data=xx
# [97500000] DBG rx_done=0 count=0 wr_ptr=0 rd_ptr=0 rx_empty=1 rd_en=0 rd_data=xx
# [98500000] DBG rx_done=0 count=0 wr_ptr=0 rd_ptr=0 rx_empty=1 rd_en=0 rd_data=xx
# [99500000] DBG rx_done=0 count=0 wr_ptr=0 rd_ptr=0 rx_empty=1 rd_en=0 rd_data=xx
# [100500000] DBG rx_done=0 count=0 wr_ptr=0 rd_ptr=0 rx_empty=1 rd_en=0 rd_data=xx
# [101500000] DBG rx_done=0 count=0 wr_ptr=0 rd_ptr=0 rx_empty=1 rd_en=0 rd_data=xx
# [102500000] DBG rx_done=0 count=0 wr_ptr=0 rd_ptr=0 rx_empty=1 rd_en=0 rd_data=xx
# [103500000] DBG rx_done=0 count=0 wr_ptr=0 rd_ptr=0 rx_empty=1 rd_en=0 rd_data=xx
# [104500000] DBG rx_done=0 count=0 wr_ptr=0 rd_ptr=0 rx_empty=1 rd_en=0 rd_data=xx
# [105500000] DBG rx_done=0 count=0 wr_ptr=0 rd_ptr=0 rx_empty=1 rd_en=0 rd_data=xx
# [106500000] DBG rx_done=0 count=0 wr_ptr=0 rd_ptr=0 rx_empty=1 rd_en=0 rd_data=xx
# [107500000] DBG rx_done=0 count=0 wr_ptr=0 rd_ptr=0 rx_empty=1 rd_en=0 rd_data=xx
# [108500000] DBG rx_done=0 count=0 wr_ptr=0 rd_ptr=0 rx_empty=1 rd_en=0 rd_data=xx
# [109500000] DBG rx_done=0 count=0 wr_ptr=0 rd_ptr=0 rx_empty=1 rd_en=0 rd_data=xx
# [110500000] DBG rx_done=0 count=0 wr_ptr=0 rd_ptr=0 rx_empty=1 rd_en=0 rd_data=xx
# [111500000] DBG rx_done=0 count=0 wr_ptr=0 rd_ptr=0 rx_empty=1 rd_en=0 rd_data=xx
# [112500000] DBG rx_done=0 count=0 wr_ptr=0 rd_ptr=0 rx_empty=1 rd_en=0 rd_data=xx
# [113500000] DBG rx_done=0 count=0 wr_ptr=0 rd_ptr=0 rx_empty=1 rd_en=0 rd_data=xx
# [114500000] DBG rx_done=0 count=0 wr_ptr=0 rd_ptr=0 rx_empty=1 rd_en=0 rd_data=xx
# [115500000] DBG rx_done=0 count=0 wr_ptr=0 rd_ptr=0 rx_empty=1 rd_en=0 rd_data=xx
# [116500000] DBG rx_done=0 count=0 wr_ptr=0 rd_ptr=0 rx_empty=1 rd_en=0 rd_data=xx
# [117500000] DBG rx_done=0 count=0 wr_ptr=0 rd_ptr=0 rx_empty=1 rd_en=0 rd_data=xx
# [118500000] DBG rx_done=0 count=0 wr_ptr=0 rd_ptr=0 rx_empty=1 rd_en=0 rd_data=xx
# [119500000] DBG rx_done=0 count=0 wr_ptr=0 rd_ptr=0 rx_empty=1 rd_en=0 rd_data=xx
# [120500000] DBG rx_done=0 count=0 wr_ptr=0 rd_ptr=0 rx_empty=1 rd_en=0 rd_data=xx
# [121500000] DBG rx_done=0 count=0 wr_ptr=0 rd_ptr=0 rx_empty=1 rd_en=0 rd_data=xx
# [122500000] DBG rx_done=0 count=0 wr_ptr=0 rd_ptr=0 rx_empty=1 rd_en=0 rd_data=xx
# [123500000] DBG rx_done=0 count=0 wr_ptr=0 rd_ptr=0 rx_empty=1 rd_en=0 rd_data=xx
# [124500000] DBG rx_done=0 count=0 wr_ptr=0 rd_ptr=0 rx_empty=1 rd_en=0 rd_data=xx
# [125500000] DBG rx_done=0 count=0 wr_ptr=0 rd_ptr=0 rx_empty=1 rd_en=0 rd_data=xx
# [126500000] DBG rx_done=0 count=0 wr_ptr=0 rd_ptr=0 rx_empty=1 rd_en=0 rd_data=xx
# [127500000] DBG rx_done=0 count=0 wr_ptr=0 rd_ptr=0 rx_empty=1 rd_en=0 rd_data=xx
# [128500000] DBG rx_done=0 count=0 wr_ptr=0 rd_ptr=0 rx_empty=1 rd_en=0 rd_data=xx
# [129500000] DBG rx_done=0 count=0 wr_ptr=0 rd_ptr=0 rx_empty=1 rd_en=0 rd_data=xx
# [130500000] DBG rx_done=0 count=0 wr_ptr=0 rd_ptr=0 rx_empty=1 rd_en=0 rd_data=xx
# [131500000] DBG rx_done=0 count=0 wr_ptr=0 rd_ptr=0 rx_empty=1 rd_en=0 rd_data=xx
# [132500000] DBG rx_done=0 count=0 wr_ptr=0 rd_ptr=0 rx_empty=1 rd_en=0 rd_data=xx
# [133500000] DBG rx_done=0 count=0 wr_ptr=0 rd_ptr=0 rx_empty=1 rd_en=0 rd_data=xx
# [134500000] DBG rx_done=0 count=0 wr_ptr=0 rd_ptr=0 rx_empty=1 rd_en=0 rd_data=xx
# [135500000] DBG rx_done=0 count=0 wr_ptr=0 rd_ptr=0 rx_empty=1 rd_en=0 rd_data=xx
# [136500000] DBG rx_done=0 count=0 wr_ptr=0 rd_ptr=0 rx_empty=1 rd_en=0 rd_data=xx
# [137500000] DBG rx_done=0 count=0 wr_ptr=0 rd_ptr=0 rx_empty=1 rd_en=0 rd_data=xx
# [138500000] DBG rx_done=0 count=0 wr_ptr=0 rd_ptr=0 rx_empty=1 rd_en=0 rd_data=xx
# [139500000] DBG rx_done=0 count=0 wr_ptr=0 rd_ptr=0 rx_empty=1 rd_en=0 rd_data=xx
# [140500000] DBG rx_done=0 count=0 wr_ptr=0 rd_ptr=0 rx_empty=1 rd_en=0 rd_data=xx
# [141500000] DBG rx_done=0 count=0 wr_ptr=0 rd_ptr=0 rx_empty=1 rd_en=0 rd_data=xx
# [142500000] DBG rx_done=0 count=0 wr_ptr=0 rd_ptr=0 rx_empty=1 rd_en=0 rd_data=xx
# [143500000] DBG rx_done=0 count=0 wr_ptr=0 rd_ptr=0 rx_empty=1 rd_en=0 rd_data=xx
# [144500000] DBG rx_done=0 count=0 wr_ptr=0 rd_ptr=0 rx_empty=1 rd_en=0 rd_data=xx
# [145500000] DBG rx_done=0 count=0 wr_ptr=0 rd_ptr=0 rx_empty=1 rd_en=0 rd_data=xx
# [146500000] DBG rx_done=0 count=0 wr_ptr=0 rd_ptr=0 rx_empty=1 rd_en=0 rd_data=xx
# [147500000] DBG rx_done=0 count=0 wr_ptr=0 rd_ptr=0 rx_empty=1 rd_en=0 rd_data=xx
# [148500000] DBG rx_done=0 count=0 wr_ptr=0 rd_ptr=0 rx_empty=1 rd_en=0 rd_data=xx
# [149500000] DBG rx_done=0 count=0 wr_ptr=0 rd_ptr=0 rx_empty=1 rd_en=0 rd_data=xx
# [150500000] DBG rx_done=0 count=0 wr_ptr=0 rd_ptr=0 rx_empty=1 rd_en=0 rd_data=xx
# [151500000] DBG rx_done=0 count=0 wr_ptr=0 rd_ptr=0 rx_empty=1 rd_en=0 rd_data=xx
# [152500000] DBG rx_done=0 count=0 wr_ptr=0 rd_ptr=0 rx_empty=1 rd_en=0 rd_data=xx
# [153500000] DBG rx_done=0 count=0 wr_ptr=0 rd_ptr=0 rx_empty=1 rd_en=0 rd_data=xx
# [154500000] DBG rx_done=0 count=0 wr_ptr=0 rd_ptr=0 rx_empty=1 rd_en=0 rd_data=xx
# [155500000] DBG rx_done=0 count=0 wr_ptr=0 rd_ptr=0 rx_empty=1 rd_en=0 rd_data=xx
# [156500000] DBG rx_done=0 count=0 wr_ptr=0 rd_ptr=0 rx_empty=1 rd_en=0 rd_data=xx
# [157500000] DBG rx_done=0 count=0 wr_ptr=0 rd_ptr=0 rx_empty=1 rd_en=0 rd_data=xx
# [158500000] DBG rx_done=0 count=0 wr_ptr=0 rd_ptr=0 rx_empty=1 rd_en=0 rd_data=xx
# [159500000] DBG rx_done=0 count=0 wr_ptr=0 rd_ptr=0 rx_empty=1 rd_en=0 rd_data=xx
# [160500000] DBG rx_done=0 count=0 wr_ptr=0 rd_ptr=0 rx_empty=1 rd_en=0 rd_data=xx
# [161500000] DBG rx_done=0 count=0 wr_ptr=0 rd_ptr=0 rx_empty=1 rd_en=0 rd_data=xx
# [162500000] DBG rx_done=0 count=0 wr_ptr=0 rd_ptr=0 rx_empty=1 rd_en=0 rd_data=xx
# [163500000] DBG rx_done=0 count=0 wr_ptr=0 rd_ptr=0 rx_empty=1 rd_en=0 rd_data=xx
# [164500000] DBG rx_done=0 count=0 wr_ptr=0 rd_ptr=0 rx_empty=1 rd_en=0 rd_data=xx
# [165500000] DBG rx_done=0 count=0 wr_ptr=0 rd_ptr=0 rx_empty=1 rd_en=0 rd_data=xx
# [166500000] DBG rx_done=0 count=0 wr_ptr=0 rd_ptr=0 rx_empty=1 rd_en=0 rd_data=xx
# [167500000] DBG rx_done=0 count=0 wr_ptr=0 rd_ptr=0 rx_empty=1 rd_en=0 rd_data=xx
# [168500000] DBG rx_done=0 count=0 wr_ptr=0 rd_ptr=0 rx_empty=1 rd_en=0 rd_data=xx
# [169500000] DBG rx_done=0 count=0 wr_ptr=0 rd_ptr=0 rx_empty=1 rd_en=0 rd_data=xx
# [170500000] DBG rx_done=0 count=0 wr_ptr=0 rd_ptr=0 rx_empty=1 rd_en=0 rd_data=xx
# [171500000] DBG rx_done=0 count=0 wr_ptr=0 rd_ptr=0 rx_empty=1 rd_en=0 rd_data=xx
# [172500000] DBG rx_done=0 count=0 wr_ptr=0 rd_ptr=0 rx_empty=1 rd_en=0 rd_data=xx
# [173500000] DBG rx_done=0 count=0 wr_ptr=0 rd_ptr=0 rx_empty=1 rd_en=0 rd_data=xx
# [174500000] DBG rx_done=0 count=0 wr_ptr=0 rd_ptr=0 rx_empty=1 rd_en=0 rd_data=xx
# [175500000] DBG rx_done=0 count=0 wr_ptr=0 rd_ptr=0 rx_empty=1 rd_en=0 rd_data=xx
# [176500000] DBG rx_done=0 count=0 wr_ptr=0 rd_ptr=0 rx_empty=1 rd_en=0 rd_data=xx
# [177500000] DBG rx_done=0 count=0 wr_ptr=0 rd_ptr=0 rx_empty=1 rd_en=0 rd_data=xx
# [178500000] DBG rx_done=0 count=0 wr_ptr=0 rd_ptr=0 rx_empty=1 rd_en=0 rd_data=xx
# [179500000] DBG rx_done=0 count=0 wr_ptr=0 rd_ptr=0 rx_empty=1 rd_en=0 rd_data=xx
# [180500000] DBG rx_done=0 count=0 wr_ptr=0 rd_ptr=0 rx_empty=1 rd_en=0 rd_data=xx
# [181500000] DBG rx_done=0 count=0 wr_ptr=0 rd_ptr=0 rx_empty=1 rd_en=0 rd_data=xx
# [182500000] DBG rx_done=0 count=0 wr_ptr=0 rd_ptr=0 rx_empty=1 rd_en=0 rd_data=xx
# [183500000] DBG rx_done=0 count=0 wr_ptr=0 rd_ptr=0 rx_empty=1 rd_en=0 rd_data=xx
# [184500000] DBG rx_done=0 count=0 wr_ptr=0 rd_ptr=0 rx_empty=1 rd_en=0 rd_data=xx
# [185500000] DBG rx_done=0 count=0 wr_ptr=0 rd_ptr=0 rx_empty=1 rd_en=0 rd_data=xx
# [186500000] DBG rx_done=0 count=0 wr_ptr=0 rd_ptr=0 rx_empty=1 rd_en=0 rd_data=xx
# [187500000] DBG rx_done=0 count=0 wr_ptr=0 rd_ptr=0 rx_empty=1 rd_en=0 rd_data=xx
# [188500000] DBG rx_done=0 count=0 wr_ptr=0 rd_ptr=0 rx_empty=1 rd_en=0 rd_data=xx
# [189500000] DBG rx_done=0 count=0 wr_ptr=0 rd_ptr=0 rx_empty=1 rd_en=0 rd_data=xx
# [190500000] DBG rx_done=0 count=0 wr_ptr=0 rd_ptr=0 rx_empty=1 rd_en=0 rd_data=xx
# [191500000] DBG rx_done=0 count=0 wr_ptr=0 rd_ptr=0 rx_empty=1 rd_en=0 rd_data=xx
# [192500000] DBG rx_done=0 count=0 wr_ptr=0 rd_ptr=0 rx_empty=1 rd_en=0 rd_data=xx
# [193500000] DBG rx_done=0 count=0 wr_ptr=0 rd_ptr=0 rx_empty=1 rd_en=0 rd_data=xx
# [194500000] DBG rx_done=0 count=0 wr_ptr=0 rd_ptr=0 rx_empty=1 rd_en=0 rd_data=xx
# [195500000] DBG rx_done=0 count=0 wr_ptr=0 rd_ptr=0 rx_empty=1 rd_en=0 rd_data=xx
# [196500000] DBG rx_done=0 count=0 wr_ptr=0 rd_ptr=0 rx_empty=1 rd_en=0 rd_data=xx
# [197500000] DBG rx_done=0 count=0 wr_ptr=0 rd_ptr=0 rx_empty=1 rd_en=0 rd_data=xx
# [198500000] DBG rx_done=0 count=0 wr_ptr=0 rd_ptr=0 rx_empty=1 rd_en=0 rd_data=xx
# [199500000] DBG rx_done=0 count=0 wr_ptr=0 rd_ptr=0 rx_empty=1 rd_en=0 rd_data=xx
# [200500000] DBG rx_done=0 count=0 wr_ptr=0 rd_ptr=0 rx_empty=1 rd_en=0 rd_data=xx
# [201500000] DBG rx_done=0 count=0 wr_ptr=0 rd_ptr=0 rx_empty=1 rd_en=0 rd_data=xx
# [202500000] DBG rx_done=0 count=0 wr_ptr=0 rd_ptr=0 rx_empty=1 rd_en=0 rd_data=xx
# [203500000] DBG rx_done=0 count=0 wr_ptr=0 rd_ptr=0 rx_empty=1 rd_en=0 rd_data=xx
# [204500000] DBG rx_done=0 count=0 wr_ptr=0 rd_ptr=0 rx_empty=1 rd_en=0 rd_data=xx
# [205500000] DBG rx_done=0 count=0 wr_ptr=0 rd_ptr=0 rx_empty=1 rd_en=0 rd_data=xx
# [206500000] DBG rx_done=0 count=0 wr_ptr=0 rd_ptr=0 rx_empty=1 rd_en=0 rd_data=xx
# [207500000] DBG rx_done=0 count=0 wr_ptr=0 rd_ptr=0 rx_empty=1 rd_en=0 rd_data=xx
# [208500000] DBG rx_done=0 count=0 wr_ptr=0 rd_ptr=0 rx_empty=1 rd_en=0 rd_data=xx
# [209500000] DBG rx_done=0 count=0 wr_ptr=0 rd_ptr=0 rx_empty=1 rd_en=0 rd_data=xx
# [210500000] DBG rx_done=0 count=0 wr_ptr=0 rd_ptr=0 rx_empty=1 rd_en=0 rd_data=xx
# [211500000] DBG rx_done=0 count=0 wr_ptr=0 rd_ptr=0 rx_empty=1 rd_en=0 rd_data=xx
# [212500000] DBG rx_done=0 count=0 wr_ptr=0 rd_ptr=0 rx_empty=1 rd_en=0 rd_data=xx
# [213500000] DBG rx_done=0 count=0 wr_ptr=0 rd_ptr=0 rx_empty=1 rd_en=0 rd_data=xx
# [214500000] DBG rx_done=0 count=0 wr_ptr=0 rd_ptr=0 rx_empty=1 rd_en=0 rd_data=xx
# [215500000] DBG rx_done=0 count=0 wr_ptr=0 rd_ptr=0 rx_empty=1 rd_en=0 rd_data=xx
# [216500000] DBG rx_done=0 count=0 wr_ptr=0 rd_ptr=0 rx_empty=1 rd_en=0 rd_data=xx
# [217500000] DBG rx_done=0 count=0 wr_ptr=0 rd_ptr=0 rx_empty=1 rd_en=0 rd_data=xx
# [218500000] DBG rx_done=0 count=0 wr_ptr=0 rd_ptr=0 rx_empty=1 rd_en=0 rd_data=xx
# [219500000] DBG rx_done=0 count=0 wr_ptr=0 rd_ptr=0 rx_empty=1 rd_en=0 rd_data=xx
# [220500000] DBG rx_done=0 count=0 wr_ptr=0 rd_ptr=0 rx_empty=1 rd_en=0 rd_data=xx
# [221500000] DBG rx_done=0 count=0 wr_ptr=0 rd_ptr=0 rx_empty=1 rd_en=0 rd_data=xx
# [222500000] DBG rx_done=0 count=0 wr_ptr=0 rd_ptr=0 rx_empty=1 rd_en=0 rd_data=xx
# [223500000] DBG rx_done=0 count=0 wr_ptr=0 rd_ptr=0 rx_empty=1 rd_en=0 rd_data=xx
# [224500000] DBG rx_done=0 count=0 wr_ptr=0 rd_ptr=0 rx_empty=1 rd_en=0 rd_data=xx
# [225500000] DBG rx_done=0 count=0 wr_ptr=0 rd_ptr=0 rx_empty=1 rd_en=0 rd_data=xx
# [226500000] DBG rx_done=0 count=0 wr_ptr=0 rd_ptr=0 rx_empty=1 rd_en=0 rd_data=xx
# [227500000] DBG rx_done=0 count=0 wr_ptr=0 rd_ptr=0 rx_empty=1 rd_en=0 rd_data=xx
# [228500000] DBG rx_done=0 count=0 wr_ptr=0 rd_ptr=0 rx_empty=1 rd_en=0 rd_data=xx
# [229500000] DBG rx_done=0 count=0 wr_ptr=0 rd_ptr=0 rx_empty=1 rd_en=0 rd_data=xx
# [230500000] DBG rx_done=0 count=0 wr_ptr=0 rd_ptr=0 rx_empty=1 rd_en=0 rd_data=xx
# [231500000] DBG rx_done=0 count=0 wr_ptr=0 rd_ptr=0 rx_empty=1 rd_en=0 rd_data=xx
# [232500000] DBG rx_done=0 count=0 wr_ptr=0 rd_ptr=0 rx_empty=1 rd_en=0 rd_data=xx
# [233500000] DBG rx_done=0 count=0 wr_ptr=0 rd_ptr=0 rx_empty=1 rd_en=0 rd_data=xx
# [234500000] DBG rx_done=0 count=0 wr_ptr=0 rd_ptr=0 rx_empty=1 rd_en=0 rd_data=xx
# [235500000] DBG rx_done=0 count=0 wr_ptr=0 rd_ptr=0 rx_empty=1 rd_en=0 rd_data=xx
# [236500000] DBG rx_done=0 count=0 wr_ptr=0 rd_ptr=0 rx_empty=1 rd_en=0 rd_data=xx
# [237500000] DBG rx_done=0 count=0 wr_ptr=0 rd_ptr=0 rx_empty=1 rd_en=0 rd_data=xx
# [238500000] DBG rx_done=0 count=0 wr_ptr=0 rd_ptr=0 rx_empty=1 rd_en=0 rd_data=xx
# [239500000] DBG rx_done=0 count=0 wr_ptr=0 rd_ptr=0 rx_empty=1 rd_en=0 rd_data=xx
# [240500000] DBG rx_done=0 count=0 wr_ptr=0 rd_ptr=0 rx_empty=1 rd_en=0 rd_data=xx
# [241500000] DBG rx_done=0 count=0 wr_ptr=0 rd_ptr=0 rx_empty=1 rd_en=0 rd_data=xx
# [242500000] DBG rx_done=0 count=0 wr_ptr=0 rd_ptr=0 rx_empty=1 rd_en=0 rd_data=xx
# [243500000] DBG rx_done=0 count=0 wr_ptr=0 rd_ptr=0 rx_empty=1 rd_en=0 rd_data=xx
# [244500000] DBG rx_done=0 count=0 wr_ptr=0 rd_ptr=0 rx_empty=1 rd_en=0 rd_data=xx
# [245500000] DBG rx_done=0 count=0 wr_ptr=0 rd_ptr=0 rx_empty=1 rd_en=0 rd_data=xx
# [246500000] DBG rx_done=0 count=0 wr_ptr=0 rd_ptr=0 rx_empty=1 rd_en=0 rd_data=xx
# [247500000] DBG rx_done=0 count=0 wr_ptr=0 rd_ptr=0 rx_empty=1 rd_en=0 rd_data=xx
# [248500000] DBG rx_done=0 count=0 wr_ptr=0 rd_ptr=0 rx_empty=1 rd_en=0 rd_data=xx
# [249500000] DBG rx_done=0 count=0 wr_ptr=0 rd_ptr=0 rx_empty=1 rd_en=0 rd_data=xx
# [250500000] DBG rx_done=0 count=0 wr_ptr=0 rd_ptr=0 rx_empty=1 rd_en=0 rd_data=xx
# [251500000] DBG rx_done=0 count=0 wr_ptr=0 rd_ptr=0 rx_empty=1 rd_en=0 rd_data=xx
# [252500000] DBG rx_done=0 count=0 wr_ptr=0 rd_ptr=0 rx_empty=1 rd_en=0 rd_data=xx
# [253500000] DBG rx_done=0 count=0 wr_ptr=0 rd_ptr=0 rx_empty=1 rd_en=0 rd_data=xx
# [254500000] DBG rx_done=0 count=0 wr_ptr=0 rd_ptr=0 rx_empty=1 rd_en=0 rd_data=xx
# [255500000] DBG rx_done=0 count=0 wr_ptr=0 rd_ptr=0 rx_empty=1 rd_en=0 rd_data=xx
# [256500000] DBG rx_done=0 count=0 wr_ptr=0 rd_ptr=0 rx_empty=1 rd_en=0 rd_data=xx
# [257500000] DBG rx_done=0 count=0 wr_ptr=0 rd_ptr=0 rx_empty=1 rd_en=0 rd_data=xx
# [258500000] DBG rx_done=0 count=0 wr_ptr=0 rd_ptr=0 rx_empty=1 rd_en=0 rd_data=xx
# [259500000] DBG rx_done=0 count=0 wr_ptr=0 rd_ptr=0 rx_empty=1 rd_en=0 rd_data=xx
# [260500000] DBG rx_done=0 count=0 wr_ptr=0 rd_ptr=0 rx_empty=1 rd_en=0 rd_data=xx
# [261500000] DBG rx_done=0 count=0 wr_ptr=0 rd_ptr=0 rx_empty=1 rd_en=0 rd_data=xx
# [262500000] DBG rx_done=0 count=0 wr_ptr=0 rd_ptr=0 rx_empty=1 rd_en=0 rd_data=xx
# [263500000] DBG rx_done=0 count=0 wr_ptr=0 rd_ptr=0 rx_empty=1 rd_en=0 rd_data=xx
# [264500000] DBG rx_done=0 count=0 wr_ptr=0 rd_ptr=0 rx_empty=1 rd_en=0 rd_data=xx
# [265500000] DBG rx_done=0 count=0 wr_ptr=0 rd_ptr=0 rx_empty=1 rd_en=0 rd_data=xx
# [266500000] DBG rx_done=0 count=0 wr_ptr=0 rd_ptr=0 rx_empty=1 rd_en=0 rd_data=xx
# [267500000] DBG rx_done=0 count=0 wr_ptr=0 rd_ptr=0 rx_empty=1 rd_en=0 rd_data=xx
# [268500000] DBG rx_done=0 count=0 wr_ptr=0 rd_ptr=0 rx_empty=1 rd_en=0 rd_data=xx
# [269500000] DBG rx_done=0 count=0 wr_ptr=0 rd_ptr=0 rx_empty=1 rd_en=0 rd_data=xx
# [270500000] DBG rx_done=0 count=0 wr_ptr=0 rd_ptr=0 rx_empty=1 rd_en=0 rd_data=xx
# [271500000] DBG rx_done=0 count=0 wr_ptr=0 rd_ptr=0 rx_empty=1 rd_en=0 rd_data=xx
# [272500000] DBG rx_done=0 count=0 wr_ptr=0 rd_ptr=0 rx_empty=1 rd_en=0 rd_data=xx
# [273500000] DBG rx_done=0 count=0 wr_ptr=0 rd_ptr=0 rx_empty=1 rd_en=0 rd_data=xx
# [274500000] DBG rx_done=0 count=0 wr_ptr=0 rd_ptr=0 rx_empty=1 rd_en=0 rd_data=xx
# [275500000] DBG rx_done=0 count=0 wr_ptr=0 rd_ptr=0 rx_empty=1 rd_en=0 rd_data=xx
# [276500000] DBG rx_done=0 count=0 wr_ptr=0 rd_ptr=0 rx_empty=1 rd_en=0 rd_data=xx
# [277500000] DBG rx_done=0 count=0 wr_ptr=0 rd_ptr=0 rx_empty=1 rd_en=0 rd_data=xx
# [278500000] DBG rx_done=0 count=0 wr_ptr=0 rd_ptr=0 rx_empty=1 rd_en=0 rd_data=xx
# [279500000] DBG rx_done=0 count=0 wr_ptr=0 rd_ptr=0 rx_empty=1 rd_en=0 rd_data=xx
# [280500000] DBG rx_done=0 count=0 wr_ptr=0 rd_ptr=0 rx_empty=1 rd_en=0 rd_data=xx
# [281500000] DBG rx_done=0 count=0 wr_ptr=0 rd_ptr=0 rx_empty=1 rd_en=0 rd_data=xx
# [282500000] DBG rx_done=0 count=0 wr_ptr=0 rd_ptr=0 rx_empty=1 rd_en=0 rd_data=xx
# [283500000] DBG rx_done=0 count=0 wr_ptr=0 rd_ptr=0 rx_empty=1 rd_en=0 rd_data=xx
# [284500000] DBG rx_done=0 count=0 wr_ptr=0 rd_ptr=0 rx_empty=1 rd_en=0 rd_data=xx
# [285500000] DBG rx_done=0 count=0 wr_ptr=0 rd_ptr=0 rx_empty=1 rd_en=0 rd_data=xx
# [286500000] DBG rx_done=0 count=0 wr_ptr=0 rd_ptr=0 rx_empty=1 rd_en=0 rd_data=xx
# [287500000] DBG rx_done=0 count=0 wr_ptr=0 rd_ptr=0 rx_empty=1 rd_en=0 rd_data=xx
# [288500000] DBG rx_done=0 count=0 wr_ptr=0 rd_ptr=0 rx_empty=1 rd_en=0 rd_data=xx
# [289500000] DBG rx_done=0 count=0 wr_ptr=0 rd_ptr=0 rx_empty=1 rd_en=0 rd_data=xx
# [290500000] DBG rx_done=0 count=0 wr_ptr=0 rd_ptr=0 rx_empty=1 rd_en=0 rd_data=xx
# [291500000] DBG rx_done=0 count=0 wr_ptr=0 rd_ptr=0 rx_empty=1 rd_en=0 rd_data=xx
# [292500000] DBG rx_done=0 count=0 wr_ptr=0 rd_ptr=0 rx_empty=1 rd_en=0 rd_data=xx
# [293500000] DBG rx_done=0 count=0 wr_ptr=0 rd_ptr=0 rx_empty=1 rd_en=0 rd_data=xx
# [294500000] DBG rx_done=0 count=0 wr_ptr=0 rd_ptr=0 rx_empty=1 rd_en=0 rd_data=xx
# [295500000] DBG rx_done=0 count=0 wr_ptr=0 rd_ptr=0 rx_empty=1 rd_en=0 rd_data=xx
# [296500000] DBG rx_done=0 count=0 wr_ptr=0 rd_ptr=0 rx_empty=1 rd_en=0 rd_data=xx
# [297500000] DBG rx_done=0 count=0 wr_ptr=0 rd_ptr=0 rx_empty=1 rd_en=0 rd_data=xx
# [298500000] DBG rx_done=0 count=0 wr_ptr=0 rd_ptr=0 rx_empty=1 rd_en=0 rd_data=xx
# [299500000] DBG rx_done=0 count=0 wr_ptr=0 rd_ptr=0 rx_empty=1 rd_en=0 rd_data=xx
# [300500000] DBG rx_done=0 count=0 wr_ptr=0 rd_ptr=0 rx_empty=1 rd_en=0 rd_data=xx
# [301500000] DBG rx_done=0 count=0 wr_ptr=0 rd_ptr=0 rx_empty=1 rd_en=0 rd_data=xx
# [302500000] DBG rx_done=0 count=0 wr_ptr=0 rd_ptr=0 rx_empty=1 rd_en=0 rd_data=xx
# [303500000] DBG rx_done=0 count=0 wr_ptr=0 rd_ptr=0 rx_empty=1 rd_en=0 rd_data=xx
# [304500000] DBG rx_done=0 count=0 wr_ptr=0 rd_ptr=0 rx_empty=1 rd_en=0 rd_data=xx
# [305500000] DBG rx_done=0 count=0 wr_ptr=0 rd_ptr=0 rx_empty=1 rd_en=0 rd_data=xx
# [306500000] DBG rx_done=0 count=0 wr_ptr=0 rd_ptr=0 rx_empty=1 rd_en=0 rd_data=xx
# [307500000] DBG rx_done=0 count=0 wr_ptr=0 rd_ptr=0 rx_empty=1 rd_en=0 rd_data=xx
# [308500000] DBG rx_done=0 count=0 wr_ptr=0 rd_ptr=0 rx_empty=1 rd_en=0 rd_data=xx
# [309500000] DBG rx_done=0 count=0 wr_ptr=0 rd_ptr=0 rx_empty=1 rd_en=0 rd_data=xx
# [310500000] DBG rx_done=0 count=0 wr_ptr=0 rd_ptr=0 rx_empty=1 rd_en=0 rd_data=xx
# [311500000] DBG rx_done=0 count=0 wr_ptr=0 rd_ptr=0 rx_empty=1 rd_en=0 rd_data=xx
# [312500000] DBG rx_done=0 count=0 wr_ptr=0 rd_ptr=0 rx_empty=1 rd_en=0 rd_data=xx
# [313500000] DBG rx_done=0 count=0 wr_ptr=0 rd_ptr=0 rx_empty=1 rd_en=0 rd_data=xx
# [314500000] DBG rx_done=0 count=0 wr_ptr=0 rd_ptr=0 rx_empty=1 rd_en=0 rd_data=xx
# [315500000] DBG rx_done=0 count=0 wr_ptr=0 rd_ptr=0 rx_empty=1 rd_en=0 rd_data=xx
# [316500000] DBG rx_done=0 count=0 wr_ptr=0 rd_ptr=0 rx_empty=1 rd_en=0 rd_data=xx
# [317500000] DBG rx_done=0 count=0 wr_ptr=0 rd_ptr=0 rx_empty=1 rd_en=0 rd_data=xx
# [318500000] DBG rx_done=0 count=0 wr_ptr=0 rd_ptr=0 rx_empty=1 rd_en=0 rd_data=xx
# [319500000] DBG rx_done=0 count=0 wr_ptr=0 rd_ptr=0 rx_empty=1 rd_en=0 rd_data=xx
# [320500000] DBG rx_done=0 count=0 wr_ptr=0 rd_ptr=0 rx_empty=1 rd_en=0 rd_data=xx
# [321500000] DBG rx_done=0 count=0 wr_ptr=0 rd_ptr=0 rx_empty=1 rd_en=0 rd_data=xx
# [322500000] DBG rx_done=0 count=0 wr_ptr=0 rd_ptr=0 rx_empty=1 rd_en=0 rd_data=xx
# [323500000] DBG rx_done=0 count=0 wr_ptr=0 rd_ptr=0 rx_empty=1 rd_en=0 rd_data=xx
# [324500000] DBG rx_done=0 count=0 wr_ptr=0 rd_ptr=0 rx_empty=1 rd_en=0 rd_data=xx
# [325500000] DBG rx_done=0 count=0 wr_ptr=0 rd_ptr=0 rx_empty=1 rd_en=0 rd_data=xx
# [326500000] DBG rx_done=0 count=0 wr_ptr=0 rd_ptr=0 rx_empty=1 rd_en=0 rd_data=xx
# [327500000] DBG rx_done=0 count=0 wr_ptr=0 rd_ptr=0 rx_empty=1 rd_en=0 rd_data=xx
# [328500000] DBG rx_done=0 count=0 wr_ptr=0 rd_ptr=0 rx_empty=1 rd_en=0 rd_data=xx
# [329500000] DBG rx_done=0 count=0 wr_ptr=0 rd_ptr=0 rx_empty=1 rd_en=0 rd_data=xx
# [330500000] DBG rx_done=0 count=0 wr_ptr=0 rd_ptr=0 rx_empty=1 rd_en=0 rd_data=xx
# [331500000] DBG rx_done=0 count=0 wr_ptr=0 rd_ptr=0 rx_empty=1 rd_en=0 rd_data=xx
# [332500000] DBG rx_done=0 count=0 wr_ptr=0 rd_ptr=0 rx_empty=1 rd_en=0 rd_data=xx
# [333500000] DBG rx_done=0 count=0 wr_ptr=0 rd_ptr=0 rx_empty=1 rd_en=0 rd_data=xx
# [334500000] DBG rx_done=0 count=0 wr_ptr=0 rd_ptr=0 rx_empty=1 rd_en=0 rd_data=xx
# [335500000] DBG rx_done=0 count=0 wr_ptr=0 rd_ptr=0 rx_empty=1 rd_en=0 rd_data=xx
# [336500000] DBG rx_done=0 count=0 wr_ptr=0 rd_ptr=0 rx_empty=1 rd_en=0 rd_data=xx
# [337500000] DBG rx_done=0 count=0 wr_ptr=0 rd_ptr=0 rx_empty=1 rd_en=0 rd_data=xx
# [338500000] DBG rx_done=0 count=0 wr_ptr=0 rd_ptr=0 rx_empty=1 rd_en=0 rd_data=xx
# [339500000] DBG rx_done=0 count=0 wr_ptr=0 rd_ptr=0 rx_empty=1 rd_en=0 rd_data=xx
# [340500000] DBG rx_done=0 count=0 wr_ptr=0 rd_ptr=0 rx_empty=1 rd_en=0 rd_data=xx
# [341500000] DBG rx_done=0 count=0 wr_ptr=0 rd_ptr=0 rx_empty=1 rd_en=0 rd_data=xx
# [342500000] DBG rx_done=0 count=0 wr_ptr=0 rd_ptr=0 rx_empty=1 rd_en=0 rd_data=xx
# [343500000] DBG rx_done=0 count=0 wr_ptr=0 rd_ptr=0 rx_empty=1 rd_en=0 rd_data=xx
# [344500000] DBG rx_done=0 count=0 wr_ptr=0 rd_ptr=0 rx_empty=1 rd_en=0 rd_data=xx
# [345500000] DBG rx_done=0 count=0 wr_ptr=0 rd_ptr=0 rx_empty=1 rd_en=0 rd_data=xx
# [346500000] DBG rx_done=0 count=0 wr_ptr=0 rd_ptr=0 rx_empty=1 rd_en=0 rd_data=xx
# [347500000] DBG rx_done=0 count=0 wr_ptr=0 rd_ptr=0 rx_empty=1 rd_en=0 rd_data=xx
# [348500000] DBG rx_done=0 count=0 wr_ptr=0 rd_ptr=0 rx_empty=1 rd_en=0 rd_data=xx
# [349500000] DBG rx_done=0 count=0 wr_ptr=0 rd_ptr=0 rx_empty=1 rd_en=0 rd_data=xx
# [350500000] DBG rx_done=0 count=0 wr_ptr=0 rd_ptr=0 rx_empty=1 rd_en=0 rd_data=xx
# [351500000] DBG rx_done=0 count=0 wr_ptr=0 rd_ptr=0 rx_empty=1 rd_en=0 rd_data=xx
# [352500000] DBG rx_done=0 count=0 wr_ptr=0 rd_ptr=0 rx_empty=1 rd_en=0 rd_data=xx
# [353500000] DBG rx_done=0 count=0 wr_ptr=0 rd_ptr=0 rx_empty=1 rd_en=0 rd_data=xx
# [354500000] DBG rx_done=0 count=0 wr_ptr=0 rd_ptr=0 rx_empty=1 rd_en=0 rd_data=xx
# [355500000] DBG rx_done=0 count=0 wr_ptr=0 rd_ptr=0 rx_empty=1 rd_en=0 rd_data=xx
# [356500000] DBG rx_done=0 count=0 wr_ptr=0 rd_ptr=0 rx_empty=1 rd_en=0 rd_data=xx
# [357500000] DBG rx_done=0 count=0 wr_ptr=0 rd_ptr=0 rx_empty=1 rd_en=0 rd_data=xx
# [358500000] DBG rx_done=0 count=0 wr_ptr=0 rd_ptr=0 rx_empty=1 rd_en=0 rd_data=xx
# [359500000] DBG rx_done=0 count=0 wr_ptr=0 rd_ptr=0 rx_empty=1 rd_en=0 rd_data=xx
# [360500000] DBG rx_done=0 count=0 wr_ptr=0 rd_ptr=0 rx_empty=1 rd_en=0 rd_data=xx
# [361500000] DBG rx_done=0 count=0 wr_ptr=0 rd_ptr=0 rx_empty=1 rd_en=0 rd_data=xx
# [362500000] DBG rx_done=0 count=0 wr_ptr=0 rd_ptr=0 rx_empty=1 rd_en=0 rd_data=xx
# [363500000] DBG rx_done=0 count=0 wr_ptr=0 rd_ptr=0 rx_empty=1 rd_en=0 rd_data=xx
# [364500000] DBG rx_done=0 count=0 wr_ptr=0 rd_ptr=0 rx_empty=1 rd_en=0 rd_data=xx
# [365500000] DBG rx_done=0 count=0 wr_ptr=0 rd_ptr=0 rx_empty=1 rd_en=0 rd_data=xx
# [366500000] DBG rx_done=0 count=0 wr_ptr=0 rd_ptr=0 rx_empty=1 rd_en=0 rd_data=xx
# [367500000] DBG rx_done=0 count=0 wr_ptr=0 rd_ptr=0 rx_empty=1 rd_en=0 rd_data=xx
# [368500000] DBG rx_done=0 count=0 wr_ptr=0 rd_ptr=0 rx_empty=1 rd_en=0 rd_data=xx
# [369500000] DBG rx_done=0 count=0 wr_ptr=0 rd_ptr=0 rx_empty=1 rd_en=0 rd_data=xx
# [370500000] DBG rx_done=0 count=0 wr_ptr=0 rd_ptr=0 rx_empty=1 rd_en=0 rd_data=xx
# [371500000] DBG rx_done=0 count=0 wr_ptr=0 rd_ptr=0 rx_empty=1 rd_en=0 rd_data=xx
# [372500000] DBG rx_done=0 count=0 wr_ptr=0 rd_ptr=0 rx_empty=1 rd_en=0 rd_data=xx
# [373500000] DBG rx_done=0 count=0 wr_ptr=0 rd_ptr=0 rx_empty=1 rd_en=0 rd_data=xx
# [374500000] DBG rx_done=0 count=0 wr_ptr=0 rd_ptr=0 rx_empty=1 rd_en=0 rd_data=xx
# [375500000] DBG rx_done=0 count=0 wr_ptr=0 rd_ptr=0 rx_empty=1 rd_en=0 rd_data=xx
# [376500000] DBG rx_done=0 count=0 wr_ptr=0 rd_ptr=0 rx_empty=1 rd_en=0 rd_data=xx
# [377500000] DBG rx_done=0 count=0 wr_ptr=0 rd_ptr=0 rx_empty=1 rd_en=0 rd_data=xx
# [378500000] DBG rx_done=0 count=0 wr_ptr=0 rd_ptr=0 rx_empty=1 rd_en=0 rd_data=xx
# [379500000] DBG rx_done=0 count=0 wr_ptr=0 rd_ptr=0 rx_empty=1 rd_en=0 rd_data=xx
# [380500000] DBG rx_done=0 count=0 wr_ptr=0 rd_ptr=0 rx_empty=1 rd_en=0 rd_data=xx
# [381500000] DBG rx_done=0 count=0 wr_ptr=0 rd_ptr=0 rx_empty=1 rd_en=0 rd_data=xx
# [382500000] DBG rx_done=0 count=0 wr_ptr=0 rd_ptr=0 rx_empty=1 rd_en=0 rd_data=xx
# [383500000] DBG rx_done=0 count=0 wr_ptr=0 rd_ptr=0 rx_empty=1 rd_en=0 rd_data=xx
# [384500000] DBG rx_done=0 count=0 wr_ptr=0 rd_ptr=0 rx_empty=1 rd_en=0 rd_data=xx
# [385500000] DBG rx_done=0 count=0 wr_ptr=0 rd_ptr=0 rx_empty=1 rd_en=0 rd_data=xx
# [386500000] DBG rx_done=0 count=0 wr_ptr=0 rd_ptr=0 rx_empty=1 rd_en=0 rd_data=xx
# [387500000] DBG rx_done=0 count=0 wr_ptr=0 rd_ptr=0 rx_empty=1 rd_en=0 rd_data=xx
# [388500000] DBG rx_done=0 count=0 wr_ptr=0 rd_ptr=0 rx_empty=1 rd_en=0 rd_data=xx
# [389500000] DBG rx_done=0 count=0 wr_ptr=0 rd_ptr=0 rx_empty=1 rd_en=0 rd_data=xx
# [390500000] DBG rx_done=0 count=0 wr_ptr=0 rd_ptr=0 rx_empty=1 rd_en=0 rd_data=xx
# [391500000] DBG rx_done=0 count=0 wr_ptr=0 rd_ptr=0 rx_empty=1 rd_en=0 rd_data=xx
# [392500000] DBG rx_done=0 count=0 wr_ptr=0 rd_ptr=0 rx_empty=1 rd_en=0 rd_data=xx
# [393500000] DBG rx_done=0 count=0 wr_ptr=0 rd_ptr=0 rx_empty=1 rd_en=0 rd_data=xx
# [394500000] DBG rx_done=0 count=0 wr_ptr=0 rd_ptr=0 rx_empty=1 rd_en=0 rd_data=xx
# [395500000] DBG rx_done=0 count=0 wr_ptr=0 rd_ptr=0 rx_empty=1 rd_en=0 rd_data=xx
# [396500000] DBG rx_done=0 count=0 wr_ptr=0 rd_ptr=0 rx_empty=1 rd_en=0 rd_data=xx
# [397500000] DBG rx_done=0 count=0 wr_ptr=0 rd_ptr=0 rx_empty=1 rd_en=0 rd_data=xx
# [398500000] DBG rx_done=0 count=0 wr_ptr=0 rd_ptr=0 rx_empty=1 rd_en=0 rd_data=xx
# [399500000] DBG rx_done=0 count=0 wr_ptr=0 rd_ptr=0 rx_empty=1 rd_en=0 rd_data=xx
# [400500000] DBG rx_done=0 count=0 wr_ptr=0 rd_ptr=0 rx_empty=1 rd_en=0 rd_data=xx
# [401500000] DBG rx_done=0 count=0 wr_ptr=0 rd_ptr=0 rx_empty=1 rd_en=0 rd_data=xx
# [402500000] DBG rx_done=0 count=0 wr_ptr=0 rd_ptr=0 rx_empty=1 rd_en=0 rd_data=xx
# [403500000] DBG rx_done=0 count=0 wr_ptr=0 rd_ptr=0 rx_empty=1 rd_en=0 rd_data=xx
# [404500000] DBG rx_done=0 count=0 wr_ptr=0 rd_ptr=0 rx_empty=1 rd_en=0 rd_data=xx
# [405500000] DBG rx_done=0 count=0 wr_ptr=0 rd_ptr=0 rx_empty=1 rd_en=0 rd_data=xx
# [406500000] DBG rx_done=0 count=0 wr_ptr=0 rd_ptr=0 rx_empty=1 rd_en=0 rd_data=xx
# [407500000] DBG rx_done=0 count=0 wr_ptr=0 rd_ptr=0 rx_empty=1 rd_en=0 rd_data=xx
# [408500000] DBG rx_done=0 count=0 wr_ptr=0 rd_ptr=0 rx_empty=1 rd_en=0 rd_data=xx
# [409500000] DBG rx_done=0 count=0 wr_ptr=0 rd_ptr=0 rx_empty=1 rd_en=0 rd_data=xx
# [410500000] DBG rx_done=0 count=0 wr_ptr=0 rd_ptr=0 rx_empty=1 rd_en=0 rd_data=xx
# [411500000] DBG rx_done=0 count=0 wr_ptr=0 rd_ptr=0 rx_empty=1 rd_en=0 rd_data=xx
# [412500000] DBG rx_done=0 count=0 wr_ptr=0 rd_ptr=0 rx_empty=1 rd_en=0 rd_data=xx
# [413500000] DBG rx_done=0 count=0 wr_ptr=0 rd_ptr=0 rx_empty=1 rd_en=0 rd_data=xx
# [414500000] DBG rx_done=0 count=0 wr_ptr=0 rd_ptr=0 rx_empty=1 rd_en=0 rd_data=xx
# [415500000] DBG rx_done=0 count=0 wr_ptr=0 rd_ptr=0 rx_empty=1 rd_en=0 rd_data=xx
# [416500000] DBG rx_done=0 count=0 wr_ptr=0 rd_ptr=0 rx_empty=1 rd_en=0 rd_data=xx
# [417500000] DBG rx_done=0 count=0 wr_ptr=0 rd_ptr=0 rx_empty=1 rd_en=0 rd_data=xx
# [418500000] DBG rx_done=0 count=0 wr_ptr=0 rd_ptr=0 rx_empty=1 rd_en=0 rd_data=xx
# [419500000] DBG rx_done=0 count=0 wr_ptr=0 rd_ptr=0 rx_empty=1 rd_en=0 rd_data=xx
# [420500000] DBG rx_done=0 count=0 wr_ptr=0 rd_ptr=0 rx_empty=1 rd_en=0 rd_data=xx
# [421500000] DBG rx_done=0 count=0 wr_ptr=0 rd_ptr=0 rx_empty=1 rd_en=0 rd_data=xx
# [422500000] DBG rx_done=0 count=0 wr_ptr=0 rd_ptr=0 rx_empty=1 rd_en=0 rd_data=xx
# [423500000] DBG rx_done=0 count=0 wr_ptr=0 rd_ptr=0 rx_empty=1 rd_en=0 rd_data=xx
# [424500000] DBG rx_done=0 count=0 wr_ptr=0 rd_ptr=0 rx_empty=1 rd_en=0 rd_data=xx
# [425500000] DBG rx_done=0 count=0 wr_ptr=0 rd_ptr=0 rx_empty=1 rd_en=0 rd_data=xx
# [426500000] DBG rx_done=0 count=0 wr_ptr=0 rd_ptr=0 rx_empty=1 rd_en=0 rd_data=xx
# [427500000] DBG rx_done=0 count=0 wr_ptr=0 rd_ptr=0 rx_empty=1 rd_en=0 rd_data=xx
# [428500000] DBG rx_done=0 count=0 wr_ptr=0 rd_ptr=0 rx_empty=1 rd_en=0 rd_data=xx
# [429500000] DBG rx_done=0 count=0 wr_ptr=0 rd_ptr=0 rx_empty=1 rd_en=0 rd_data=xx
# [430500000] DBG rx_done=0 count=0 wr_ptr=0 rd_ptr=0 rx_empty=1 rd_en=0 rd_data=xx
# [431500000] DBG rx_done=0 count=0 wr_ptr=0 rd_ptr=0 rx_empty=1 rd_en=0 rd_data=xx
# [432500000] DBG rx_done=0 count=0 wr_ptr=0 rd_ptr=0 rx_empty=1 rd_en=0 rd_data=xx
# [433500000] DBG rx_done=0 count=0 wr_ptr=0 rd_ptr=0 rx_empty=1 rd_en=0 rd_data=xx
# [434500000] DBG rx_done=0 count=0 wr_ptr=0 rd_ptr=0 rx_empty=1 rd_en=0 rd_data=xx
# [435500000] DBG rx_done=0 count=0 wr_ptr=0 rd_ptr=0 rx_empty=1 rd_en=0 rd_data=xx
# [436500000] DBG rx_done=0 count=0 wr_ptr=0 rd_ptr=0 rx_empty=1 rd_en=0 rd_data=xx
# [437500000] DBG rx_done=0 count=0 wr_ptr=0 rd_ptr=0 rx_empty=1 rd_en=0 rd_data=xx
# [438500000] DBG rx_done=0 count=0 wr_ptr=0 rd_ptr=0 rx_empty=1 rd_en=0 rd_data=xx
# [439500000] DBG rx_done=0 count=0 wr_ptr=0 rd_ptr=0 rx_empty=1 rd_en=0 rd_data=xx
# [440500000] DBG rx_done=0 count=0 wr_ptr=0 rd_ptr=0 rx_empty=1 rd_en=0 rd_data=xx
# [441500000] DBG rx_done=0 count=0 wr_ptr=0 rd_ptr=0 rx_empty=1 rd_en=0 rd_data=xx
# [442500000] DBG rx_done=0 count=0 wr_ptr=0 rd_ptr=0 rx_empty=1 rd_en=0 rd_data=xx
# [443500000] DBG rx_done=0 count=0 wr_ptr=0 rd_ptr=0 rx_empty=1 rd_en=0 rd_data=xx
# [444500000] DBG rx_done=0 count=0 wr_ptr=0 rd_ptr=0 rx_empty=1 rd_en=0 rd_data=xx
# [445500000] DBG rx_done=0 count=0 wr_ptr=0 rd_ptr=0 rx_empty=1 rd_en=0 rd_data=xx
# [446500000] DBG rx_done=0 count=0 wr_ptr=0 rd_ptr=0 rx_empty=1 rd_en=0 rd_data=xx
# [447500000] DBG rx_done=0 count=0 wr_ptr=0 rd_ptr=0 rx_empty=1 rd_en=0 rd_data=xx
# [448500000] DBG rx_done=0 count=0 wr_ptr=0 rd_ptr=0 rx_empty=1 rd_en=0 rd_data=xx
# [449500000] DBG rx_done=0 count=0 wr_ptr=0 rd_ptr=0 rx_empty=1 rd_en=0 rd_data=xx
# [450500000] DBG rx_done=0 count=0 wr_ptr=0 rd_ptr=0 rx_empty=1 rd_en=0 rd_data=xx
# [451500000] DBG rx_done=0 count=0 wr_ptr=0 rd_ptr=0 rx_empty=1 rd_en=0 rd_data=xx
# [452500000] DBG rx_done=0 count=0 wr_ptr=0 rd_ptr=0 rx_empty=1 rd_en=0 rd_data=xx
# [453500000] DBG rx_done=0 count=0 wr_ptr=0 rd_ptr=0 rx_empty=1 rd_en=0 rd_data=xx
# [454500000] DBG rx_done=0 count=0 wr_ptr=0 rd_ptr=0 rx_empty=1 rd_en=0 rd_data=xx
# [455500000] DBG rx_done=0 count=0 wr_ptr=0 rd_ptr=0 rx_empty=1 rd_en=0 rd_data=xx
# [456500000] DBG rx_done=0 count=0 wr_ptr=0 rd_ptr=0 rx_empty=1 rd_en=0 rd_data=xx
# [457500000] DBG rx_done=0 count=0 wr_ptr=0 rd_ptr=0 rx_empty=1 rd_en=0 rd_data=xx
# [458500000] DBG rx_done=0 count=0 wr_ptr=0 rd_ptr=0 rx_empty=1 rd_en=0 rd_data=xx
# [459500000] DBG rx_done=0 count=0 wr_ptr=0 rd_ptr=0 rx_empty=1 rd_en=0 rd_data=xx
# [460500000] DBG rx_done=0 count=0 wr_ptr=0 rd_ptr=0 rx_empty=1 rd_en=0 rd_data=xx
# [461500000] DBG rx_done=0 count=0 wr_ptr=0 rd_ptr=0 rx_empty=1 rd_en=0 rd_data=xx
# [462500000] DBG rx_done=0 count=0 wr_ptr=0 rd_ptr=0 rx_empty=1 rd_en=0 rd_data=xx
# [463500000] DBG rx_done=0 count=0 wr_ptr=0 rd_ptr=0 rx_empty=1 rd_en=0 rd_data=xx
# [464500000] DBG rx_done=0 count=0 wr_ptr=0 rd_ptr=0 rx_empty=1 rd_en=0 rd_data=xx
# [465500000] DBG rx_done=0 count=0 wr_ptr=0 rd_ptr=0 rx_empty=1 rd_en=0 rd_data=xx
# [466500000] DBG rx_done=0 count=0 wr_ptr=0 rd_ptr=0 rx_empty=1 rd_en=0 rd_data=xx
# [467500000] DBG rx_done=0 count=0 wr_ptr=0 rd_ptr=0 rx_empty=1 rd_en=0 rd_data=xx
# [468500000] DBG rx_done=0 count=0 wr_ptr=0 rd_ptr=0 rx_empty=1 rd_en=0 rd_data=xx
# [469500000] DBG rx_done=0 count=0 wr_ptr=0 rd_ptr=0 rx_empty=1 rd_en=0 rd_data=xx
# [470500000] DBG rx_done=0 count=0 wr_ptr=0 rd_ptr=0 rx_empty=1 rd_en=0 rd_data=xx
# [471500000] DBG rx_done=0 count=0 wr_ptr=0 rd_ptr=0 rx_empty=1 rd_en=0 rd_data=xx
# [472500000] DBG rx_done=0 count=0 wr_ptr=0 rd_ptr=0 rx_empty=1 rd_en=0 rd_data=xx
# [473500000] DBG rx_done=0 count=0 wr_ptr=0 rd_ptr=0 rx_empty=1 rd_en=0 rd_data=xx
# [474500000] DBG rx_done=0 count=0 wr_ptr=0 rd_ptr=0 rx_empty=1 rd_en=0 rd_data=xx
# [475500000] DBG rx_done=0 count=0 wr_ptr=0 rd_ptr=0 rx_empty=1 rd_en=0 rd_data=xx
# [476500000] DBG rx_done=0 count=0 wr_ptr=0 rd_ptr=0 rx_empty=1 rd_en=0 rd_data=xx
# [477500000] DBG rx_done=0 count=0 wr_ptr=0 rd_ptr=0 rx_empty=1 rd_en=0 rd_data=xx
# [478500000] DBG rx_done=0 count=0 wr_ptr=0 rd_ptr=0 rx_empty=1 rd_en=0 rd_data=xx
# [479500000] DBG rx_done=0 count=0 wr_ptr=0 rd_ptr=0 rx_empty=1 rd_en=0 rd_data=xx
# [480500000] DBG rx_done=0 count=0 wr_ptr=0 rd_ptr=0 rx_empty=1 rd_en=0 rd_data=xx
# [481500000] DBG rx_done=0 count=0 wr_ptr=0 rd_ptr=0 rx_empty=1 rd_en=0 rd_data=xx
# [482500000] DBG rx_done=0 count=0 wr_ptr=0 rd_ptr=0 rx_empty=1 rd_en=0 rd_data=xx
# [483500000] DBG rx_done=0 count=0 wr_ptr=0 rd_ptr=0 rx_empty=1 rd_en=0 rd_data=xx
# [484500000] DBG rx_done=0 count=0 wr_ptr=0 rd_ptr=0 rx_empty=1 rd_en=0 rd_data=xx
# [485500000] DBG rx_done=0 count=0 wr_ptr=0 rd_ptr=0 rx_empty=1 rd_en=0 rd_data=xx
# [486500000] DBG rx_done=0 count=0 wr_ptr=0 rd_ptr=0 rx_empty=1 rd_en=0 rd_data=xx
# [487500000] DBG rx_done=0 count=0 wr_ptr=0 rd_ptr=0 rx_empty=1 rd_en=0 rd_data=xx
# [488500000] DBG rx_done=0 count=0 wr_ptr=0 rd_ptr=0 rx_empty=1 rd_en=0 rd_data=xx
# [489500000] DBG rx_done=0 count=0 wr_ptr=0 rd_ptr=0 rx_empty=1 rd_en=0 rd_data=xx
# [490500000] DBG rx_done=0 count=0 wr_ptr=0 rd_ptr=0 rx_empty=1 rd_en=0 rd_data=xx
# [491500000] DBG rx_done=0 count=0 wr_ptr=0 rd_ptr=0 rx_empty=1 rd_en=0 rd_data=xx
# [492500000] DBG rx_done=0 count=0 wr_ptr=0 rd_ptr=0 rx_empty=1 rd_en=0 rd_data=xx
# [493500000] DBG rx_done=0 count=0 wr_ptr=0 rd_ptr=0 rx_empty=1 rd_en=0 rd_data=xx
# [494500000] DBG rx_done=0 count=0 wr_ptr=0 rd_ptr=0 rx_empty=1 rd_en=0 rd_data=xx
# [495500000] DBG rx_done=0 count=0 wr_ptr=0 rd_ptr=0 rx_empty=1 rd_en=0 rd_data=xx
# [496500000] DBG rx_done=0 count=0 wr_ptr=0 rd_ptr=0 rx_empty=1 rd_en=0 rd_data=xx
# [497500000] DBG rx_done=0 count=0 wr_ptr=0 rd_ptr=0 rx_empty=1 rd_en=0 rd_data=xx
# [498500000] DBG rx_done=0 count=0 wr_ptr=0 rd_ptr=0 rx_empty=1 rd_en=0 rd_data=xx
# [499500000] DBG rx_done=0 count=0 wr_ptr=0 rd_ptr=0 rx_empty=1 rd_en=0 rd_data=xx
# [500500000] DBG rx_done=0 count=0 wr_ptr=0 rd_ptr=0 rx_empty=1 rd_en=0 rd_data=xx
# [501500000] DBG rx_done=0 count=0 wr_ptr=0 rd_ptr=0 rx_empty=1 rd_en=0 rd_data=xx
# [502500000] DBG rx_done=0 count=0 wr_ptr=0 rd_ptr=0 rx_empty=1 rd_en=0 rd_data=xx
# [503500000] DBG rx_done=0 count=0 wr_ptr=0 rd_ptr=0 rx_empty=1 rd_en=0 rd_data=xx
# [504500000] DBG rx_done=0 count=0 wr_ptr=0 rd_ptr=0 rx_empty=1 rd_en=0 rd_data=xx
# [505500000] DBG rx_done=0 count=0 wr_ptr=0 rd_ptr=0 rx_empty=1 rd_en=0 rd_data=xx
# [506500000] DBG rx_done=0 count=0 wr_ptr=0 rd_ptr=0 rx_empty=1 rd_en=0 rd_data=xx
# [507500000] DBG rx_done=0 count=0 wr_ptr=0 rd_ptr=0 rx_empty=1 rd_en=0 rd_data=xx
# [508500000] DBG rx_done=0 count=0 wr_ptr=0 rd_ptr=0 rx_empty=1 rd_en=0 rd_data=xx
# [509500000] DBG rx_done=0 count=0 wr_ptr=0 rd_ptr=0 rx_empty=1 rd_en=0 rd_data=xx
# [510500000] DBG rx_done=0 count=0 wr_ptr=0 rd_ptr=0 rx_empty=1 rd_en=0 rd_data=xx
# [511500000] DBG rx_done=0 count=0 wr_ptr=0 rd_ptr=0 rx_empty=1 rd_en=0 rd_data=xx
# [512500000] DBG rx_done=0 count=0 wr_ptr=0 rd_ptr=0 rx_empty=1 rd_en=0 rd_data=xx
# [513500000] DBG rx_done=0 count=0 wr_ptr=0 rd_ptr=0 rx_empty=1 rd_en=0 rd_data=xx
# [514500000] DBG rx_done=0 count=0 wr_ptr=0 rd_ptr=0 rx_empty=1 rd_en=0 rd_data=xx
# [515500000] DBG rx_done=0 count=0 wr_ptr=0 rd_ptr=0 rx_empty=1 rd_en=0 rd_data=xx
# [516500000] DBG rx_done=0 count=0 wr_ptr=0 rd_ptr=0 rx_empty=1 rd_en=0 rd_data=xx
# [517500000] DBG rx_done=0 count=0 wr_ptr=0 rd_ptr=0 rx_empty=1 rd_en=0 rd_data=xx
# [518500000] DBG rx_done=0 count=0 wr_ptr=0 rd_ptr=0 rx_empty=1 rd_en=0 rd_data=xx
# [519500000] DBG rx_done=0 count=0 wr_ptr=0 rd_ptr=0 rx_empty=1 rd_en=0 rd_data=xx
# [520500000] DBG rx_done=0 count=0 wr_ptr=0 rd_ptr=0 rx_empty=1 rd_en=0 rd_data=xx
# [521500000] DBG rx_done=0 count=0 wr_ptr=0 rd_ptr=0 rx_empty=1 rd_en=0 rd_data=xx
# [522500000] DBG rx_done=0 count=0 wr_ptr=0 rd_ptr=0 rx_empty=1 rd_en=0 rd_data=xx
# [523500000] DBG rx_done=0 count=0 wr_ptr=0 rd_ptr=0 rx_empty=1 rd_en=0 rd_data=xx
# [524500000] DBG rx_done=0 count=0 wr_ptr=0 rd_ptr=0 rx_empty=1 rd_en=0 rd_data=xx
# [525500000] DBG rx_done=0 count=0 wr_ptr=0 rd_ptr=0 rx_empty=1 rd_en=0 rd_data=xx
# [526500000] DBG rx_done=0 count=0 wr_ptr=0 rd_ptr=0 rx_empty=1 rd_en=0 rd_data=xx
# [527500000] DBG rx_done=0 count=0 wr_ptr=0 rd_ptr=0 rx_empty=1 rd_en=0 rd_data=xx
# [528500000] DBG rx_done=0 count=0 wr_ptr=0 rd_ptr=0 rx_empty=1 rd_en=0 rd_data=xx
# [529500000] DBG rx_done=0 count=0 wr_ptr=0 rd_ptr=0 rx_empty=1 rd_en=0 rd_data=xx
# [530500000] DBG rx_done=0 count=0 wr_ptr=0 rd_ptr=0 rx_empty=1 rd_en=0 rd_data=xx
# [531500000] DBG rx_done=0 count=0 wr_ptr=0 rd_ptr=0 rx_empty=1 rd_en=0 rd_data=xx
# [532500000] DBG rx_done=0 count=0 wr_ptr=0 rd_ptr=0 rx_empty=1 rd_en=0 rd_data=xx
# [533500000] DBG rx_done=0 count=0 wr_ptr=0 rd_ptr=0 rx_empty=1 rd_en=0 rd_data=xx
# [534500000] DBG rx_done=0 count=0 wr_ptr=0 rd_ptr=0 rx_empty=1 rd_en=0 rd_data=xx
# [535500000] DBG rx_done=0 count=0 wr_ptr=0 rd_ptr=0 rx_empty=1 rd_en=0 rd_data=xx
# [536500000] DBG rx_done=0 count=0 wr_ptr=0 rd_ptr=0 rx_empty=1 rd_en=0 rd_data=xx
# [537500000] DBG rx_done=0 count=0 wr_ptr=0 rd_ptr=0 rx_empty=1 rd_en=0 rd_data=xx
# [538500000] DBG rx_done=0 count=0 wr_ptr=0 rd_ptr=0 rx_empty=1 rd_en=0 rd_data=xx
# [539500000] DBG rx_done=0 count=0 wr_ptr=0 rd_ptr=0 rx_empty=1 rd_en=0 rd_data=xx
# [540500000] DBG rx_done=0 count=0 wr_ptr=0 rd_ptr=0 rx_empty=1 rd_en=0 rd_data=xx
# [541500000] DBG rx_done=0 count=0 wr_ptr=0 rd_ptr=0 rx_empty=1 rd_en=0 rd_data=xx
# [542500000] DBG rx_done=0 count=0 wr_ptr=0 rd_ptr=0 rx_empty=1 rd_en=0 rd_data=xx
# [543500000] DBG rx_done=0 count=0 wr_ptr=0 rd_ptr=0 rx_empty=1 rd_en=0 rd_data=xx
# [544500000] DBG rx_done=0 count=0 wr_ptr=0 rd_ptr=0 rx_empty=1 rd_en=0 rd_data=xx
# [545500000] DBG rx_done=0 count=0 wr_ptr=0 rd_ptr=0 rx_empty=1 rd_en=0 rd_data=xx
# [546500000] DBG rx_done=0 count=0 wr_ptr=0 rd_ptr=0 rx_empty=1 rd_en=0 rd_data=xx
# [547500000] DBG rx_done=0 count=0 wr_ptr=0 rd_ptr=0 rx_empty=1 rd_en=0 rd_data=xx
# [548500000] DBG rx_done=0 count=0 wr_ptr=0 rd_ptr=0 rx_empty=1 rd_en=0 rd_data=xx
# [549500000] DBG rx_done=0 count=0 wr_ptr=0 rd_ptr=0 rx_empty=1 rd_en=0 rd_data=xx
# [550500000] DBG rx_done=0 count=0 wr_ptr=0 rd_ptr=0 rx_empty=1 rd_en=0 rd_data=xx
# [551500000] DBG rx_done=0 count=0 wr_ptr=0 rd_ptr=0 rx_empty=1 rd_en=0 rd_data=xx
# [552500000] DBG rx_done=0 count=0 wr_ptr=0 rd_ptr=0 rx_empty=1 rd_en=0 rd_data=xx
# [553500000] DBG rx_done=0 count=0 wr_ptr=0 rd_ptr=0 rx_empty=1 rd_en=0 rd_data=xx
# [554500000] DBG rx_done=0 count=0 wr_ptr=0 rd_ptr=0 rx_empty=1 rd_en=0 rd_data=xx
# [555500000] DBG rx_done=0 count=0 wr_ptr=0 rd_ptr=0 rx_empty=1 rd_en=0 rd_data=xx
# [556500000] DBG rx_done=0 count=0 wr_ptr=0 rd_ptr=0 rx_empty=1 rd_en=0 rd_data=xx
# [557500000] DBG rx_done=0 count=0 wr_ptr=0 rd_ptr=0 rx_empty=1 rd_en=0 rd_data=xx
# [558500000] DBG rx_done=0 count=0 wr_ptr=0 rd_ptr=0 rx_empty=1 rd_en=0 rd_data=xx
# [559500000] DBG rx_done=0 count=0 wr_ptr=0 rd_ptr=0 rx_empty=1 rd_en=0 rd_data=xx
# [560500000] DBG rx_done=0 count=0 wr_ptr=0 rd_ptr=0 rx_empty=1 rd_en=0 rd_data=xx
# [561500000] DBG rx_done=0 count=0 wr_ptr=0 rd_ptr=0 rx_empty=1 rd_en=0 rd_data=xx
# [562500000] DBG rx_done=0 count=0 wr_ptr=0 rd_ptr=0 rx_empty=1 rd_en=0 rd_data=xx
# [563500000] DBG rx_done=0 count=0 wr_ptr=0 rd_ptr=0 rx_empty=1 rd_en=0 rd_data=xx
# [564500000] DBG rx_done=0 count=0 wr_ptr=0 rd_ptr=0 rx_empty=1 rd_en=0 rd_data=xx
# [565500000] DBG rx_done=0 count=0 wr_ptr=0 rd_ptr=0 rx_empty=1 rd_en=0 rd_data=xx
# [566500000] DBG rx_done=0 count=0 wr_ptr=0 rd_ptr=0 rx_empty=1 rd_en=0 rd_data=xx
# [567500000] DBG rx_done=0 count=0 wr_ptr=0 rd_ptr=0 rx_empty=1 rd_en=0 rd_data=xx
# [568500000] DBG rx_done=0 count=0 wr_ptr=0 rd_ptr=0 rx_empty=1 rd_en=0 rd_data=xx
# [569500000] DBG rx_done=0 count=0 wr_ptr=0 rd_ptr=0 rx_empty=1 rd_en=0 rd_data=xx
# [570500000] DBG rx_done=0 count=0 wr_ptr=0 rd_ptr=0 rx_empty=1 rd_en=0 rd_data=xx
# [571500000] DBG rx_done=0 count=0 wr_ptr=0 rd_ptr=0 rx_empty=1 rd_en=0 rd_data=xx
# [572500000] DBG rx_done=0 count=0 wr_ptr=0 rd_ptr=0 rx_empty=1 rd_en=0 rd_data=xx
# [573500000] DBG rx_done=0 count=0 wr_ptr=0 rd_ptr=0 rx_empty=1 rd_en=0 rd_data=xx
# [574500000] DBG rx_done=0 count=0 wr_ptr=0 rd_ptr=0 rx_empty=1 rd_en=0 rd_data=xx
# [575500000] DBG rx_done=0 count=0 wr_ptr=0 rd_ptr=0 rx_empty=1 rd_en=0 rd_data=xx
# [576500000] DBG rx_done=0 count=0 wr_ptr=0 rd_ptr=0 rx_empty=1 rd_en=0 rd_data=xx
# [577500000] DBG rx_done=0 count=0 wr_ptr=0 rd_ptr=0 rx_empty=1 rd_en=0 rd_data=xx
# [578500000] DBG rx_done=0 count=0 wr_ptr=0 rd_ptr=0 rx_empty=1 rd_en=0 rd_data=xx
# [579500000] DBG rx_done=0 count=0 wr_ptr=0 rd_ptr=0 rx_empty=1 rd_en=0 rd_data=xx
# [580500000] DBG rx_done=0 count=0 wr_ptr=0 rd_ptr=0 rx_empty=1 rd_en=0 rd_data=xx
# [581500000] DBG rx_done=0 count=0 wr_ptr=0 rd_ptr=0 rx_empty=1 rd_en=0 rd_data=xx
# [582500000] DBG rx_done=0 count=0 wr_ptr=0 rd_ptr=0 rx_empty=1 rd_en=0 rd_data=xx
# [583500000] DBG rx_done=0 count=0 wr_ptr=0 rd_ptr=0 rx_empty=1 rd_en=0 rd_data=xx
# [584500000] DBG rx_done=0 count=0 wr_ptr=0 rd_ptr=0 rx_empty=1 rd_en=0 rd_data=xx
# [585500000] DBG rx_done=0 count=0 wr_ptr=0 rd_ptr=0 rx_empty=1 rd_en=0 rd_data=xx
# [586500000] DBG rx_done=0 count=0 wr_ptr=0 rd_ptr=0 rx_empty=1 rd_en=0 rd_data=xx
# [587500000] DBG rx_done=0 count=0 wr_ptr=0 rd_ptr=0 rx_empty=1 rd_en=0 rd_data=xx
# [588500000] DBG rx_done=0 count=0 wr_ptr=0 rd_ptr=0 rx_empty=1 rd_en=0 rd_data=xx
# [589500000] DBG rx_done=0 count=0 wr_ptr=0 rd_ptr=0 rx_empty=1 rd_en=0 rd_data=xx
# [590500000] DBG rx_done=0 count=0 wr_ptr=0 rd_ptr=0 rx_empty=1 rd_en=0 rd_data=xx
# [591500000] DBG rx_done=0 count=0 wr_ptr=0 rd_ptr=0 rx_empty=1 rd_en=0 rd_data=xx
# [592500000] DBG rx_done=0 count=0 wr_ptr=0 rd_ptr=0 rx_empty=1 rd_en=0 rd_data=xx
# [593500000] DBG rx_done=0 count=0 wr_ptr=0 rd_ptr=0 rx_empty=1 rd_en=0 rd_data=xx
# [594500000] DBG rx_done=0 count=0 wr_ptr=0 rd_ptr=0 rx_empty=1 rd_en=0 rd_data=xx
# [595500000] DBG rx_done=0 count=0 wr_ptr=0 rd_ptr=0 rx_empty=1 rd_en=0 rd_data=xx
# [596500000] DBG rx_done=0 count=0 wr_ptr=0 rd_ptr=0 rx_empty=1 rd_en=0 rd_data=xx
# [597500000] DBG rx_done=0 count=0 wr_ptr=0 rd_ptr=0 rx_empty=1 rd_en=0 rd_data=xx
# [598500000] DBG rx_done=0 count=0 wr_ptr=0 rd_ptr=0 rx_empty=1 rd_en=0 rd_data=xx
# [599500000] DBG rx_done=0 count=0 wr_ptr=0 rd_ptr=0 rx_empty=1 rd_en=0 rd_data=xx
# [600500000] DBG rx_done=0 count=0 wr_ptr=0 rd_ptr=0 rx_empty=1 rd_en=0 rd_data=xx
# [601500000] DBG rx_done=0 count=0 wr_ptr=0 rd_ptr=0 rx_empty=1 rd_en=0 rd_data=xx
# [602500000] DBG rx_done=0 count=0 wr_ptr=0 rd_ptr=0 rx_empty=1 rd_en=0 rd_data=xx
# [603500000] DBG rx_done=0 count=0 wr_ptr=0 rd_ptr=0 rx_empty=1 rd_en=0 rd_data=xx
# [604500000] DBG rx_done=0 count=0 wr_ptr=0 rd_ptr=0 rx_empty=1 rd_en=0 rd_data=xx
# [605500000] DBG rx_done=0 count=0 wr_ptr=0 rd_ptr=0 rx_empty=1 rd_en=0 rd_data=xx
# [606500000] DBG rx_done=0 count=0 wr_ptr=0 rd_ptr=0 rx_empty=1 rd_en=0 rd_data=xx
# [607500000] DBG rx_done=0 count=0 wr_ptr=0 rd_ptr=0 rx_empty=1 rd_en=0 rd_data=xx
# [608500000] DBG rx_done=0 count=0 wr_ptr=0 rd_ptr=0 rx_empty=1 rd_en=0 rd_data=xx
# [609500000] DBG rx_done=0 count=0 wr_ptr=0 rd_ptr=0 rx_empty=1 rd_en=0 rd_data=xx
# [610500000] DBG rx_done=0 count=0 wr_ptr=0 rd_ptr=0 rx_empty=1 rd_en=0 rd_data=xx
# [611500000] DBG rx_done=0 count=0 wr_ptr=0 rd_ptr=0 rx_empty=1 rd_en=0 rd_data=xx
# [612500000] DBG rx_done=0 count=0 wr_ptr=0 rd_ptr=0 rx_empty=1 rd_en=0 rd_data=xx
# [613500000] DBG rx_done=0 count=0 wr_ptr=0 rd_ptr=0 rx_empty=1 rd_en=0 rd_data=xx
# [614500000] DBG rx_done=0 count=0 wr_ptr=0 rd_ptr=0 rx_empty=1 rd_en=0 rd_data=xx
# [615500000] DBG rx_done=0 count=0 wr_ptr=0 rd_ptr=0 rx_empty=1 rd_en=0 rd_data=xx
# [616500000] DBG rx_done=0 count=0 wr_ptr=0 rd_ptr=0 rx_empty=1 rd_en=0 rd_data=xx
# [617500000] DBG rx_done=0 count=0 wr_ptr=0 rd_ptr=0 rx_empty=1 rd_en=0 rd_data=xx
# [618500000] DBG rx_done=0 count=0 wr_ptr=0 rd_ptr=0 rx_empty=1 rd_en=0 rd_data=xx
# [619500000] DBG rx_done=0 count=0 wr_ptr=0 rd_ptr=0 rx_empty=1 rd_en=0 rd_data=xx
# [620500000] DBG rx_done=0 count=0 wr_ptr=0 rd_ptr=0 rx_empty=1 rd_en=0 rd_data=xx
# [621500000] DBG rx_done=0 count=0 wr_ptr=0 rd_ptr=0 rx_empty=1 rd_en=0 rd_data=xx
# [622500000] DBG rx_done=0 count=0 wr_ptr=0 rd_ptr=0 rx_empty=1 rd_en=0 rd_data=xx
# [623500000] DBG rx_done=0 count=0 wr_ptr=0 rd_ptr=0 rx_empty=1 rd_en=0 rd_data=xx
# [624500000] DBG rx_done=0 count=0 wr_ptr=0 rd_ptr=0 rx_empty=1 rd_en=0 rd_data=xx
# [625500000] DBG rx_done=0 count=0 wr_ptr=0 rd_ptr=0 rx_empty=1 rd_en=0 rd_data=xx
# [626500000] DBG rx_done=0 count=0 wr_ptr=0 rd_ptr=0 rx_empty=1 rd_en=0 rd_data=xx
# [627500000] DBG rx_done=0 count=0 wr_ptr=0 rd_ptr=0 rx_empty=1 rd_en=0 rd_data=xx
# [628500000] DBG rx_done=0 count=0 wr_ptr=0 rd_ptr=0 rx_empty=1 rd_en=0 rd_data=xx
# [629500000] DBG rx_done=0 count=0 wr_ptr=0 rd_ptr=0 rx_empty=1 rd_en=0 rd_data=xx
# [630500000] DBG rx_done=0 count=0 wr_ptr=0 rd_ptr=0 rx_empty=1 rd_en=0 rd_data=xx
# [631500000] DBG rx_done=0 count=0 wr_ptr=0 rd_ptr=0 rx_empty=1 rd_en=0 rd_data=xx
# [632500000] DBG rx_done=0 count=0 wr_ptr=0 rd_ptr=0 rx_empty=1 rd_en=0 rd_data=xx
# [633500000] DBG rx_done=0 count=0 wr_ptr=0 rd_ptr=0 rx_empty=1 rd_en=0 rd_data=xx
# [634500000] DBG rx_done=0 count=0 wr_ptr=0 rd_ptr=0 rx_empty=1 rd_en=0 rd_data=xx
# [635500000] DBG rx_done=0 count=0 wr_ptr=0 rd_ptr=0 rx_empty=1 rd_en=0 rd_data=xx
# [636500000] DBG rx_done=0 count=0 wr_ptr=0 rd_ptr=0 rx_empty=1 rd_en=0 rd_data=xx
# [637500000] DBG rx_done=0 count=0 wr_ptr=0 rd_ptr=0 rx_empty=1 rd_en=0 rd_data=xx
# [638500000] DBG rx_done=0 count=0 wr_ptr=0 rd_ptr=0 rx_empty=1 rd_en=0 rd_data=xx
# [639500000] DBG rx_done=0 count=0 wr_ptr=0 rd_ptr=0 rx_empty=1 rd_en=0 rd_data=xx
# [640500000] DBG rx_done=0 count=0 wr_ptr=0 rd_ptr=0 rx_empty=1 rd_en=0 rd_data=xx
# [641500000] DBG rx_done=0 count=0 wr_ptr=0 rd_ptr=0 rx_empty=1 rd_en=0 rd_data=xx
# [642500000] DBG rx_done=0 count=0 wr_ptr=0 rd_ptr=0 rx_empty=1 rd_en=0 rd_data=xx
# [643500000] DBG rx_done=0 count=0 wr_ptr=0 rd_ptr=0 rx_empty=1 rd_en=0 rd_data=xx
# [644500000] DBG rx_done=0 count=0 wr_ptr=0 rd_ptr=0 rx_empty=1 rd_en=0 rd_data=xx
# [645500000] DBG rx_done=0 count=0 wr_ptr=0 rd_ptr=0 rx_empty=1 rd_en=0 rd_data=xx
# [646500000] DBG rx_done=0 count=0 wr_ptr=0 rd_ptr=0 rx_empty=1 rd_en=0 rd_data=xx
# [647500000] DBG rx_done=0 count=0 wr_ptr=0 rd_ptr=0 rx_empty=1 rd_en=0 rd_data=xx
# [648500000] DBG rx_done=0 count=0 wr_ptr=0 rd_ptr=0 rx_empty=1 rd_en=0 rd_data=xx
# [649500000] DBG rx_done=0 count=0 wr_ptr=0 rd_ptr=0 rx_empty=1 rd_en=0 rd_data=xx
# [650500000] DBG rx_done=0 count=0 wr_ptr=0 rd_ptr=0 rx_empty=1 rd_en=0 rd_data=xx
# [651500000] DBG rx_done=0 count=0 wr_ptr=0 rd_ptr=0 rx_empty=1 rd_en=0 rd_data=xx
# [652500000] DBG rx_done=0 count=0 wr_ptr=0 rd_ptr=0 rx_empty=1 rd_en=0 rd_data=xx
# [653500000] DBG rx_done=0 count=0 wr_ptr=0 rd_ptr=0 rx_empty=1 rd_en=0 rd_data=xx
# [654500000] DBG rx_done=0 count=0 wr_ptr=0 rd_ptr=0 rx_empty=1 rd_en=0 rd_data=xx
# [655500000] DBG rx_done=0 count=0 wr_ptr=0 rd_ptr=0 rx_empty=1 rd_en=0 rd_data=xx
# [656500000] DBG rx_done=0 count=0 wr_ptr=0 rd_ptr=0 rx_empty=1 rd_en=0 rd_data=xx
# [657500000] DBG rx_done=0 count=0 wr_ptr=0 rd_ptr=0 rx_empty=1 rd_en=0 rd_data=xx
# [658500000] DBG rx_done=0 count=0 wr_ptr=0 rd_ptr=0 rx_empty=1 rd_en=0 rd_data=xx
# [659500000] DBG rx_done=0 count=0 wr_ptr=0 rd_ptr=0 rx_empty=1 rd_en=0 rd_data=xx
# [660500000] DBG rx_done=0 count=0 wr_ptr=0 rd_ptr=0 rx_empty=1 rd_en=0 rd_data=xx
# [661500000] DBG rx_done=0 count=0 wr_ptr=0 rd_ptr=0 rx_empty=1 rd_en=0 rd_data=xx
# [662500000] DBG rx_done=0 count=0 wr_ptr=0 rd_ptr=0 rx_empty=1 rd_en=0 rd_data=xx
# [663500000] DBG rx_done=0 count=0 wr_ptr=0 rd_ptr=0 rx_empty=1 rd_en=0 rd_data=xx
# [664500000] DBG rx_done=0 count=0 wr_ptr=0 rd_ptr=0 rx_empty=1 rd_en=0 rd_data=xx
# [665500000] DBG rx_done=0 count=0 wr_ptr=0 rd_ptr=0 rx_empty=1 rd_en=0 rd_data=xx
# [666500000] DBG rx_done=0 count=0 wr_ptr=0 rd_ptr=0 rx_empty=1 rd_en=0 rd_data=xx
# [667500000] DBG rx_done=0 count=0 wr_ptr=0 rd_ptr=0 rx_empty=1 rd_en=0 rd_data=xx
# [668500000] DBG rx_done=0 count=0 wr_ptr=0 rd_ptr=0 rx_empty=1 rd_en=0 rd_data=xx
# [669500000] DBG rx_done=0 count=0 wr_ptr=0 rd_ptr=0 rx_empty=1 rd_en=0 rd_data=xx
# [670500000] DBG rx_done=0 count=0 wr_ptr=0 rd_ptr=0 rx_empty=1 rd_en=0 rd_data=xx
# [671500000] DBG rx_done=0 count=0 wr_ptr=0 rd_ptr=0 rx_empty=1 rd_en=0 rd_data=xx
# [672500000] DBG rx_done=0 count=0 wr_ptr=0 rd_ptr=0 rx_empty=1 rd_en=0 rd_data=xx
# [673500000] DBG rx_done=0 count=0 wr_ptr=0 rd_ptr=0 rx_empty=1 rd_en=0 rd_data=xx
# [674500000] DBG rx_done=0 count=0 wr_ptr=0 rd_ptr=0 rx_empty=1 rd_en=0 rd_data=xx
# [675500000] DBG rx_done=0 count=0 wr_ptr=0 rd_ptr=0 rx_empty=1 rd_en=0 rd_data=xx
# [676500000] DBG rx_done=0 count=0 wr_ptr=0 rd_ptr=0 rx_empty=1 rd_en=0 rd_data=xx
# [677500000] DBG rx_done=0 count=0 wr_ptr=0 rd_ptr=0 rx_empty=1 rd_en=0 rd_data=xx
# [678500000] DBG rx_done=0 count=0 wr_ptr=0 rd_ptr=0 rx_empty=1 rd_en=0 rd_data=xx
# [679500000] DBG rx_done=0 count=0 wr_ptr=0 rd_ptr=0 rx_empty=1 rd_en=0 rd_data=xx
# [680500000] DBG rx_done=0 count=0 wr_ptr=0 rd_ptr=0 rx_empty=1 rd_en=0 rd_data=xx
# [681500000] DBG rx_done=0 count=0 wr_ptr=0 rd_ptr=0 rx_empty=1 rd_en=0 rd_data=xx
# [682500000] DBG rx_done=0 count=0 wr_ptr=0 rd_ptr=0 rx_empty=1 rd_en=0 rd_data=xx
# [683500000] DBG rx_done=0 count=0 wr_ptr=0 rd_ptr=0 rx_empty=1 rd_en=0 rd_data=xx
# [684500000] DBG rx_done=0 count=0 wr_ptr=0 rd_ptr=0 rx_empty=1 rd_en=0 rd_data=xx
# [685500000] DBG rx_done=0 count=0 wr_ptr=0 rd_ptr=0 rx_empty=1 rd_en=0 rd_data=xx
# [686500000] DBG rx_done=0 count=0 wr_ptr=0 rd_ptr=0 rx_empty=1 rd_en=0 rd_data=xx
# [687500000] DBG rx_done=0 count=0 wr_ptr=0 rd_ptr=0 rx_empty=1 rd_en=0 rd_data=xx
# [688500000] DBG rx_done=0 count=0 wr_ptr=0 rd_ptr=0 rx_empty=1 rd_en=0 rd_data=xx
# [689500000] DBG rx_done=0 count=0 wr_ptr=0 rd_ptr=0 rx_empty=1 rd_en=0 rd_data=xx
# [690500000] DBG rx_done=0 count=0 wr_ptr=0 rd_ptr=0 rx_empty=1 rd_en=0 rd_data=xx
# [691500000] DBG rx_done=0 count=0 wr_ptr=0 rd_ptr=0 rx_empty=1 rd_en=0 rd_data=xx
# [692500000] DBG rx_done=0 count=0 wr_ptr=0 rd_ptr=0 rx_empty=1 rd_en=0 rd_data=xx
# [693500000] DBG rx_done=0 count=0 wr_ptr=0 rd_ptr=0 rx_empty=1 rd_en=0 rd_data=xx
# [694500000] DBG rx_done=0 count=0 wr_ptr=0 rd_ptr=0 rx_empty=1 rd_en=0 rd_data=xx
# [695500000] DBG rx_done=0 count=0 wr_ptr=0 rd_ptr=0 rx_empty=1 rd_en=0 rd_data=xx
# [696500000] DBG rx_done=0 count=0 wr_ptr=0 rd_ptr=0 rx_empty=1 rd_en=0 rd_data=xx
# [697500000] DBG rx_done=0 count=0 wr_ptr=0 rd_ptr=0 rx_empty=1 rd_en=0 rd_data=xx
# [698500000] DBG rx_done=0 count=0 wr_ptr=0 rd_ptr=0 rx_empty=1 rd_en=0 rd_data=xx
# [699500000] DBG rx_done=0 count=0 wr_ptr=0 rd_ptr=0 rx_empty=1 rd_en=0 rd_data=xx
# [700500000] DBG rx_done=0 count=0 wr_ptr=0 rd_ptr=0 rx_empty=1 rd_en=0 rd_data=xx
# [701500000] DBG rx_done=0 count=0 wr_ptr=0 rd_ptr=0 rx_empty=1 rd_en=0 rd_data=xx
# [702500000] DBG rx_done=0 count=0 wr_ptr=0 rd_ptr=0 rx_empty=1 rd_en=0 rd_data=xx
# [703500000] DBG rx_done=0 count=0 wr_ptr=0 rd_ptr=0 rx_empty=1 rd_en=0 rd_data=xx
# [704500000] DBG rx_done=0 count=0 wr_ptr=0 rd_ptr=0 rx_empty=1 rd_en=0 rd_data=xx
# [705500000] DBG rx_done=0 count=0 wr_ptr=0 rd_ptr=0 rx_empty=1 rd_en=0 rd_data=xx
# [706500000] DBG rx_done=0 count=0 wr_ptr=0 rd_ptr=0 rx_empty=1 rd_en=0 rd_data=xx
# [707500000] DBG rx_done=0 count=0 wr_ptr=0 rd_ptr=0 rx_empty=1 rd_en=0 rd_data=xx
# [708500000] DBG rx_done=0 count=0 wr_ptr=0 rd_ptr=0 rx_empty=1 rd_en=0 rd_data=xx
# [709500000] DBG rx_done=0 count=0 wr_ptr=0 rd_ptr=0 rx_empty=1 rd_en=0 rd_data=xx
# [710500000] DBG rx_done=0 count=0 wr_ptr=0 rd_ptr=0 rx_empty=1 rd_en=0 rd_data=xx
# [711500000] DBG rx_done=0 count=0 wr_ptr=0 rd_ptr=0 rx_empty=1 rd_en=0 rd_data=xx
# [712500000] DBG rx_done=0 count=0 wr_ptr=0 rd_ptr=0 rx_empty=1 rd_en=0 rd_data=xx
# [713500000] DBG rx_done=0 count=0 wr_ptr=0 rd_ptr=0 rx_empty=1 rd_en=0 rd_data=xx
# [714500000] DBG rx_done=0 count=0 wr_ptr=0 rd_ptr=0 rx_empty=1 rd_en=0 rd_data=xx
# [715500000] DBG rx_done=0 count=0 wr_ptr=0 rd_ptr=0 rx_empty=1 rd_en=0 rd_data=xx
# [716500000] DBG rx_done=0 count=0 wr_ptr=0 rd_ptr=0 rx_empty=1 rd_en=0 rd_data=xx
# [717500000] DBG rx_done=0 count=0 wr_ptr=0 rd_ptr=0 rx_empty=1 rd_en=0 rd_data=xx
# [718500000] DBG rx_done=0 count=0 wr_ptr=0 rd_ptr=0 rx_empty=1 rd_en=0 rd_data=xx
# [719500000] DBG rx_done=0 count=0 wr_ptr=0 rd_ptr=0 rx_empty=1 rd_en=0 rd_data=xx
# [720500000] DBG rx_done=0 count=0 wr_ptr=0 rd_ptr=0 rx_empty=1 rd_en=0 rd_data=xx
# [721500000] DBG rx_done=0 count=0 wr_ptr=0 rd_ptr=0 rx_empty=1 rd_en=0 rd_data=xx
# [722500000] DBG rx_done=0 count=0 wr_ptr=0 rd_ptr=0 rx_empty=1 rd_en=0 rd_data=xx
# [723500000] DBG rx_done=0 count=0 wr_ptr=0 rd_ptr=0 rx_empty=1 rd_en=0 rd_data=xx
# [724500000] DBG rx_done=0 count=0 wr_ptr=0 rd_ptr=0 rx_empty=1 rd_en=0 rd_data=xx
# [725500000] DBG rx_done=0 count=0 wr_ptr=0 rd_ptr=0 rx_empty=1 rd_en=0 rd_data=xx
# [726500000] DBG rx_done=0 count=0 wr_ptr=0 rd_ptr=0 rx_empty=1 rd_en=0 rd_data=xx
# [727500000] DBG rx_done=0 count=0 wr_ptr=0 rd_ptr=0 rx_empty=1 rd_en=0 rd_data=xx
# [728500000] DBG rx_done=0 count=0 wr_ptr=0 rd_ptr=0 rx_empty=1 rd_en=0 rd_data=xx
# [729500000] DBG rx_done=0 count=0 wr_ptr=0 rd_ptr=0 rx_empty=1 rd_en=0 rd_data=xx
# [730500000] DBG rx_done=0 count=0 wr_ptr=0 rd_ptr=0 rx_empty=1 rd_en=0 rd_data=xx
# [731500000] DBG rx_done=0 count=0 wr_ptr=0 rd_ptr=0 rx_empty=1 rd_en=0 rd_data=xx
# [732500000] DBG rx_done=0 count=0 wr_ptr=0 rd_ptr=0 rx_empty=1 rd_en=0 rd_data=xx
# [733500000] DBG rx_done=0 count=0 wr_ptr=0 rd_ptr=0 rx_empty=1 rd_en=0 rd_data=xx
# [734500000] DBG rx_done=0 count=0 wr_ptr=0 rd_ptr=0 rx_empty=1 rd_en=0 rd_data=xx
# [735500000] DBG rx_done=0 count=0 wr_ptr=0 rd_ptr=0 rx_empty=1 rd_en=0 rd_data=xx
# [736500000] DBG rx_done=0 count=0 wr_ptr=0 rd_ptr=0 rx_empty=1 rd_en=0 rd_data=xx
# [737500000] DBG rx_done=0 count=0 wr_ptr=0 rd_ptr=0 rx_empty=1 rd_en=0 rd_data=xx
# [738500000] DBG rx_done=0 count=0 wr_ptr=0 rd_ptr=0 rx_empty=1 rd_en=0 rd_data=xx
# [739500000] DBG rx_done=0 count=0 wr_ptr=0 rd_ptr=0 rx_empty=1 rd_en=0 rd_data=xx
# [740500000] DBG rx_done=0 count=0 wr_ptr=0 rd_ptr=0 rx_empty=1 rd_en=0 rd_data=xx
# [741500000] DBG rx_done=0 count=0 wr_ptr=0 rd_ptr=0 rx_empty=1 rd_en=0 rd_data=xx
# [742500000] DBG rx_done=0 count=0 wr_ptr=0 rd_ptr=0 rx_empty=1 rd_en=0 rd_data=xx
# [743500000] DBG rx_done=0 count=0 wr_ptr=0 rd_ptr=0 rx_empty=1 rd_en=0 rd_data=xx
# [744500000] DBG rx_done=0 count=0 wr_ptr=0 rd_ptr=0 rx_empty=1 rd_en=0 rd_data=xx
# [745500000] DBG rx_done=0 count=0 wr_ptr=0 rd_ptr=0 rx_empty=1 rd_en=0 rd_data=xx
# [746500000] DBG rx_done=0 count=0 wr_ptr=0 rd_ptr=0 rx_empty=1 rd_en=0 rd_data=xx
# [747500000] DBG rx_done=0 count=0 wr_ptr=0 rd_ptr=0 rx_empty=1 rd_en=0 rd_data=xx
# [748500000] DBG rx_done=0 count=0 wr_ptr=0 rd_ptr=0 rx_empty=1 rd_en=0 rd_data=xx
# [749500000] DBG rx_done=0 count=0 wr_ptr=0 rd_ptr=0 rx_empty=1 rd_en=0 rd_data=xx
# [750500000] DBG rx_done=0 count=0 wr_ptr=0 rd_ptr=0 rx_empty=1 rd_en=0 rd_data=xx
# [751500000] DBG rx_done=0 count=0 wr_ptr=0 rd_ptr=0 rx_empty=1 rd_en=0 rd_data=xx
# [752500000] DBG rx_done=0 count=0 wr_ptr=0 rd_ptr=0 rx_empty=1 rd_en=0 rd_data=xx
# [753500000] DBG rx_done=0 count=0 wr_ptr=0 rd_ptr=0 rx_empty=1 rd_en=0 rd_data=xx
# [754500000] DBG rx_done=0 count=0 wr_ptr=0 rd_ptr=0 rx_empty=1 rd_en=0 rd_data=xx
# [755500000] DBG rx_done=0 count=0 wr_ptr=0 rd_ptr=0 rx_empty=1 rd_en=0 rd_data=xx
# [756500000] DBG rx_done=0 count=0 wr_ptr=0 rd_ptr=0 rx_empty=1 rd_en=0 rd_data=xx
# [757500000] DBG rx_done=0 count=0 wr_ptr=0 rd_ptr=0 rx_empty=1 rd_en=0 rd_data=xx
# [758500000] DBG rx_done=0 count=0 wr_ptr=0 rd_ptr=0 rx_empty=1 rd_en=0 rd_data=xx
# [759500000] DBG rx_done=0 count=0 wr_ptr=0 rd_ptr=0 rx_empty=1 rd_en=0 rd_data=xx
# [760500000] DBG rx_done=0 count=0 wr_ptr=0 rd_ptr=0 rx_empty=1 rd_en=0 rd_data=xx
# [761500000] DBG rx_done=0 count=0 wr_ptr=0 rd_ptr=0 rx_empty=1 rd_en=0 rd_data=xx
# [762500000] DBG rx_done=0 count=0 wr_ptr=0 rd_ptr=0 rx_empty=1 rd_en=0 rd_data=xx
# [763500000] DBG rx_done=0 count=0 wr_ptr=0 rd_ptr=0 rx_empty=1 rd_en=0 rd_data=xx
# [764500000] DBG rx_done=0 count=0 wr_ptr=0 rd_ptr=0 rx_empty=1 rd_en=0 rd_data=xx
# [765500000] DBG rx_done=0 count=0 wr_ptr=0 rd_ptr=0 rx_empty=1 rd_en=0 rd_data=xx
# [766500000] DBG rx_done=0 count=0 wr_ptr=0 rd_ptr=0 rx_empty=1 rd_en=0 rd_data=xx
# [767500000] DBG rx_done=0 count=0 wr_ptr=0 rd_ptr=0 rx_empty=1 rd_en=0 rd_data=xx
# [768500000] DBG rx_done=0 count=0 wr_ptr=0 rd_ptr=0 rx_empty=1 rd_en=0 rd_data=xx
# [769500000] DBG rx_done=0 count=0 wr_ptr=0 rd_ptr=0 rx_empty=1 rd_en=0 rd_data=xx
# [770500000] DBG rx_done=0 count=0 wr_ptr=0 rd_ptr=0 rx_empty=1 rd_en=0 rd_data=xx
# [771500000] DBG rx_done=0 count=0 wr_ptr=0 rd_ptr=0 rx_empty=1 rd_en=0 rd_data=xx
# [772500000] DBG rx_done=0 count=0 wr_ptr=0 rd_ptr=0 rx_empty=1 rd_en=0 rd_data=xx
# [773500000] DBG rx_done=0 count=0 wr_ptr=0 rd_ptr=0 rx_empty=1 rd_en=0 rd_data=xx
# [774500000] DBG rx_done=0 count=0 wr_ptr=0 rd_ptr=0 rx_empty=1 rd_en=0 rd_data=xx
# [775500000] DBG rx_done=0 count=0 wr_ptr=0 rd_ptr=0 rx_empty=1 rd_en=0 rd_data=xx
# [776500000] DBG rx_done=0 count=0 wr_ptr=0 rd_ptr=0 rx_empty=1 rd_en=0 rd_data=xx
# [777500000] DBG rx_done=0 count=0 wr_ptr=0 rd_ptr=0 rx_empty=1 rd_en=0 rd_data=xx
# [778500000] DBG rx_done=0 count=0 wr_ptr=0 rd_ptr=0 rx_empty=1 rd_en=0 rd_data=xx
# [779500000] DBG rx_done=0 count=0 wr_ptr=0 rd_ptr=0 rx_empty=1 rd_en=0 rd_data=xx
# [780500000] DBG rx_done=0 count=0 wr_ptr=0 rd_ptr=0 rx_empty=1 rd_en=0 rd_data=xx
# [781500000] DBG rx_done=0 count=0 wr_ptr=0 rd_ptr=0 rx_empty=1 rd_en=0 rd_data=xx
# [782500000] DBG rx_done=0 count=0 wr_ptr=0 rd_ptr=0 rx_empty=1 rd_en=0 rd_data=xx
# [783500000] DBG rx_done=0 count=0 wr_ptr=0 rd_ptr=0 rx_empty=1 rd_en=0 rd_data=xx
# [784500000] DBG rx_done=0 count=0 wr_ptr=0 rd_ptr=0 rx_empty=1 rd_en=0 rd_data=xx
# [785500000] DBG rx_done=0 count=0 wr_ptr=0 rd_ptr=0 rx_empty=1 rd_en=0 rd_data=xx
# [786500000] DBG rx_done=0 count=0 wr_ptr=0 rd_ptr=0 rx_empty=1 rd_en=0 rd_data=xx
# [787500000] DBG rx_done=0 count=0 wr_ptr=0 rd_ptr=0 rx_empty=1 rd_en=0 rd_data=xx
# [788500000] DBG rx_done=0 count=0 wr_ptr=0 rd_ptr=0 rx_empty=1 rd_en=0 rd_data=xx
# [789500000] DBG rx_done=0 count=0 wr_ptr=0 rd_ptr=0 rx_empty=1 rd_en=0 rd_data=xx
# [790500000] DBG rx_done=0 count=0 wr_ptr=0 rd_ptr=0 rx_empty=1 rd_en=0 rd_data=xx
# [791500000] DBG rx_done=0 count=0 wr_ptr=0 rd_ptr=0 rx_empty=1 rd_en=0 rd_data=xx
# [792500000] DBG rx_done=0 count=0 wr_ptr=0 rd_ptr=0 rx_empty=1 rd_en=0 rd_data=xx
# [793500000] DBG rx_done=0 count=0 wr_ptr=0 rd_ptr=0 rx_empty=1 rd_en=0 rd_data=xx
# [794500000] DBG rx_done=0 count=0 wr_ptr=0 rd_ptr=0 rx_empty=1 rd_en=0 rd_data=xx
# [795500000] DBG rx_done=0 count=0 wr_ptr=0 rd_ptr=0 rx_empty=1 rd_en=0 rd_data=xx
# [796500000] DBG rx_done=0 count=0 wr_ptr=0 rd_ptr=0 rx_empty=1 rd_en=0 rd_data=xx
# [797500000] DBG rx_done=0 count=0 wr_ptr=0 rd_ptr=0 rx_empty=1 rd_en=0 rd_data=xx
# [798500000] DBG rx_done=0 count=0 wr_ptr=0 rd_ptr=0 rx_empty=1 rd_en=0 rd_data=xx
# [799500000] DBG rx_done=0 count=0 wr_ptr=0 rd_ptr=0 rx_empty=1 rd_en=0 rd_data=xx
# [800500000] DBG rx_done=0 count=0 wr_ptr=0 rd_ptr=0 rx_empty=1 rd_en=0 rd_data=xx
# [801500000] DBG rx_done=0 count=0 wr_ptr=0 rd_ptr=0 rx_empty=1 rd_en=0 rd_data=xx
# [802500000] DBG rx_done=0 count=0 wr_ptr=0 rd_ptr=0 rx_empty=1 rd_en=0 rd_data=xx
# [803500000] DBG rx_done=0 count=0 wr_ptr=0 rd_ptr=0 rx_empty=1 rd_en=0 rd_data=xx
# [804500000] DBG rx_done=0 count=0 wr_ptr=0 rd_ptr=0 rx_empty=1 rd_en=0 rd_data=xx
# [805500000] DBG rx_done=0 count=0 wr_ptr=0 rd_ptr=0 rx_empty=1 rd_en=0 rd_data=xx
# [806500000] DBG rx_done=0 count=0 wr_ptr=0 rd_ptr=0 rx_empty=1 rd_en=0 rd_data=xx
# [807500000] DBG rx_done=0 count=0 wr_ptr=0 rd_ptr=0 rx_empty=1 rd_en=0 rd_data=xx
# [808500000] DBG rx_done=0 count=0 wr_ptr=0 rd_ptr=0 rx_empty=1 rd_en=0 rd_data=xx
# [809500000] DBG rx_done=0 count=0 wr_ptr=0 rd_ptr=0 rx_empty=1 rd_en=0 rd_data=xx
# [810500000] DBG rx_done=0 count=0 wr_ptr=0 rd_ptr=0 rx_empty=1 rd_en=0 rd_data=xx
# [811500000] DBG rx_done=0 count=0 wr_ptr=0 rd_ptr=0 rx_empty=1 rd_en=0 rd_data=xx
# [812500000] DBG rx_done=0 count=0 wr_ptr=0 rd_ptr=0 rx_empty=1 rd_en=0 rd_data=xx
# [813500000] DBG rx_done=0 count=0 wr_ptr=0 rd_ptr=0 rx_empty=1 rd_en=0 rd_data=xx
# [814500000] DBG rx_done=0 count=0 wr_ptr=0 rd_ptr=0 rx_empty=1 rd_en=0 rd_data=xx
# [815500000] DBG rx_done=0 count=0 wr_ptr=0 rd_ptr=0 rx_empty=1 rd_en=0 rd_data=xx
# [816500000] DBG rx_done=0 count=0 wr_ptr=0 rd_ptr=0 rx_empty=1 rd_en=0 rd_data=xx
# [817500000] DBG rx_done=0 count=0 wr_ptr=0 rd_ptr=0 rx_empty=1 rd_en=0 rd_data=xx
# [818500000] DBG rx_done=0 count=0 wr_ptr=0 rd_ptr=0 rx_empty=1 rd_en=0 rd_data=xx
# [819500000] DBG rx_done=0 count=0 wr_ptr=0 rd_ptr=0 rx_empty=1 rd_en=0 rd_data=xx
# [820500000] DBG rx_done=0 count=0 wr_ptr=0 rd_ptr=0 rx_empty=1 rd_en=0 rd_data=xx
# [821500000] DBG rx_done=0 count=0 wr_ptr=0 rd_ptr=0 rx_empty=1 rd_en=0 rd_data=xx
# [822500000] DBG rx_done=0 count=0 wr_ptr=0 rd_ptr=0 rx_empty=1 rd_en=0 rd_data=xx
# [823500000] DBG rx_done=0 count=0 wr_ptr=0 rd_ptr=0 rx_empty=1 rd_en=0 rd_data=xx
# [824500000] DBG rx_done=0 count=0 wr_ptr=0 rd_ptr=0 rx_empty=1 rd_en=0 rd_data=xx
# [825500000] DBG rx_done=0 count=0 wr_ptr=0 rd_ptr=0 rx_empty=1 rd_en=0 rd_data=xx
# [826500000] DBG rx_done=0 count=0 wr_ptr=0 rd_ptr=0 rx_empty=1 rd_en=0 rd_data=xx
# [827500000] DBG rx_done=0 count=0 wr_ptr=0 rd_ptr=0 rx_empty=1 rd_en=0 rd_data=xx
# [828500000] DBG rx_done=0 count=0 wr_ptr=0 rd_ptr=0 rx_empty=1 rd_en=0 rd_data=xx
# [829500000] DBG rx_done=0 count=0 wr_ptr=0 rd_ptr=0 rx_empty=1 rd_en=0 rd_data=xx
# [830500000] DBG rx_done=0 count=0 wr_ptr=0 rd_ptr=0 rx_empty=1 rd_en=0 rd_data=xx
# [831500000] DBG rx_done=0 count=0 wr_ptr=0 rd_ptr=0 rx_empty=1 rd_en=0 rd_data=xx
# [832500000] DBG rx_done=0 count=0 wr_ptr=0 rd_ptr=0 rx_empty=1 rd_en=0 rd_data=xx
# [833500000] DBG rx_done=0 count=0 wr_ptr=0 rd_ptr=0 rx_empty=1 rd_en=0 rd_data=xx
# [834500000] DBG rx_done=0 count=0 wr_ptr=0 rd_ptr=0 rx_empty=1 rd_en=0 rd_data=xx
# [835500000] DBG rx_done=0 count=0 wr_ptr=0 rd_ptr=0 rx_empty=1 rd_en=0 rd_data=xx
# [836500000] DBG rx_done=0 count=0 wr_ptr=0 rd_ptr=0 rx_empty=1 rd_en=0 rd_data=xx
# [837500000] DBG rx_done=0 count=0 wr_ptr=0 rd_ptr=0 rx_empty=1 rd_en=0 rd_data=xx
# [838500000] DBG rx_done=0 count=0 wr_ptr=0 rd_ptr=0 rx_empty=1 rd_en=0 rd_data=xx
# [839500000] DBG rx_done=0 count=0 wr_ptr=0 rd_ptr=0 rx_empty=1 rd_en=0 rd_data=xx
# [840500000] DBG rx_done=0 count=0 wr_ptr=0 rd_ptr=0 rx_empty=1 rd_en=0 rd_data=xx
# [841500000] DBG rx_done=0 count=0 wr_ptr=0 rd_ptr=0 rx_empty=1 rd_en=0 rd_data=xx
# [842500000] DBG rx_done=0 count=0 wr_ptr=0 rd_ptr=0 rx_empty=1 rd_en=0 rd_data=xx
# [843500000] DBG rx_done=0 count=0 wr_ptr=0 rd_ptr=0 rx_empty=1 rd_en=0 rd_data=xx
# [844500000] DBG rx_done=0 count=0 wr_ptr=0 rd_ptr=0 rx_empty=1 rd_en=0 rd_data=xx
# [845500000] DBG rx_done=0 count=0 wr_ptr=0 rd_ptr=0 rx_empty=1 rd_en=0 rd_data=xx
# [846500000] DBG rx_done=0 count=0 wr_ptr=0 rd_ptr=0 rx_empty=1 rd_en=0 rd_data=xx
# [847500000] DBG rx_done=0 count=0 wr_ptr=0 rd_ptr=0 rx_empty=1 rd_en=0 rd_data=xx
# [848500000] DBG rx_done=0 count=0 wr_ptr=0 rd_ptr=0 rx_empty=1 rd_en=0 rd_data=xx
# [849500000] DBG rx_done=0 count=0 wr_ptr=0 rd_ptr=0 rx_empty=1 rd_en=0 rd_data=xx
# [850500000] DBG rx_done=0 count=0 wr_ptr=0 rd_ptr=0 rx_empty=1 rd_en=0 rd_data=xx
# [851500000] DBG rx_done=0 count=0 wr_ptr=0 rd_ptr=0 rx_empty=1 rd_en=0 rd_data=xx
# [852500000] DBG rx_done=0 count=0 wr_ptr=0 rd_ptr=0 rx_empty=1 rd_en=0 rd_data=xx
# [853500000] DBG rx_done=0 count=0 wr_ptr=0 rd_ptr=0 rx_empty=1 rd_en=0 rd_data=xx
# [854500000] DBG rx_done=0 count=0 wr_ptr=0 rd_ptr=0 rx_empty=1 rd_en=0 rd_data=xx
# [855500000] DBG rx_done=0 count=0 wr_ptr=0 rd_ptr=0 rx_empty=1 rd_en=0 rd_data=xx
# [856500000] DBG rx_done=0 count=0 wr_ptr=0 rd_ptr=0 rx_empty=1 rd_en=0 rd_data=xx
# [857500000] DBG rx_done=0 count=0 wr_ptr=0 rd_ptr=0 rx_empty=1 rd_en=0 rd_data=xx
# [858500000] DBG rx_done=0 count=0 wr_ptr=0 rd_ptr=0 rx_empty=1 rd_en=0 rd_data=xx
# [859500000] DBG rx_done=0 count=0 wr_ptr=0 rd_ptr=0 rx_empty=1 rd_en=0 rd_data=xx
# [860500000] DBG rx_done=0 count=0 wr_ptr=0 rd_ptr=0 rx_empty=1 rd_en=0 rd_data=xx
# [861500000] DBG rx_done=0 count=0 wr_ptr=0 rd_ptr=0 rx_empty=1 rd_en=0 rd_data=xx
# [862500000] DBG rx_done=0 count=0 wr_ptr=0 rd_ptr=0 rx_empty=1 rd_en=0 rd_data=xx
# [863500000] DBG rx_done=0 count=0 wr_ptr=0 rd_ptr=0 rx_empty=1 rd_en=0 rd_data=xx
# [864500000] DBG rx_done=0 count=0 wr_ptr=0 rd_ptr=0 rx_empty=1 rd_en=0 rd_data=xx
# [865500000] DBG rx_done=0 count=0 wr_ptr=0 rd_ptr=0 rx_empty=1 rd_en=0 rd_data=xx
# [866500000] DBG rx_done=0 count=0 wr_ptr=0 rd_ptr=0 rx_empty=1 rd_en=0 rd_data=xx
# [867500000] DBG rx_done=0 count=0 wr_ptr=0 rd_ptr=0 rx_empty=1 rd_en=0 rd_data=xx
# [868500000] DBG rx_done=0 count=0 wr_ptr=0 rd_ptr=0 rx_empty=1 rd_en=0 rd_data=xx
# [869500000] DBG rx_done=0 count=0 wr_ptr=0 rd_ptr=0 rx_empty=1 rd_en=0 rd_data=xx
# [870500000] DBG rx_done=0 count=0 wr_ptr=0 rd_ptr=0 rx_empty=1 rd_en=0 rd_data=xx
# [871500000] DBG rx_done=0 count=0 wr_ptr=0 rd_ptr=0 rx_empty=1 rd_en=0 rd_data=xx
# [872500000] DBG rx_done=0 count=0 wr_ptr=0 rd_ptr=0 rx_empty=1 rd_en=0 rd_data=xx
# [873500000] DBG rx_done=0 count=0 wr_ptr=0 rd_ptr=0 rx_empty=1 rd_en=0 rd_data=xx
# [874500000] DBG rx_done=0 count=0 wr_ptr=0 rd_ptr=0 rx_empty=1 rd_en=0 rd_data=xx
# [875500000] DBG rx_done=0 count=0 wr_ptr=0 rd_ptr=0 rx_empty=1 rd_en=0 rd_data=xx
# [876500000] DBG rx_done=0 count=0 wr_ptr=0 rd_ptr=0 rx_empty=1 rd_en=0 rd_data=xx
# [877500000] DBG rx_done=0 count=0 wr_ptr=0 rd_ptr=0 rx_empty=1 rd_en=0 rd_data=xx
# [878500000] DBG rx_done=0 count=0 wr_ptr=0 rd_ptr=0 rx_empty=1 rd_en=0 rd_data=xx
# [879500000] DBG rx_done=0 count=0 wr_ptr=0 rd_ptr=0 rx_empty=1 rd_en=0 rd_data=xx
# [880500000] DBG rx_done=0 count=0 wr_ptr=0 rd_ptr=0 rx_empty=1 rd_en=0 rd_data=xx
# [881500000] DBG rx_done=0 count=0 wr_ptr=0 rd_ptr=0 rx_empty=1 rd_en=0 rd_data=xx
# [882500000] DBG rx_done=0 count=0 wr_ptr=0 rd_ptr=0 rx_empty=1 rd_en=0 rd_data=xx
# [883500000] DBG rx_done=0 count=0 wr_ptr=0 rd_ptr=0 rx_empty=1 rd_en=0 rd_data=xx
# [884500000] DBG rx_done=0 count=0 wr_ptr=0 rd_ptr=0 rx_empty=1 rd_en=0 rd_data=xx
# [885500000] DBG rx_done=0 count=0 wr_ptr=0 rd_ptr=0 rx_empty=1 rd_en=0 rd_data=xx
# [886500000] DBG rx_done=0 count=0 wr_ptr=0 rd_ptr=0 rx_empty=1 rd_en=0 rd_data=xx
# [887500000] DBG rx_done=0 count=0 wr_ptr=0 rd_ptr=0 rx_empty=1 rd_en=0 rd_data=xx
# [888500000] DBG rx_done=0 count=0 wr_ptr=0 rd_ptr=0 rx_empty=1 rd_en=0 rd_data=xx
# [889500000] DBG rx_done=0 count=0 wr_ptr=0 rd_ptr=0 rx_empty=1 rd_en=0 rd_data=xx
# [890500000] DBG rx_done=0 count=0 wr_ptr=0 rd_ptr=0 rx_empty=1 rd_en=0 rd_data=xx
# [891500000] DBG rx_done=0 count=0 wr_ptr=0 rd_ptr=0 rx_empty=1 rd_en=0 rd_data=xx
# [892500000] DBG rx_done=0 count=0 wr_ptr=0 rd_ptr=0 rx_empty=1 rd_en=0 rd_data=xx
# [893500000] DBG rx_done=0 count=0 wr_ptr=0 rd_ptr=0 rx_empty=1 rd_en=0 rd_data=xx
# [894500000] DBG rx_done=0 count=0 wr_ptr=0 rd_ptr=0 rx_empty=1 rd_en=0 rd_data=xx
# [895500000] DBG rx_done=0 count=0 wr_ptr=0 rd_ptr=0 rx_empty=1 rd_en=0 rd_data=xx
# [896500000] DBG rx_done=0 count=0 wr_ptr=0 rd_ptr=0 rx_empty=1 rd_en=0 rd_data=xx
# [897500000] DBG rx_done=0 count=0 wr_ptr=0 rd_ptr=0 rx_empty=1 rd_en=0 rd_data=xx
# [898500000] DBG rx_done=0 count=0 wr_ptr=0 rd_ptr=0 rx_empty=1 rd_en=0 rd_data=xx
# [899500000] DBG rx_done=0 count=0 wr_ptr=0 rd_ptr=0 rx_empty=1 rd_en=0 rd_data=xx
# [900500000] DBG rx_done=0 count=0 wr_ptr=0 rd_ptr=0 rx_empty=1 rd_en=0 rd_data=xx
# [901500000] DBG rx_done=0 count=0 wr_ptr=0 rd_ptr=0 rx_empty=1 rd_en=0 rd_data=xx
# [902500000] DBG rx_done=0 count=0 wr_ptr=0 rd_ptr=0 rx_empty=1 rd_en=0 rd_data=xx
# [903500000] DBG rx_done=0 count=0 wr_ptr=0 rd_ptr=0 rx_empty=1 rd_en=0 rd_data=xx
# [904500000] DBG rx_done=0 count=0 wr_ptr=0 rd_ptr=0 rx_empty=1 rd_en=0 rd_data=xx
# [905500000] DBG rx_done=0 count=0 wr_ptr=0 rd_ptr=0 rx_empty=1 rd_en=0 rd_data=xx
# [906500000] DBG rx_done=0 count=0 wr_ptr=0 rd_ptr=0 rx_empty=1 rd_en=0 rd_data=xx
# [907500000] DBG rx_done=0 count=0 wr_ptr=0 rd_ptr=0 rx_empty=1 rd_en=0 rd_data=xx
# [908500000] DBG rx_done=0 count=0 wr_ptr=0 rd_ptr=0 rx_empty=1 rd_en=0 rd_data=xx
# [909500000] DBG rx_done=0 count=0 wr_ptr=0 rd_ptr=0 rx_empty=1 rd_en=0 rd_data=xx
# [910500000] DBG rx_done=0 count=0 wr_ptr=0 rd_ptr=0 rx_empty=1 rd_en=0 rd_data=xx
# [911500000] DBG rx_done=0 count=0 wr_ptr=0 rd_ptr=0 rx_empty=1 rd_en=0 rd_data=xx
# [912500000] DBG rx_done=0 count=0 wr_ptr=0 rd_ptr=0 rx_empty=1 rd_en=0 rd_data=xx
# [913500000] DBG rx_done=0 count=0 wr_ptr=0 rd_ptr=0 rx_empty=1 rd_en=0 rd_data=xx
# [914500000] DBG rx_done=0 count=0 wr_ptr=0 rd_ptr=0 rx_empty=1 rd_en=0 rd_data=xx
# [915500000] DBG rx_done=0 count=0 wr_ptr=0 rd_ptr=0 rx_empty=1 rd_en=0 rd_data=xx
# [916500000] DBG rx_done=0 count=0 wr_ptr=0 rd_ptr=0 rx_empty=1 rd_en=0 rd_data=xx
# [917500000] DBG rx_done=0 count=0 wr_ptr=0 rd_ptr=0 rx_empty=1 rd_en=0 rd_data=xx
# [918500000] DBG rx_done=0 count=0 wr_ptr=0 rd_ptr=0 rx_empty=1 rd_en=0 rd_data=xx
# [919500000] DBG rx_done=0 count=0 wr_ptr=0 rd_ptr=0 rx_empty=1 rd_en=0 rd_data=xx
# [920500000] DBG rx_done=0 count=0 wr_ptr=0 rd_ptr=0 rx_empty=1 rd_en=0 rd_data=xx
# [921500000] DBG rx_done=0 count=0 wr_ptr=0 rd_ptr=0 rx_empty=1 rd_en=0 rd_data=xx
# [922500000] DBG rx_done=0 count=0 wr_ptr=0 rd_ptr=0 rx_empty=1 rd_en=0 rd_data=xx
# [923500000] DBG rx_done=0 count=0 wr_ptr=0 rd_ptr=0 rx_empty=1 rd_en=0 rd_data=xx
# [924500000] DBG rx_done=0 count=0 wr_ptr=0 rd_ptr=0 rx_empty=1 rd_en=0 rd_data=xx
# [925500000] DBG rx_done=0 count=0 wr_ptr=0 rd_ptr=0 rx_empty=1 rd_en=0 rd_data=xx
# [926500000] DBG rx_done=0 count=0 wr_ptr=0 rd_ptr=0 rx_empty=1 rd_en=0 rd_data=xx
# [927500000] DBG rx_done=0 count=0 wr_ptr=0 rd_ptr=0 rx_empty=1 rd_en=0 rd_data=xx
# [928500000] DBG rx_done=0 count=0 wr_ptr=0 rd_ptr=0 rx_empty=1 rd_en=0 rd_data=xx
# [929500000] DBG rx_done=0 count=0 wr_ptr=0 rd_ptr=0 rx_empty=1 rd_en=0 rd_data=xx
# [930500000] DBG rx_done=0 count=0 wr_ptr=0 rd_ptr=0 rx_empty=1 rd_en=0 rd_data=xx
# [931500000] DBG rx_done=0 count=0 wr_ptr=0 rd_ptr=0 rx_empty=1 rd_en=0 rd_data=xx
# [932500000] DBG rx_done=0 count=0 wr_ptr=0 rd_ptr=0 rx_empty=1 rd_en=0 rd_data=xx
# [933500000] DBG rx_done=0 count=0 wr_ptr=0 rd_ptr=0 rx_empty=1 rd_en=0 rd_data=xx
# [934500000] DBG rx_done=0 count=0 wr_ptr=0 rd_ptr=0 rx_empty=1 rd_en=0 rd_data=xx
# [935500000] DBG rx_done=0 count=0 wr_ptr=0 rd_ptr=0 rx_empty=1 rd_en=0 rd_data=xx
# [936500000] DBG rx_done=0 count=0 wr_ptr=0 rd_ptr=0 rx_empty=1 rd_en=0 rd_data=xx
# [937500000] DBG rx_done=0 count=0 wr_ptr=0 rd_ptr=0 rx_empty=1 rd_en=0 rd_data=xx
# [938500000] DBG rx_done=0 count=0 wr_ptr=0 rd_ptr=0 rx_empty=1 rd_en=0 rd_data=xx
# [939500000] DBG rx_done=0 count=0 wr_ptr=0 rd_ptr=0 rx_empty=1 rd_en=0 rd_data=xx
# [940500000] DBG rx_done=0 count=0 wr_ptr=0 rd_ptr=0 rx_empty=1 rd_en=0 rd_data=xx
# [941500000] DBG rx_done=0 count=0 wr_ptr=0 rd_ptr=0 rx_empty=1 rd_en=0 rd_data=xx
# [942500000] DBG rx_done=0 count=0 wr_ptr=0 rd_ptr=0 rx_empty=1 rd_en=0 rd_data=xx
# [943500000] DBG rx_done=0 count=0 wr_ptr=0 rd_ptr=0 rx_empty=1 rd_en=0 rd_data=xx
# [944500000] DBG rx_done=0 count=0 wr_ptr=0 rd_ptr=0 rx_empty=1 rd_en=0 rd_data=xx
# [945500000] DBG rx_done=0 count=0 wr_ptr=0 rd_ptr=0 rx_empty=1 rd_en=0 rd_data=xx
# [946500000] DBG rx_done=0 count=0 wr_ptr=0 rd_ptr=0 rx_empty=1 rd_en=0 rd_data=xx
# [947500000] DBG rx_done=0 count=0 wr_ptr=0 rd_ptr=0 rx_empty=1 rd_en=0 rd_data=xx
# [948500000] DBG rx_done=0 count=0 wr_ptr=0 rd_ptr=0 rx_empty=1 rd_en=0 rd_data=xx
# [949500000] DBG rx_done=0 count=0 wr_ptr=0 rd_ptr=0 rx_empty=1 rd_en=0 rd_data=xx
# [950500000] DBG rx_done=0 count=0 wr_ptr=0 rd_ptr=0 rx_empty=1 rd_en=0 rd_data=xx
# [951500000] DBG rx_done=0 count=0 wr_ptr=0 rd_ptr=0 rx_empty=1 rd_en=0 rd_data=xx
# [952500000] DBG rx_done=0 count=0 wr_ptr=0 rd_ptr=0 rx_empty=1 rd_en=0 rd_data=xx
# [953500000] DBG rx_done=0 count=0 wr_ptr=0 rd_ptr=0 rx_empty=1 rd_en=0 rd_data=xx
# [954500000] DBG rx_done=0 count=0 wr_ptr=0 rd_ptr=0 rx_empty=1 rd_en=0 rd_data=xx
# [955500000] DBG rx_done=0 count=0 wr_ptr=0 rd_ptr=0 rx_empty=1 rd_en=0 rd_data=xx
# [956500000] DBG rx_done=0 count=0 wr_ptr=0 rd_ptr=0 rx_empty=1 rd_en=0 rd_data=xx
# [957500000] DBG rx_done=0 count=0 wr_ptr=0 rd_ptr=0 rx_empty=1 rd_en=0 rd_data=xx
# [958500000] DBG rx_done=0 count=0 wr_ptr=0 rd_ptr=0 rx_empty=1 rd_en=0 rd_data=xx
# [959500000] DBG rx_done=0 count=0 wr_ptr=0 rd_ptr=0 rx_empty=1 rd_en=0 rd_data=xx
# [960500000] DBG rx_done=0 count=0 wr_ptr=0 rd_ptr=0 rx_empty=1 rd_en=0 rd_data=xx
# [961500000] DBG rx_done=0 count=0 wr_ptr=0 rd_ptr=0 rx_empty=1 rd_en=0 rd_data=xx
# [962500000] DBG rx_done=0 count=0 wr_ptr=0 rd_ptr=0 rx_empty=1 rd_en=0 rd_data=xx
# [963500000] DBG rx_done=0 count=0 wr_ptr=0 rd_ptr=0 rx_empty=1 rd_en=0 rd_data=xx
# [964500000] DBG rx_done=0 count=0 wr_ptr=0 rd_ptr=0 rx_empty=1 rd_en=0 rd_data=xx
# [965500000] DBG rx_done=0 count=0 wr_ptr=0 rd_ptr=0 rx_empty=1 rd_en=0 rd_data=xx
# [966500000] DBG rx_done=0 count=0 wr_ptr=0 rd_ptr=0 rx_empty=1 rd_en=0 rd_data=xx
# [967500000] DBG rx_done=0 count=0 wr_ptr=0 rd_ptr=0 rx_empty=1 rd_en=0 rd_data=xx
# [968500000] DBG rx_done=0 count=0 wr_ptr=0 rd_ptr=0 rx_empty=1 rd_en=0 rd_data=xx
# [969500000] DBG rx_done=0 count=0 wr_ptr=0 rd_ptr=0 rx_empty=1 rd_en=0 rd_data=xx
# [970500000] DBG rx_done=0 count=0 wr_ptr=0 rd_ptr=0 rx_empty=1 rd_en=0 rd_data=xx
# [971500000] DBG rx_done=0 count=0 wr_ptr=0 rd_ptr=0 rx_empty=1 rd_en=0 rd_data=xx
# [972500000] DBG rx_done=0 count=0 wr_ptr=0 rd_ptr=0 rx_empty=1 rd_en=0 rd_data=xx
# [973500000] DBG rx_done=0 count=0 wr_ptr=0 rd_ptr=0 rx_empty=1 rd_en=0 rd_data=xx
# [974500000] DBG rx_done=0 count=0 wr_ptr=0 rd_ptr=0 rx_empty=1 rd_en=0 rd_data=xx
# [975500000] DBG rx_done=0 count=0 wr_ptr=0 rd_ptr=0 rx_empty=1 rd_en=0 rd_data=xx
# [976500000] DBG rx_done=0 count=0 wr_ptr=0 rd_ptr=0 rx_empty=1 rd_en=0 rd_data=xx
# [977500000] DBG rx_done=0 count=0 wr_ptr=0 rd_ptr=0 rx_empty=1 rd_en=0 rd_data=xx
# [978500000] DBG rx_done=0 count=0 wr_ptr=0 rd_ptr=0 rx_empty=1 rd_en=0 rd_data=xx
# [979500000] DBG rx_done=0 count=0 wr_ptr=0 rd_ptr=0 rx_empty=1 rd_en=0 rd_data=xx
# [980500000] DBG rx_done=0 count=0 wr_ptr=0 rd_ptr=0 rx_empty=1 rd_en=0 rd_data=xx
# [981500000] DBG rx_done=0 count=0 wr_ptr=0 rd_ptr=0 rx_empty=1 rd_en=0 rd_data=xx
# [982500000] DBG rx_done=0 count=0 wr_ptr=0 rd_ptr=0 rx_empty=1 rd_en=0 rd_data=xx
# [983500000] DBG rx_done=0 count=0 wr_ptr=0 rd_ptr=0 rx_empty=1 rd_en=0 rd_data=xx
# [984500000] DBG rx_done=0 count=0 wr_ptr=0 rd_ptr=0 rx_empty=1 rd_en=0 rd_data=xx
# [985500000] DBG rx_done=0 count=0 wr_ptr=0 rd_ptr=0 rx_empty=1 rd_en=0 rd_data=xx
# [986500000] DBG rx_done=0 count=0 wr_ptr=0 rd_ptr=0 rx_empty=1 rd_en=0 rd_data=xx
# [987500000] DBG rx_done=0 count=0 wr_ptr=0 rd_ptr=0 rx_empty=1 rd_en=0 rd_data=xx
# [988500000] DBG rx_done=0 count=0 wr_ptr=0 rd_ptr=0 rx_empty=1 rd_en=0 rd_data=xx
# [989500000] DBG rx_done=0 count=0 wr_ptr=0 rd_ptr=0 rx_empty=1 rd_en=0 rd_data=xx
# [990500000] DBG rx_done=0 count=0 wr_ptr=0 rd_ptr=0 rx_empty=1 rd_en=0 rd_data=xx
# [991500000] DBG rx_done=0 count=0 wr_ptr=0 rd_ptr=0 rx_empty=1 rd_en=0 rd_data=xx
# [992500000] DBG rx_done=0 count=0 wr_ptr=0 rd_ptr=0 rx_empty=1 rd_en=0 rd_data=xx
# [993500000] DBG rx_done=0 count=0 wr_ptr=0 rd_ptr=0 rx_empty=1 rd_en=0 rd_data=xx
# [994500000] DBG rx_done=0 count=0 wr_ptr=0 rd_ptr=0 rx_empty=1 rd_en=0 rd_data=xx
# [995500000] DBG rx_done=0 count=0 wr_ptr=0 rd_ptr=0 rx_empty=1 rd_en=0 rd_data=xx
# [996500000] DBG rx_done=0 count=0 wr_ptr=0 rd_ptr=0 rx_empty=1 rd_en=0 rd_data=xx
# [997500000] DBG rx_done=0 count=0 wr_ptr=0 rd_ptr=0 rx_empty=1 rd_en=0 rd_data=xx
# [998500000] DBG rx_done=0 count=0 wr_ptr=0 rd_ptr=0 rx_empty=1 rd_en=0 rd_data=xx
# [999500000] DBG rx_done=0 count=0 wr_ptr=0 rd_ptr=0 rx_empty=1 rd_en=0 rd_data=xx
# [1000500000] DBG rx_done=0 count=0 wr_ptr=0 rd_ptr=0 rx_empty=1 rd_en=0 rd_data=xx
# [1001500000] DBG rx_done=0 count=0 wr_ptr=0 rd_ptr=0 rx_empty=1 rd_en=0 rd_data=xx
# [1002500000] DBG rx_done=0 count=0 wr_ptr=0 rd_ptr=0 rx_empty=1 rd_en=0 rd_data=xx
# [1003500000] DBG rx_done=0 count=0 wr_ptr=0 rd_ptr=0 rx_empty=1 rd_en=0 rd_data=xx
# [1004500000] DBG rx_done=0 count=0 wr_ptr=0 rd_ptr=0 rx_empty=1 rd_en=0 rd_data=xx
# [1005500000] DBG rx_done=0 count=0 wr_ptr=0 rd_ptr=0 rx_empty=1 rd_en=0 rd_data=xx
# [1006500000] DBG rx_done=0 count=0 wr_ptr=0 rd_ptr=0 rx_empty=1 rd_en=0 rd_data=xx
# [1007500000] DBG rx_done=0 count=0 wr_ptr=0 rd_ptr=0 rx_empty=1 rd_en=0 rd_data=xx
# [1008500000] DBG rx_done=0 count=0 wr_ptr=0 rd_ptr=0 rx_empty=1 rd_en=0 rd_data=xx
# [1009500000] DBG rx_done=0 count=0 wr_ptr=0 rd_ptr=0 rx_empty=1 rd_en=0 rd_data=xx
# [1010500000] DBG rx_done=0 count=0 wr_ptr=0 rd_ptr=0 rx_empty=1 rd_en=0 rd_data=xx
# [1011500000] DBG rx_done=0 count=0 wr_ptr=0 rd_ptr=0 rx_empty=1 rd_en=0 rd_data=xx
# [1012500000] DBG rx_done=0 count=0 wr_ptr=0 rd_ptr=0 rx_empty=1 rd_en=0 rd_data=xx
# [1013500000] DBG rx_done=1 count=0 wr_ptr=0 rd_ptr=0 rx_empty=1 rd_en=0 rd_data=xx
# [1014500000] DBG rx_done=0 count=1 wr_ptr=1 rd_ptr=0 rx_empty=0 rd_en=0 rd_data=10
# [1015500000] DBG rx_done=0 count=1 wr_ptr=1 rd_ptr=0 rx_empty=0 rd_en=1 rd_data=10
# [1015500000] OK: popped 0x10
# [1016500000] DBG rx_done=0 count=0 wr_ptr=1 rd_ptr=1 rx_empty=1 rd_en=0 rd_data=xx
# [1017500000] DBG rx_done=0 count=0 wr_ptr=1 rd_ptr=1 rx_empty=1 rd_en=1 rd_data=xx
# [1017500000] ERROR: popped 0xxx, expected 0x11
# [1018500000] DBG rx_done=0 count=0 wr_ptr=1 rd_ptr=1 rx_empty=1 rd_en=0 rd_data=xx
# [1019500000] DBG rx_done=0 count=0 wr_ptr=1 rd_ptr=1 rx_empty=1 rd_en=0 rd_data=xx
# [1020500000] DBG rx_done=0 count=0 wr_ptr=1 rd_ptr=1 rx_empty=1 rd_en=0 rd_data=xx
# [1021500000] DBG rx_done=0 count=0 wr_ptr=1 rd_ptr=1 rx_empty=1 rd_en=0 rd_data=xx
# [1022500000] DBG rx_done=0 count=0 wr_ptr=1 rd_ptr=1 rx_empty=1 rd_en=0 rd_data=xx
# [1023500000] DBG rx_done=0 count=0 wr_ptr=1 rd_ptr=1 rx_empty=1 rd_en=0 rd_data=xx
# [1024500000] DBG rx_done=0 count=0 wr_ptr=1 rd_ptr=1 rx_empty=1 rd_en=0 rd_data=xx
# [1025500000] DBG rx_done=0 count=0 wr_ptr=1 rd_ptr=1 rx_empty=1 rd_en=0 rd_data=xx
# [1026500000] DBG rx_done=0 count=0 wr_ptr=1 rd_ptr=1 rx_empty=1 rd_en=0 rd_data=xx
# [1027500000] DBG rx_done=0 count=0 wr_ptr=1 rd_ptr=1 rx_empty=1 rd_en=0 rd_data=xx
# [1028500000] DBG rx_done=0 count=0 wr_ptr=1 rd_ptr=1 rx_empty=1 rd_en=0 rd_data=xx
# [1029500000] DBG rx_done=0 count=0 wr_ptr=1 rd_ptr=1 rx_empty=1 rd_en=0 rd_data=xx
# [1030500000] DBG rx_done=0 count=0 wr_ptr=1 rd_ptr=1 rx_empty=1 rd_en=0 rd_data=xx
# [1031500000] DBG rx_done=0 count=0 wr_ptr=1 rd_ptr=1 rx_empty=1 rd_en=0 rd_data=xx
# [1032500000] DBG rx_done=0 count=0 wr_ptr=1 rd_ptr=1 rx_empty=1 rd_en=0 rd_data=xx
# [1033500000] DBG rx_done=0 count=0 wr_ptr=1 rd_ptr=1 rx_empty=1 rd_en=0 rd_data=xx
# [1034500000] DBG rx_done=0 count=0 wr_ptr=1 rd_ptr=1 rx_empty=1 rd_en=0 rd_data=xx
# [1035500000] DBG rx_done=0 count=0 wr_ptr=1 rd_ptr=1 rx_empty=1 rd_en=0 rd_data=xx
# [1036500000] DBG rx_done=0 count=0 wr_ptr=1 rd_ptr=1 rx_empty=1 rd_en=0 rd_data=xx
# [1037500000] DBG rx_done=0 count=0 wr_ptr=1 rd_ptr=1 rx_empty=1 rd_en=0 rd_data=xx
# [1038500000] DBG rx_done=0 count=0 wr_ptr=1 rd_ptr=1 rx_empty=1 rd_en=0 rd_data=xx
# [1039500000] DBG rx_done=0 count=0 wr_ptr=1 rd_ptr=1 rx_empty=1 rd_en=0 rd_data=xx
# [1040500000] DBG rx_done=0 count=0 wr_ptr=1 rd_ptr=1 rx_empty=1 rd_en=0 rd_data=xx
# [1041500000] DBG rx_done=0 count=0 wr_ptr=1 rd_ptr=1 rx_empty=1 rd_en=0 rd_data=xx
# [1042500000] DBG rx_done=0 count=0 wr_ptr=1 rd_ptr=1 rx_empty=1 rd_en=0 rd_data=xx
# [1043500000] DBG rx_done=0 count=0 wr_ptr=1 rd_ptr=1 rx_empty=1 rd_en=0 rd_data=xx
# [1044500000] DBG rx_done=0 count=0 wr_ptr=1 rd_ptr=1 rx_empty=1 rd_en=0 rd_data=xx
# [1045500000] DBG rx_done=0 count=0 wr_ptr=1 rd_ptr=1 rx_empty=1 rd_en=0 rd_data=xx
# [1046500000] DBG rx_done=0 count=0 wr_ptr=1 rd_ptr=1 rx_empty=1 rd_en=0 rd_data=xx
# [1047500000] DBG rx_done=0 count=0 wr_ptr=1 rd_ptr=1 rx_empty=1 rd_en=0 rd_data=xx
# [1048500000] DBG rx_done=0 count=0 wr_ptr=1 rd_ptr=1 rx_empty=1 rd_en=0 rd_data=xx
# [1049500000] DBG rx_done=0 count=0 wr_ptr=1 rd_ptr=1 rx_empty=1 rd_en=0 rd_data=xx
# [1050500000] DBG rx_done=0 count=0 wr_ptr=1 rd_ptr=1 rx_empty=1 rd_en=0 rd_data=xx
# [1051500000] DBG rx_done=0 count=0 wr_ptr=1 rd_ptr=1 rx_empty=1 rd_en=0 rd_data=xx
# [1052500000] DBG rx_done=0 count=0 wr_ptr=1 rd_ptr=1 rx_empty=1 rd_en=0 rd_data=xx
# [1053500000] DBG rx_done=0 count=0 wr_ptr=1 rd_ptr=1 rx_empty=1 rd_en=0 rd_data=xx
# [1054500000] DBG rx_done=0 count=0 wr_ptr=1 rd_ptr=1 rx_empty=1 rd_en=0 rd_data=xx
# [1055500000] DBG rx_done=0 count=0 wr_ptr=1 rd_ptr=1 rx_empty=1 rd_en=0 rd_data=xx
# [1056500000] DBG rx_done=0 count=0 wr_ptr=1 rd_ptr=1 rx_empty=1 rd_en=0 rd_data=xx
# [1057500000] DBG rx_done=0 count=0 wr_ptr=1 rd_ptr=1 rx_empty=1 rd_en=0 rd_data=xx
# [1058500000] DBG rx_done=0 count=0 wr_ptr=1 rd_ptr=1 rx_empty=1 rd_en=0 rd_data=xx
# [1059500000] DBG rx_done=0 count=0 wr_ptr=1 rd_ptr=1 rx_empty=1 rd_en=0 rd_data=xx
# [1060500000] DBG rx_done=0 count=0 wr_ptr=1 rd_ptr=1 rx_empty=1 rd_en=0 rd_data=xx
# [1061500000] DBG rx_done=0 count=0 wr_ptr=1 rd_ptr=1 rx_empty=1 rd_en=0 rd_data=xx
# [1062500000] DBG rx_done=0 count=0 wr_ptr=1 rd_ptr=1 rx_empty=1 rd_en=0 rd_data=xx
# [1063500000] DBG rx_done=0 count=0 wr_ptr=1 rd_ptr=1 rx_empty=1 rd_en=0 rd_data=xx
# [1064500000] DBG rx_done=0 count=0 wr_ptr=1 rd_ptr=1 rx_empty=1 rd_en=0 rd_data=xx
# [1065500000] DBG rx_done=0 count=0 wr_ptr=1 rd_ptr=1 rx_empty=1 rd_en=0 rd_data=xx
# [1066500000] DBG rx_done=0 count=0 wr_ptr=1 rd_ptr=1 rx_empty=1 rd_en=0 rd_data=xx
# [1067500000] DBG rx_done=0 count=0 wr_ptr=1 rd_ptr=1 rx_empty=1 rd_en=0 rd_data=xx
# [1068500000] DBG rx_done=0 count=0 wr_ptr=1 rd_ptr=1 rx_empty=1 rd_en=0 rd_data=xx
# [1069500000] DBG rx_done=0 count=0 wr_ptr=1 rd_ptr=1 rx_empty=1 rd_en=0 rd_data=xx
# [1070500000] DBG rx_done=0 count=0 wr_ptr=1 rd_ptr=1 rx_empty=1 rd_en=0 rd_data=xx
# [1071500000] DBG rx_done=0 count=0 wr_ptr=1 rd_ptr=1 rx_empty=1 rd_en=0 rd_data=xx
# [1072500000] DBG rx_done=0 count=0 wr_ptr=1 rd_ptr=1 rx_empty=1 rd_en=0 rd_data=xx
# [1073500000] DBG rx_done=0 count=0 wr_ptr=1 rd_ptr=1 rx_empty=1 rd_en=0 rd_data=xx
# [1074500000] DBG rx_done=0 count=0 wr_ptr=1 rd_ptr=1 rx_empty=1 rd_en=0 rd_data=xx
# [1075500000] DBG rx_done=0 count=0 wr_ptr=1 rd_ptr=1 rx_empty=1 rd_en=0 rd_data=xx
# [1076500000] DBG rx_done=0 count=0 wr_ptr=1 rd_ptr=1 rx_empty=1 rd_en=0 rd_data=xx
# [1077500000] DBG rx_done=0 count=0 wr_ptr=1 rd_ptr=1 rx_empty=1 rd_en=0 rd_data=xx
# [1078500000] DBG rx_done=0 count=0 wr_ptr=1 rd_ptr=1 rx_empty=1 rd_en=0 rd_data=xx
# [1079500000] DBG rx_done=0 count=0 wr_ptr=1 rd_ptr=1 rx_empty=1 rd_en=0 rd_data=xx
# [1080500000] DBG rx_done=0 count=0 wr_ptr=1 rd_ptr=1 rx_empty=1 rd_en=0 rd_data=xx
# [1081500000] DBG rx_done=0 count=0 wr_ptr=1 rd_ptr=1 rx_empty=1 rd_en=0 rd_data=xx
# [1082500000] DBG rx_done=0 count=0 wr_ptr=1 rd_ptr=1 rx_empty=1 rd_en=0 rd_data=xx
# [1083500000] DBG rx_done=0 count=0 wr_ptr=1 rd_ptr=1 rx_empty=1 rd_en=0 rd_data=xx
# [1084500000] DBG rx_done=0 count=0 wr_ptr=1 rd_ptr=1 rx_empty=1 rd_en=0 rd_data=xx
# [1085500000] DBG rx_done=0 count=0 wr_ptr=1 rd_ptr=1 rx_empty=1 rd_en=0 rd_data=xx
# [1086500000] DBG rx_done=0 count=0 wr_ptr=1 rd_ptr=1 rx_empty=1 rd_en=0 rd_data=xx
# [1087500000] DBG rx_done=0 count=0 wr_ptr=1 rd_ptr=1 rx_empty=1 rd_en=0 rd_data=xx
# [1088500000] DBG rx_done=0 count=0 wr_ptr=1 rd_ptr=1 rx_empty=1 rd_en=0 rd_data=xx
# [1089500000] DBG rx_done=0 count=0 wr_ptr=1 rd_ptr=1 rx_empty=1 rd_en=0 rd_data=xx
# [1090500000] DBG rx_done=0 count=0 wr_ptr=1 rd_ptr=1 rx_empty=1 rd_en=0 rd_data=xx
# [1091500000] DBG rx_done=0 count=0 wr_ptr=1 rd_ptr=1 rx_empty=1 rd_en=0 rd_data=xx
# [1092500000] DBG rx_done=0 count=0 wr_ptr=1 rd_ptr=1 rx_empty=1 rd_en=0 rd_data=xx
# [1093500000] DBG rx_done=0 count=0 wr_ptr=1 rd_ptr=1 rx_empty=1 rd_en=0 rd_data=xx
# [1094500000] DBG rx_done=0 count=0 wr_ptr=1 rd_ptr=1 rx_empty=1 rd_en=0 rd_data=xx
# [1095500000] DBG rx_done=0 count=0 wr_ptr=1 rd_ptr=1 rx_empty=1 rd_en=0 rd_data=xx
# [1096500000] DBG rx_done=0 count=0 wr_ptr=1 rd_ptr=1 rx_empty=1 rd_en=0 rd_data=xx
# [1097500000] DBG rx_done=0 count=0 wr_ptr=1 rd_ptr=1 rx_empty=1 rd_en=0 rd_data=xx
# [1098500000] DBG rx_done=0 count=0 wr_ptr=1 rd_ptr=1 rx_empty=1 rd_en=0 rd_data=xx
# [1099500000] DBG rx_done=0 count=0 wr_ptr=1 rd_ptr=1 rx_empty=1 rd_en=0 rd_data=xx
# [1100500000] DBG rx_done=0 count=0 wr_ptr=1 rd_ptr=1 rx_empty=1 rd_en=0 rd_data=xx
# [1101500000] DBG rx_done=0 count=0 wr_ptr=1 rd_ptr=1 rx_empty=1 rd_en=0 rd_data=xx
# [1102500000] DBG rx_done=0 count=0 wr_ptr=1 rd_ptr=1 rx_empty=1 rd_en=0 rd_data=xx
# [1103500000] DBG rx_done=0 count=0 wr_ptr=1 rd_ptr=1 rx_empty=1 rd_en=0 rd_data=xx
# [1104500000] DBG rx_done=0 count=0 wr_ptr=1 rd_ptr=1 rx_empty=1 rd_en=0 rd_data=xx
# [1105500000] DBG rx_done=0 count=0 wr_ptr=1 rd_ptr=1 rx_empty=1 rd_en=0 rd_data=xx
# [1106500000] DBG rx_done=0 count=0 wr_ptr=1 rd_ptr=1 rx_empty=1 rd_en=0 rd_data=xx
# [1107500000] DBG rx_done=0 count=0 wr_ptr=1 rd_ptr=1 rx_empty=1 rd_en=0 rd_data=xx
# [1108500000] DBG rx_done=0 count=0 wr_ptr=1 rd_ptr=1 rx_empty=1 rd_en=0 rd_data=xx
# [1109500000] DBG rx_done=0 count=0 wr_ptr=1 rd_ptr=1 rx_empty=1 rd_en=0 rd_data=xx
# [1110500000] DBG rx_done=0 count=0 wr_ptr=1 rd_ptr=1 rx_empty=1 rd_en=0 rd_data=xx
# [1111500000] DBG rx_done=0 count=0 wr_ptr=1 rd_ptr=1 rx_empty=1 rd_en=0 rd_data=xx
# [1112500000] DBG rx_done=0 count=0 wr_ptr=1 rd_ptr=1 rx_empty=1 rd_en=0 rd_data=xx
# [1113500000] DBG rx_done=0 count=0 wr_ptr=1 rd_ptr=1 rx_empty=1 rd_en=0 rd_data=xx
# [1114500000] DBG rx_done=0 count=0 wr_ptr=1 rd_ptr=1 rx_empty=1 rd_en=0 rd_data=xx
# [1115500000] DBG rx_done=0 count=0 wr_ptr=1 rd_ptr=1 rx_empty=1 rd_en=0 rd_data=xx
# [1116500000] DBG rx_done=0 count=0 wr_ptr=1 rd_ptr=1 rx_empty=1 rd_en=0 rd_data=xx
# [1117500000] DBG rx_done=0 count=0 wr_ptr=1 rd_ptr=1 rx_empty=1 rd_en=0 rd_data=xx
# [1118500000] DBG rx_done=0 count=0 wr_ptr=1 rd_ptr=1 rx_empty=1 rd_en=0 rd_data=xx
# [1119500000] DBG rx_done=0 count=0 wr_ptr=1 rd_ptr=1 rx_empty=1 rd_en=0 rd_data=xx
# [1120500000] DBG rx_done=0 count=0 wr_ptr=1 rd_ptr=1 rx_empty=1 rd_en=0 rd_data=xx
# [1121500000] DBG rx_done=0 count=0 wr_ptr=1 rd_ptr=1 rx_empty=1 rd_en=0 rd_data=xx
# [1122500000] DBG rx_done=0 count=0 wr_ptr=1 rd_ptr=1 rx_empty=1 rd_en=0 rd_data=xx
# [1123500000] DBG rx_done=0 count=0 wr_ptr=1 rd_ptr=1 rx_empty=1 rd_en=0 rd_data=xx
# [1124500000] DBG rx_done=0 count=0 wr_ptr=1 rd_ptr=1 rx_empty=1 rd_en=0 rd_data=xx
# [1125500000] DBG rx_done=0 count=0 wr_ptr=1 rd_ptr=1 rx_empty=1 rd_en=0 rd_data=xx
# [1126500000] DBG rx_done=0 count=0 wr_ptr=1 rd_ptr=1 rx_empty=1 rd_en=0 rd_data=xx
# [1127500000] DBG rx_done=0 count=0 wr_ptr=1 rd_ptr=1 rx_empty=1 rd_en=0 rd_data=xx
# [1128500000] DBG rx_done=0 count=0 wr_ptr=1 rd_ptr=1 rx_empty=1 rd_en=0 rd_data=xx
# [1129500000] DBG rx_done=0 count=0 wr_ptr=1 rd_ptr=1 rx_empty=1 rd_en=0 rd_data=xx
# [1130500000] DBG rx_done=0 count=0 wr_ptr=1 rd_ptr=1 rx_empty=1 rd_en=0 rd_data=xx
# [1131500000] DBG rx_done=0 count=0 wr_ptr=1 rd_ptr=1 rx_empty=1 rd_en=0 rd_data=xx
# [1132500000] DBG rx_done=0 count=0 wr_ptr=1 rd_ptr=1 rx_empty=1 rd_en=0 rd_data=xx
# [1133500000] DBG rx_done=0 count=0 wr_ptr=1 rd_ptr=1 rx_empty=1 rd_en=0 rd_data=xx
# [1134500000] DBG rx_done=0 count=0 wr_ptr=1 rd_ptr=1 rx_empty=1 rd_en=0 rd_data=xx
# [1135500000] DBG rx_done=0 count=0 wr_ptr=1 rd_ptr=1 rx_empty=1 rd_en=0 rd_data=xx
# [1136500000] DBG rx_done=0 count=0 wr_ptr=1 rd_ptr=1 rx_empty=1 rd_en=0 rd_data=xx
# [1137500000] DBG rx_done=0 count=0 wr_ptr=1 rd_ptr=1 rx_empty=1 rd_en=0 rd_data=xx
# [1138500000] DBG rx_done=0 count=0 wr_ptr=1 rd_ptr=1 rx_empty=1 rd_en=0 rd_data=xx
# [1139500000] DBG rx_done=0 count=0 wr_ptr=1 rd_ptr=1 rx_empty=1 rd_en=0 rd_data=xx
# [1140500000] DBG rx_done=0 count=0 wr_ptr=1 rd_ptr=1 rx_empty=1 rd_en=0 rd_data=xx
# [1141500000] DBG rx_done=0 count=0 wr_ptr=1 rd_ptr=1 rx_empty=1 rd_en=0 rd_data=xx
# [1142500000] DBG rx_done=0 count=0 wr_ptr=1 rd_ptr=1 rx_empty=1 rd_en=0 rd_data=xx
# [1143500000] DBG rx_done=0 count=0 wr_ptr=1 rd_ptr=1 rx_empty=1 rd_en=0 rd_data=xx
# [1144500000] DBG rx_done=0 count=0 wr_ptr=1 rd_ptr=1 rx_empty=1 rd_en=0 rd_data=xx
# [1145500000] DBG rx_done=0 count=0 wr_ptr=1 rd_ptr=1 rx_empty=1 rd_en=0 rd_data=xx
# [1146500000] DBG rx_done=0 count=0 wr_ptr=1 rd_ptr=1 rx_empty=1 rd_en=0 rd_data=xx
# [1147500000] DBG rx_done=0 count=0 wr_ptr=1 rd_ptr=1 rx_empty=1 rd_en=0 rd_data=xx
# [1148500000] DBG rx_done=0 count=0 wr_ptr=1 rd_ptr=1 rx_empty=1 rd_en=0 rd_data=xx
# [1149500000] DBG rx_done=0 count=0 wr_ptr=1 rd_ptr=1 rx_empty=1 rd_en=0 rd_data=xx
# [1150500000] DBG rx_done=0 count=0 wr_ptr=1 rd_ptr=1 rx_empty=1 rd_en=0 rd_data=xx
# [1151500000] DBG rx_done=0 count=0 wr_ptr=1 rd_ptr=1 rx_empty=1 rd_en=0 rd_data=xx
# [1152500000] DBG rx_done=0 count=0 wr_ptr=1 rd_ptr=1 rx_empty=1 rd_en=0 rd_data=xx
# [1153500000] DBG rx_done=0 count=0 wr_ptr=1 rd_ptr=1 rx_empty=1 rd_en=0 rd_data=xx
# [1154500000] DBG rx_done=0 count=0 wr_ptr=1 rd_ptr=1 rx_empty=1 rd_en=0 rd_data=xx
# [1155500000] DBG rx_done=0 count=0 wr_ptr=1 rd_ptr=1 rx_empty=1 rd_en=0 rd_data=xx
# [1156500000] DBG rx_done=0 count=0 wr_ptr=1 rd_ptr=1 rx_empty=1 rd_en=0 rd_data=xx
# [1157500000] DBG rx_done=0 count=0 wr_ptr=1 rd_ptr=1 rx_empty=1 rd_en=0 rd_data=xx
# [1158500000] DBG rx_done=0 count=0 wr_ptr=1 rd_ptr=1 rx_empty=1 rd_en=0 rd_data=xx
# [1159500000] DBG rx_done=0 count=0 wr_ptr=1 rd_ptr=1 rx_empty=1 rd_en=0 rd_data=xx
# [1160500000] DBG rx_done=0 count=0 wr_ptr=1 rd_ptr=1 rx_empty=1 rd_en=0 rd_data=xx
# [1161500000] DBG rx_done=0 count=0 wr_ptr=1 rd_ptr=1 rx_empty=1 rd_en=0 rd_data=xx
# [1162500000] DBG rx_done=0 count=0 wr_ptr=1 rd_ptr=1 rx_empty=1 rd_en=0 rd_data=xx
# [1163500000] DBG rx_done=0 count=0 wr_ptr=1 rd_ptr=1 rx_empty=1 rd_en=0 rd_data=xx
# [1164500000] DBG rx_done=0 count=0 wr_ptr=1 rd_ptr=1 rx_empty=1 rd_en=0 rd_data=xx
# [1165500000] DBG rx_done=0 count=0 wr_ptr=1 rd_ptr=1 rx_empty=1 rd_en=0 rd_data=xx
# [1166500000] DBG rx_done=0 count=0 wr_ptr=1 rd_ptr=1 rx_empty=1 rd_en=0 rd_data=xx
# [1167500000] DBG rx_done=0 count=0 wr_ptr=1 rd_ptr=1 rx_empty=1 rd_en=0 rd_data=xx
# [1168500000] DBG rx_done=0 count=0 wr_ptr=1 rd_ptr=1 rx_empty=1 rd_en=0 rd_data=xx
# [1169500000] DBG rx_done=0 count=0 wr_ptr=1 rd_ptr=1 rx_empty=1 rd_en=0 rd_data=xx
# [1170500000] DBG rx_done=0 count=0 wr_ptr=1 rd_ptr=1 rx_empty=1 rd_en=0 rd_data=xx
# [1171500000] DBG rx_done=0 count=0 wr_ptr=1 rd_ptr=1 rx_empty=1 rd_en=0 rd_data=xx
# [1172500000] DBG rx_done=0 count=0 wr_ptr=1 rd_ptr=1 rx_empty=1 rd_en=0 rd_data=xx
# [1173500000] DBG rx_done=0 count=0 wr_ptr=1 rd_ptr=1 rx_empty=1 rd_en=0 rd_data=xx
# [1174500000] DBG rx_done=0 count=0 wr_ptr=1 rd_ptr=1 rx_empty=1 rd_en=0 rd_data=xx
# [1175500000] DBG rx_done=0 count=0 wr_ptr=1 rd_ptr=1 rx_empty=1 rd_en=0 rd_data=xx
# [1176500000] DBG rx_done=0 count=0 wr_ptr=1 rd_ptr=1 rx_empty=1 rd_en=0 rd_data=xx
# [1177500000] DBG rx_done=0 count=0 wr_ptr=1 rd_ptr=1 rx_empty=1 rd_en=0 rd_data=xx
# [1178500000] DBG rx_done=0 count=0 wr_ptr=1 rd_ptr=1 rx_empty=1 rd_en=0 rd_data=xx
# [1179500000] DBG rx_done=0 count=0 wr_ptr=1 rd_ptr=1 rx_empty=1 rd_en=0 rd_data=xx
# [1180500000] DBG rx_done=0 count=0 wr_ptr=1 rd_ptr=1 rx_empty=1 rd_en=0 rd_data=xx
# [1181500000] DBG rx_done=0 count=0 wr_ptr=1 rd_ptr=1 rx_empty=1 rd_en=0 rd_data=xx
# [1182500000] DBG rx_done=0 count=0 wr_ptr=1 rd_ptr=1 rx_empty=1 rd_en=0 rd_data=xx
# [1183500000] DBG rx_done=0 count=0 wr_ptr=1 rd_ptr=1 rx_empty=1 rd_en=0 rd_data=xx
# [1184500000] DBG rx_done=0 count=0 wr_ptr=1 rd_ptr=1 rx_empty=1 rd_en=0 rd_data=xx
# [1185500000] DBG rx_done=0 count=0 wr_ptr=1 rd_ptr=1 rx_empty=1 rd_en=0 rd_data=xx
# [1186500000] DBG rx_done=0 count=0 wr_ptr=1 rd_ptr=1 rx_empty=1 rd_en=0 rd_data=xx
# [1187500000] DBG rx_done=0 count=0 wr_ptr=1 rd_ptr=1 rx_empty=1 rd_en=0 rd_data=xx
# [1188500000] DBG rx_done=0 count=0 wr_ptr=1 rd_ptr=1 rx_empty=1 rd_en=0 rd_data=xx
# [1189500000] DBG rx_done=0 count=0 wr_ptr=1 rd_ptr=1 rx_empty=1 rd_en=0 rd_data=xx
# [1190500000] DBG rx_done=0 count=0 wr_ptr=1 rd_ptr=1 rx_empty=1 rd_en=0 rd_data=xx
# [1191500000] DBG rx_done=0 count=0 wr_ptr=1 rd_ptr=1 rx_empty=1 rd_en=0 rd_data=xx
# [1192500000] DBG rx_done=0 count=0 wr_ptr=1 rd_ptr=1 rx_empty=1 rd_en=0 rd_data=xx
# [1193500000] DBG rx_done=0 count=0 wr_ptr=1 rd_ptr=1 rx_empty=1 rd_en=0 rd_data=xx
# [1194500000] DBG rx_done=0 count=0 wr_ptr=1 rd_ptr=1 rx_empty=1 rd_en=0 rd_data=xx
# [1195500000] DBG rx_done=0 count=0 wr_ptr=1 rd_ptr=1 rx_empty=1 rd_en=0 rd_data=xx
# [1196500000] DBG rx_done=0 count=0 wr_ptr=1 rd_ptr=1 rx_empty=1 rd_en=0 rd_data=xx
# [1197500000] DBG rx_done=0 count=0 wr_ptr=1 rd_ptr=1 rx_empty=1 rd_en=0 rd_data=xx
# [1198500000] DBG rx_done=0 count=0 wr_ptr=1 rd_ptr=1 rx_empty=1 rd_en=0 rd_data=xx
# [1199500000] DBG rx_done=0 count=0 wr_ptr=1 rd_ptr=1 rx_empty=1 rd_en=0 rd_data=xx
# [1200500000] DBG rx_done=0 count=0 wr_ptr=1 rd_ptr=1 rx_empty=1 rd_en=0 rd_data=xx
# [1201500000] DBG rx_done=0 count=0 wr_ptr=1 rd_ptr=1 rx_empty=1 rd_en=0 rd_data=xx
# [1202500000] DBG rx_done=0 count=0 wr_ptr=1 rd_ptr=1 rx_empty=1 rd_en=0 rd_data=xx
# [1203500000] DBG rx_done=0 count=0 wr_ptr=1 rd_ptr=1 rx_empty=1 rd_en=0 rd_data=xx
# [1204500000] DBG rx_done=0 count=0 wr_ptr=1 rd_ptr=1 rx_empty=1 rd_en=0 rd_data=xx
# [1205500000] DBG rx_done=0 count=0 wr_ptr=1 rd_ptr=1 rx_empty=1 rd_en=0 rd_data=xx
# [1206500000] DBG rx_done=0 count=0 wr_ptr=1 rd_ptr=1 rx_empty=1 rd_en=0 rd_data=xx
# [1207500000] DBG rx_done=0 count=0 wr_ptr=1 rd_ptr=1 rx_empty=1 rd_en=0 rd_data=xx
# [1208500000] DBG rx_done=0 count=0 wr_ptr=1 rd_ptr=1 rx_empty=1 rd_en=0 rd_data=xx
# [1209500000] DBG rx_done=0 count=0 wr_ptr=1 rd_ptr=1 rx_empty=1 rd_en=0 rd_data=xx
# [1210500000] DBG rx_done=0 count=0 wr_ptr=1 rd_ptr=1 rx_empty=1 rd_en=0 rd_data=xx
# [1211500000] DBG rx_done=0 count=0 wr_ptr=1 rd_ptr=1 rx_empty=1 rd_en=0 rd_data=xx
# [1212500000] DBG rx_done=0 count=0 wr_ptr=1 rd_ptr=1 rx_empty=1 rd_en=0 rd_data=xx
# [1213500000] DBG rx_done=0 count=0 wr_ptr=1 rd_ptr=1 rx_empty=1 rd_en=0 rd_data=xx
# [1214500000] DBG rx_done=0 count=0 wr_ptr=1 rd_ptr=1 rx_empty=1 rd_en=0 rd_data=xx
# [1215500000] DBG rx_done=0 count=0 wr_ptr=1 rd_ptr=1 rx_empty=1 rd_en=0 rd_data=xx
# [1216500000] DBG rx_done=0 count=0 wr_ptr=1 rd_ptr=1 rx_empty=1 rd_en=0 rd_data=xx
# [1217500000] DBG rx_done=0 count=0 wr_ptr=1 rd_ptr=1 rx_empty=1 rd_en=0 rd_data=xx
# [1218500000] DBG rx_done=0 count=0 wr_ptr=1 rd_ptr=1 rx_empty=1 rd_en=0 rd_data=xx
# [1219500000] DBG rx_done=0 count=0 wr_ptr=1 rd_ptr=1 rx_empty=1 rd_en=0 rd_data=xx
# [1220500000] DBG rx_done=0 count=0 wr_ptr=1 rd_ptr=1 rx_empty=1 rd_en=0 rd_data=xx
# [1221500000] DBG rx_done=0 count=0 wr_ptr=1 rd_ptr=1 rx_empty=1 rd_en=0 rd_data=xx
# [1222500000] DBG rx_done=0 count=0 wr_ptr=1 rd_ptr=1 rx_empty=1 rd_en=0 rd_data=xx
# [1223500000] DBG rx_done=0 count=0 wr_ptr=1 rd_ptr=1 rx_empty=1 rd_en=0 rd_data=xx
# [1224500000] DBG rx_done=0 count=0 wr_ptr=1 rd_ptr=1 rx_empty=1 rd_en=0 rd_data=xx
# [1225500000] DBG rx_done=0 count=0 wr_ptr=1 rd_ptr=1 rx_empty=1 rd_en=0 rd_data=xx
# [1226500000] DBG rx_done=0 count=0 wr_ptr=1 rd_ptr=1 rx_empty=1 rd_en=0 rd_data=xx
# [1227500000] DBG rx_done=0 count=0 wr_ptr=1 rd_ptr=1 rx_empty=1 rd_en=0 rd_data=xx
# [1228500000] DBG rx_done=0 count=0 wr_ptr=1 rd_ptr=1 rx_empty=1 rd_en=0 rd_data=xx
# [1229500000] DBG rx_done=0 count=0 wr_ptr=1 rd_ptr=1 rx_empty=1 rd_en=0 rd_data=xx
# [1230500000] DBG rx_done=0 count=0 wr_ptr=1 rd_ptr=1 rx_empty=1 rd_en=0 rd_data=xx
# [1231500000] DBG rx_done=0 count=0 wr_ptr=1 rd_ptr=1 rx_empty=1 rd_en=0 rd_data=xx
# [1232500000] DBG rx_done=0 count=0 wr_ptr=1 rd_ptr=1 rx_empty=1 rd_en=0 rd_data=xx
# [1233500000] DBG rx_done=0 count=0 wr_ptr=1 rd_ptr=1 rx_empty=1 rd_en=0 rd_data=xx
# [1234500000] DBG rx_done=0 count=0 wr_ptr=1 rd_ptr=1 rx_empty=1 rd_en=0 rd_data=xx
# [1235500000] DBG rx_done=0 count=0 wr_ptr=1 rd_ptr=1 rx_empty=1 rd_en=0 rd_data=xx
# [1236500000] DBG rx_done=0 count=0 wr_ptr=1 rd_ptr=1 rx_empty=1 rd_en=0 rd_data=xx
# [1237500000] DBG rx_done=0 count=0 wr_ptr=1 rd_ptr=1 rx_empty=1 rd_en=0 rd_data=xx
# [1238500000] DBG rx_done=0 count=0 wr_ptr=1 rd_ptr=1 rx_empty=1 rd_en=0 rd_data=xx
# [1239500000] DBG rx_done=0 count=0 wr_ptr=1 rd_ptr=1 rx_empty=1 rd_en=0 rd_data=xx
# [1240500000] DBG rx_done=0 count=0 wr_ptr=1 rd_ptr=1 rx_empty=1 rd_en=0 rd_data=xx
# [1241500000] DBG rx_done=0 count=0 wr_ptr=1 rd_ptr=1 rx_empty=1 rd_en=0 rd_data=xx
# [1242500000] DBG rx_done=0 count=0 wr_ptr=1 rd_ptr=1 rx_empty=1 rd_en=0 rd_data=xx
# [1243500000] DBG rx_done=0 count=0 wr_ptr=1 rd_ptr=1 rx_empty=1 rd_en=0 rd_data=xx
# [1244500000] DBG rx_done=0 count=0 wr_ptr=1 rd_ptr=1 rx_empty=1 rd_en=0 rd_data=xx
# [1245500000] DBG rx_done=0 count=0 wr_ptr=1 rd_ptr=1 rx_empty=1 rd_en=0 rd_data=xx
# [1246500000] DBG rx_done=0 count=0 wr_ptr=1 rd_ptr=1 rx_empty=1 rd_en=0 rd_data=xx
# [1247500000] DBG rx_done=0 count=0 wr_ptr=1 rd_ptr=1 rx_empty=1 rd_en=0 rd_data=xx
# [1248500000] DBG rx_done=0 count=0 wr_ptr=1 rd_ptr=1 rx_empty=1 rd_en=0 rd_data=xx
# [1249500000] DBG rx_done=0 count=0 wr_ptr=1 rd_ptr=1 rx_empty=1 rd_en=0 rd_data=xx
# [1250500000] DBG rx_done=0 count=0 wr_ptr=1 rd_ptr=1 rx_empty=1 rd_en=0 rd_data=xx
# [1251500000] DBG rx_done=0 count=0 wr_ptr=1 rd_ptr=1 rx_empty=1 rd_en=0 rd_data=xx
# [1252500000] DBG rx_done=0 count=0 wr_ptr=1 rd_ptr=1 rx_empty=1 rd_en=0 rd_data=xx
# [1253500000] DBG rx_done=0 count=0 wr_ptr=1 rd_ptr=1 rx_empty=1 rd_en=0 rd_data=xx
# [1254500000] DBG rx_done=0 count=0 wr_ptr=1 rd_ptr=1 rx_empty=1 rd_en=0 rd_data=xx
# [1255500000] DBG rx_done=0 count=0 wr_ptr=1 rd_ptr=1 rx_empty=1 rd_en=0 rd_data=xx
# [1256500000] DBG rx_done=0 count=0 wr_ptr=1 rd_ptr=1 rx_empty=1 rd_en=0 rd_data=xx
# [1257500000] DBG rx_done=0 count=0 wr_ptr=1 rd_ptr=1 rx_empty=1 rd_en=0 rd_data=xx
# [1258500000] DBG rx_done=0 count=0 wr_ptr=1 rd_ptr=1 rx_empty=1 rd_en=0 rd_data=xx
# [1259500000] DBG rx_done=0 count=0 wr_ptr=1 rd_ptr=1 rx_empty=1 rd_en=0 rd_data=xx
# [1260500000] DBG rx_done=0 count=0 wr_ptr=1 rd_ptr=1 rx_empty=1 rd_en=0 rd_data=xx
# [1261500000] DBG rx_done=0 count=0 wr_ptr=1 rd_ptr=1 rx_empty=1 rd_en=0 rd_data=xx
# [1262500000] DBG rx_done=0 count=0 wr_ptr=1 rd_ptr=1 rx_empty=1 rd_en=0 rd_data=xx
# [1263500000] DBG rx_done=0 count=0 wr_ptr=1 rd_ptr=1 rx_empty=1 rd_en=0 rd_data=xx
# [1264500000] DBG rx_done=0 count=0 wr_ptr=1 rd_ptr=1 rx_empty=1 rd_en=0 rd_data=xx
# [1265500000] DBG rx_done=0 count=0 wr_ptr=1 rd_ptr=1 rx_empty=1 rd_en=0 rd_data=xx
# [1266500000] DBG rx_done=0 count=0 wr_ptr=1 rd_ptr=1 rx_empty=1 rd_en=0 rd_data=xx
# [1267500000] DBG rx_done=0 count=0 wr_ptr=1 rd_ptr=1 rx_empty=1 rd_en=0 rd_data=xx
# [1268500000] DBG rx_done=0 count=0 wr_ptr=1 rd_ptr=1 rx_empty=1 rd_en=0 rd_data=xx
# [1269500000] DBG rx_done=0 count=0 wr_ptr=1 rd_ptr=1 rx_empty=1 rd_en=0 rd_data=xx
# [1270500000] DBG rx_done=0 count=0 wr_ptr=1 rd_ptr=1 rx_empty=1 rd_en=0 rd_data=xx
# [1271500000] DBG rx_done=0 count=0 wr_ptr=1 rd_ptr=1 rx_empty=1 rd_en=0 rd_data=xx
# [1272500000] DBG rx_done=0 count=0 wr_ptr=1 rd_ptr=1 rx_empty=1 rd_en=0 rd_data=xx
# [1273500000] DBG rx_done=0 count=0 wr_ptr=1 rd_ptr=1 rx_empty=1 rd_en=0 rd_data=xx
# [1274500000] DBG rx_done=0 count=0 wr_ptr=1 rd_ptr=1 rx_empty=1 rd_en=0 rd_data=xx
# [1275500000] DBG rx_done=0 count=0 wr_ptr=1 rd_ptr=1 rx_empty=1 rd_en=0 rd_data=xx
# [1276500000] DBG rx_done=0 count=0 wr_ptr=1 rd_ptr=1 rx_empty=1 rd_en=0 rd_data=xx
# [1277500000] DBG rx_done=0 count=0 wr_ptr=1 rd_ptr=1 rx_empty=1 rd_en=0 rd_data=xx
# [1278500000] DBG rx_done=0 count=0 wr_ptr=1 rd_ptr=1 rx_empty=1 rd_en=0 rd_data=xx
# [1279500000] DBG rx_done=0 count=0 wr_ptr=1 rd_ptr=1 rx_empty=1 rd_en=0 rd_data=xx
# [1280500000] DBG rx_done=0 count=0 wr_ptr=1 rd_ptr=1 rx_empty=1 rd_en=0 rd_data=xx
# [1281500000] DBG rx_done=0 count=0 wr_ptr=1 rd_ptr=1 rx_empty=1 rd_en=0 rd_data=xx
# [1282500000] DBG rx_done=0 count=0 wr_ptr=1 rd_ptr=1 rx_empty=1 rd_en=0 rd_data=xx
# [1283500000] DBG rx_done=0 count=0 wr_ptr=1 rd_ptr=1 rx_empty=1 rd_en=0 rd_data=xx
# [1284500000] DBG rx_done=0 count=0 wr_ptr=1 rd_ptr=1 rx_empty=1 rd_en=0 rd_data=xx
# [1285500000] DBG rx_done=0 count=0 wr_ptr=1 rd_ptr=1 rx_empty=1 rd_en=0 rd_data=xx
# [1286500000] DBG rx_done=0 count=0 wr_ptr=1 rd_ptr=1 rx_empty=1 rd_en=0 rd_data=xx
# [1287500000] DBG rx_done=0 count=0 wr_ptr=1 rd_ptr=1 rx_empty=1 rd_en=0 rd_data=xx
# [1288500000] DBG rx_done=0 count=0 wr_ptr=1 rd_ptr=1 rx_empty=1 rd_en=0 rd_data=xx
# [1289500000] DBG rx_done=0 count=0 wr_ptr=1 rd_ptr=1 rx_empty=1 rd_en=0 rd_data=xx
# [1290500000] DBG rx_done=0 count=0 wr_ptr=1 rd_ptr=1 rx_empty=1 rd_en=0 rd_data=xx
# [1291500000] DBG rx_done=0 count=0 wr_ptr=1 rd_ptr=1 rx_empty=1 rd_en=0 rd_data=xx
# [1292500000] DBG rx_done=0 count=0 wr_ptr=1 rd_ptr=1 rx_empty=1 rd_en=0 rd_data=xx
# [1293500000] DBG rx_done=0 count=0 wr_ptr=1 rd_ptr=1 rx_empty=1 rd_en=0 rd_data=xx
# [1294500000] DBG rx_done=0 count=0 wr_ptr=1 rd_ptr=1 rx_empty=1 rd_en=0 rd_data=xx
# [1295500000] DBG rx_done=0 count=0 wr_ptr=1 rd_ptr=1 rx_empty=1 rd_en=0 rd_data=xx
# [1296500000] DBG rx_done=0 count=0 wr_ptr=1 rd_ptr=1 rx_empty=1 rd_en=0 rd_data=xx
# [1297500000] DBG rx_done=0 count=0 wr_ptr=1 rd_ptr=1 rx_empty=1 rd_en=0 rd_data=xx
# [1298500000] DBG rx_done=0 count=0 wr_ptr=1 rd_ptr=1 rx_empty=1 rd_en=0 rd_data=xx
# [1299500000] DBG rx_done=0 count=0 wr_ptr=1 rd_ptr=1 rx_empty=1 rd_en=0 rd_data=xx
# [1300500000] DBG rx_done=0 count=0 wr_ptr=1 rd_ptr=1 rx_empty=1 rd_en=0 rd_data=xx
# [1301500000] DBG rx_done=0 count=0 wr_ptr=1 rd_ptr=1 rx_empty=1 rd_en=0 rd_data=xx
# [1302500000] DBG rx_done=0 count=0 wr_ptr=1 rd_ptr=1 rx_empty=1 rd_en=0 rd_data=xx
# [1303500000] DBG rx_done=0 count=0 wr_ptr=1 rd_ptr=1 rx_empty=1 rd_en=0 rd_data=xx
# [1304500000] DBG rx_done=0 count=0 wr_ptr=1 rd_ptr=1 rx_empty=1 rd_en=0 rd_data=xx
# [1305500000] DBG rx_done=0 count=0 wr_ptr=1 rd_ptr=1 rx_empty=1 rd_en=0 rd_data=xx
# [1306500000] DBG rx_done=0 count=0 wr_ptr=1 rd_ptr=1 rx_empty=1 rd_en=0 rd_data=xx
# [1307500000] DBG rx_done=0 count=0 wr_ptr=1 rd_ptr=1 rx_empty=1 rd_en=0 rd_data=xx
# [1308500000] DBG rx_done=0 count=0 wr_ptr=1 rd_ptr=1 rx_empty=1 rd_en=0 rd_data=xx
# [1309500000] DBG rx_done=0 count=0 wr_ptr=1 rd_ptr=1 rx_empty=1 rd_en=0 rd_data=xx
# [1310500000] DBG rx_done=0 count=0 wr_ptr=1 rd_ptr=1 rx_empty=1 rd_en=0 rd_data=xx
# [1311500000] DBG rx_done=0 count=0 wr_ptr=1 rd_ptr=1 rx_empty=1 rd_en=0 rd_data=xx
# [1312500000] DBG rx_done=0 count=0 wr_ptr=1 rd_ptr=1 rx_empty=1 rd_en=0 rd_data=xx
# [1313500000] DBG rx_done=0 count=0 wr_ptr=1 rd_ptr=1 rx_empty=1 rd_en=0 rd_data=xx
# [1314500000] DBG rx_done=0 count=0 wr_ptr=1 rd_ptr=1 rx_empty=1 rd_en=0 rd_data=xx
# [1315500000] DBG rx_done=0 count=0 wr_ptr=1 rd_ptr=1 rx_empty=1 rd_en=0 rd_data=xx
# [1316500000] DBG rx_done=0 count=0 wr_ptr=1 rd_ptr=1 rx_empty=1 rd_en=0 rd_data=xx
# [1317500000] DBG rx_done=0 count=0 wr_ptr=1 rd_ptr=1 rx_empty=1 rd_en=0 rd_data=xx
# [1318500000] DBG rx_done=0 count=0 wr_ptr=1 rd_ptr=1 rx_empty=1 rd_en=0 rd_data=xx
# [1319500000] DBG rx_done=0 count=0 wr_ptr=1 rd_ptr=1 rx_empty=1 rd_en=0 rd_data=xx
# [1320500000] DBG rx_done=0 count=0 wr_ptr=1 rd_ptr=1 rx_empty=1 rd_en=0 rd_data=xx
# [1321500000] DBG rx_done=0 count=0 wr_ptr=1 rd_ptr=1 rx_empty=1 rd_en=0 rd_data=xx
# [1322500000] DBG rx_done=0 count=0 wr_ptr=1 rd_ptr=1 rx_empty=1 rd_en=0 rd_data=xx
# [1323500000] DBG rx_done=0 count=0 wr_ptr=1 rd_ptr=1 rx_empty=1 rd_en=0 rd_data=xx
# [1324500000] DBG rx_done=0 count=0 wr_ptr=1 rd_ptr=1 rx_empty=1 rd_en=0 rd_data=xx
# [1325500000] DBG rx_done=0 count=0 wr_ptr=1 rd_ptr=1 rx_empty=1 rd_en=0 rd_data=xx
# [1326500000] DBG rx_done=0 count=0 wr_ptr=1 rd_ptr=1 rx_empty=1 rd_en=0 rd_data=xx
# [1327500000] DBG rx_done=0 count=0 wr_ptr=1 rd_ptr=1 rx_empty=1 rd_en=0 rd_data=xx
# [1328500000] DBG rx_done=0 count=0 wr_ptr=1 rd_ptr=1 rx_empty=1 rd_en=0 rd_data=xx
# [1329500000] DBG rx_done=0 count=0 wr_ptr=1 rd_ptr=1 rx_empty=1 rd_en=0 rd_data=xx
# [1330500000] DBG rx_done=0 count=0 wr_ptr=1 rd_ptr=1 rx_empty=1 rd_en=0 rd_data=xx
# [1331500000] DBG rx_done=0 count=0 wr_ptr=1 rd_ptr=1 rx_empty=1 rd_en=0 rd_data=xx
# [1332500000] DBG rx_done=0 count=0 wr_ptr=1 rd_ptr=1 rx_empty=1 rd_en=0 rd_data=xx
# [1333500000] DBG rx_done=0 count=0 wr_ptr=1 rd_ptr=1 rx_empty=1 rd_en=0 rd_data=xx
# [1334500000] DBG rx_done=0 count=0 wr_ptr=1 rd_ptr=1 rx_empty=1 rd_en=0 rd_data=xx
# [1335500000] DBG rx_done=0 count=0 wr_ptr=1 rd_ptr=1 rx_empty=1 rd_en=0 rd_data=xx
# [1336500000] DBG rx_done=0 count=0 wr_ptr=1 rd_ptr=1 rx_empty=1 rd_en=0 rd_data=xx
# [1337500000] DBG rx_done=0 count=0 wr_ptr=1 rd_ptr=1 rx_empty=1 rd_en=0 rd_data=xx
# [1338500000] DBG rx_done=0 count=0 wr_ptr=1 rd_ptr=1 rx_empty=1 rd_en=0 rd_data=xx
# [1339500000] DBG rx_done=0 count=0 wr_ptr=1 rd_ptr=1 rx_empty=1 rd_en=0 rd_data=xx
# [1340500000] DBG rx_done=0 count=0 wr_ptr=1 rd_ptr=1 rx_empty=1 rd_en=0 rd_data=xx
# [1341500000] DBG rx_done=0 count=0 wr_ptr=1 rd_ptr=1 rx_empty=1 rd_en=0 rd_data=xx
# [1342500000] DBG rx_done=0 count=0 wr_ptr=1 rd_ptr=1 rx_empty=1 rd_en=0 rd_data=xx
# [1343500000] DBG rx_done=0 count=0 wr_ptr=1 rd_ptr=1 rx_empty=1 rd_en=0 rd_data=xx
# [1344500000] DBG rx_done=0 count=0 wr_ptr=1 rd_ptr=1 rx_empty=1 rd_en=0 rd_data=xx
# [1345500000] DBG rx_done=0 count=0 wr_ptr=1 rd_ptr=1 rx_empty=1 rd_en=0 rd_data=xx
# [1346500000] DBG rx_done=0 count=0 wr_ptr=1 rd_ptr=1 rx_empty=1 rd_en=0 rd_data=xx
# [1347500000] DBG rx_done=0 count=0 wr_ptr=1 rd_ptr=1 rx_empty=1 rd_en=0 rd_data=xx
# [1348500000] DBG rx_done=0 count=0 wr_ptr=1 rd_ptr=1 rx_empty=1 rd_en=0 rd_data=xx
# [1349500000] DBG rx_done=0 count=0 wr_ptr=1 rd_ptr=1 rx_empty=1 rd_en=0 rd_data=xx
# [1350500000] DBG rx_done=0 count=0 wr_ptr=1 rd_ptr=1 rx_empty=1 rd_en=0 rd_data=xx
# [1351500000] DBG rx_done=0 count=0 wr_ptr=1 rd_ptr=1 rx_empty=1 rd_en=0 rd_data=xx
# [1352500000] DBG rx_done=0 count=0 wr_ptr=1 rd_ptr=1 rx_empty=1 rd_en=0 rd_data=xx
# [1353500000] DBG rx_done=0 count=0 wr_ptr=1 rd_ptr=1 rx_empty=1 rd_en=0 rd_data=xx
# [1354500000] DBG rx_done=0 count=0 wr_ptr=1 rd_ptr=1 rx_empty=1 rd_en=0 rd_data=xx
# [1355500000] DBG rx_done=0 count=0 wr_ptr=1 rd_ptr=1 rx_empty=1 rd_en=0 rd_data=xx
# [1356500000] DBG rx_done=0 count=0 wr_ptr=1 rd_ptr=1 rx_empty=1 rd_en=0 rd_data=xx
# [1357500000] DBG rx_done=0 count=0 wr_ptr=1 rd_ptr=1 rx_empty=1 rd_en=0 rd_data=xx
# [1358500000] DBG rx_done=0 count=0 wr_ptr=1 rd_ptr=1 rx_empty=1 rd_en=0 rd_data=xx
# [1359500000] DBG rx_done=0 count=0 wr_ptr=1 rd_ptr=1 rx_empty=1 rd_en=0 rd_data=xx
# [1360500000] DBG rx_done=0 count=0 wr_ptr=1 rd_ptr=1 rx_empty=1 rd_en=0 rd_data=xx
# [1361500000] DBG rx_done=0 count=0 wr_ptr=1 rd_ptr=1 rx_empty=1 rd_en=0 rd_data=xx
# [1362500000] DBG rx_done=0 count=0 wr_ptr=1 rd_ptr=1 rx_empty=1 rd_en=0 rd_data=xx
# [1363500000] DBG rx_done=0 count=0 wr_ptr=1 rd_ptr=1 rx_empty=1 rd_en=0 rd_data=xx
# [1364500000] DBG rx_done=0 count=0 wr_ptr=1 rd_ptr=1 rx_empty=1 rd_en=0 rd_data=xx
# [1365500000] DBG rx_done=0 count=0 wr_ptr=1 rd_ptr=1 rx_empty=1 rd_en=0 rd_data=xx
# [1366500000] DBG rx_done=0 count=0 wr_ptr=1 rd_ptr=1 rx_empty=1 rd_en=0 rd_data=xx
# [1367500000] DBG rx_done=0 count=0 wr_ptr=1 rd_ptr=1 rx_empty=1 rd_en=0 rd_data=xx
# [1368500000] DBG rx_done=0 count=0 wr_ptr=1 rd_ptr=1 rx_empty=1 rd_en=0 rd_data=xx
# [1369500000] DBG rx_done=0 count=0 wr_ptr=1 rd_ptr=1 rx_empty=1 rd_en=0 rd_data=xx
# [1370500000] DBG rx_done=0 count=0 wr_ptr=1 rd_ptr=1 rx_empty=1 rd_en=0 rd_data=xx
# [1371500000] DBG rx_done=0 count=0 wr_ptr=1 rd_ptr=1 rx_empty=1 rd_en=0 rd_data=xx
# [1372500000] DBG rx_done=0 count=0 wr_ptr=1 rd_ptr=1 rx_empty=1 rd_en=0 rd_data=xx
# [1373500000] DBG rx_done=0 count=0 wr_ptr=1 rd_ptr=1 rx_empty=1 rd_en=0 rd_data=xx
# [1374500000] DBG rx_done=0 count=0 wr_ptr=1 rd_ptr=1 rx_empty=1 rd_en=0 rd_data=xx
# [1375500000] DBG rx_done=0 count=0 wr_ptr=1 rd_ptr=1 rx_empty=1 rd_en=0 rd_data=xx
# [1376500000] DBG rx_done=0 count=0 wr_ptr=1 rd_ptr=1 rx_empty=1 rd_en=0 rd_data=xx
# [1377500000] DBG rx_done=0 count=0 wr_ptr=1 rd_ptr=1 rx_empty=1 rd_en=0 rd_data=xx
# [1378500000] DBG rx_done=0 count=0 wr_ptr=1 rd_ptr=1 rx_empty=1 rd_en=0 rd_data=xx
# [1379500000] DBG rx_done=0 count=0 wr_ptr=1 rd_ptr=1 rx_empty=1 rd_en=0 rd_data=xx
# [1380500000] DBG rx_done=0 count=0 wr_ptr=1 rd_ptr=1 rx_empty=1 rd_en=0 rd_data=xx
# [1381500000] DBG rx_done=0 count=0 wr_ptr=1 rd_ptr=1 rx_empty=1 rd_en=0 rd_data=xx
# [1382500000] DBG rx_done=0 count=0 wr_ptr=1 rd_ptr=1 rx_empty=1 rd_en=0 rd_data=xx
# [1383500000] DBG rx_done=0 count=0 wr_ptr=1 rd_ptr=1 rx_empty=1 rd_en=0 rd_data=xx
# [1384500000] DBG rx_done=0 count=0 wr_ptr=1 rd_ptr=1 rx_empty=1 rd_en=0 rd_data=xx
# [1385500000] DBG rx_done=0 count=0 wr_ptr=1 rd_ptr=1 rx_empty=1 rd_en=0 rd_data=xx
# [1386500000] DBG rx_done=0 count=0 wr_ptr=1 rd_ptr=1 rx_empty=1 rd_en=0 rd_data=xx
# [1387500000] DBG rx_done=0 count=0 wr_ptr=1 rd_ptr=1 rx_empty=1 rd_en=0 rd_data=xx
# [1388500000] DBG rx_done=0 count=0 wr_ptr=1 rd_ptr=1 rx_empty=1 rd_en=0 rd_data=xx
# [1389500000] DBG rx_done=0 count=0 wr_ptr=1 rd_ptr=1 rx_empty=1 rd_en=0 rd_data=xx
# [1390500000] DBG rx_done=0 count=0 wr_ptr=1 rd_ptr=1 rx_empty=1 rd_en=0 rd_data=xx
# [1391500000] DBG rx_done=0 count=0 wr_ptr=1 rd_ptr=1 rx_empty=1 rd_en=0 rd_data=xx
# [1392500000] DBG rx_done=0 count=0 wr_ptr=1 rd_ptr=1 rx_empty=1 rd_en=0 rd_data=xx
# [1393500000] DBG rx_done=0 count=0 wr_ptr=1 rd_ptr=1 rx_empty=1 rd_en=0 rd_data=xx
# [1394500000] DBG rx_done=0 count=0 wr_ptr=1 rd_ptr=1 rx_empty=1 rd_en=0 rd_data=xx
# [1395500000] DBG rx_done=0 count=0 wr_ptr=1 rd_ptr=1 rx_empty=1 rd_en=0 rd_data=xx
# [1396500000] DBG rx_done=0 count=0 wr_ptr=1 rd_ptr=1 rx_empty=1 rd_en=0 rd_data=xx
# [1397500000] DBG rx_done=0 count=0 wr_ptr=1 rd_ptr=1 rx_empty=1 rd_en=0 rd_data=xx
# [1398500000] DBG rx_done=0 count=0 wr_ptr=1 rd_ptr=1 rx_empty=1 rd_en=0 rd_data=xx
# [1399500000] DBG rx_done=0 count=0 wr_ptr=1 rd_ptr=1 rx_empty=1 rd_en=0 rd_data=xx
# [1400500000] DBG rx_done=0 count=0 wr_ptr=1 rd_ptr=1 rx_empty=1 rd_en=0 rd_data=xx
# [1401500000] DBG rx_done=0 count=0 wr_ptr=1 rd_ptr=1 rx_empty=1 rd_en=0 rd_data=xx
# [1402500000] DBG rx_done=0 count=0 wr_ptr=1 rd_ptr=1 rx_empty=1 rd_en=0 rd_data=xx
# [1403500000] DBG rx_done=0 count=0 wr_ptr=1 rd_ptr=1 rx_empty=1 rd_en=0 rd_data=xx
# [1404500000] DBG rx_done=0 count=0 wr_ptr=1 rd_ptr=1 rx_empty=1 rd_en=0 rd_data=xx
# [1405500000] DBG rx_done=0 count=0 wr_ptr=1 rd_ptr=1 rx_empty=1 rd_en=0 rd_data=xx
# [1406500000] DBG rx_done=0 count=0 wr_ptr=1 rd_ptr=1 rx_empty=1 rd_en=0 rd_data=xx
# [1407500000] DBG rx_done=0 count=0 wr_ptr=1 rd_ptr=1 rx_empty=1 rd_en=0 rd_data=xx
# [1408500000] DBG rx_done=0 count=0 wr_ptr=1 rd_ptr=1 rx_empty=1 rd_en=0 rd_data=xx
# [1409500000] DBG rx_done=0 count=0 wr_ptr=1 rd_ptr=1 rx_empty=1 rd_en=0 rd_data=xx
# [1410500000] DBG rx_done=0 count=0 wr_ptr=1 rd_ptr=1 rx_empty=1 rd_en=0 rd_data=xx
# [1411500000] DBG rx_done=0 count=0 wr_ptr=1 rd_ptr=1 rx_empty=1 rd_en=0 rd_data=xx
# [1412500000] DBG rx_done=0 count=0 wr_ptr=1 rd_ptr=1 rx_empty=1 rd_en=0 rd_data=xx
# [1413500000] DBG rx_done=0 count=0 wr_ptr=1 rd_ptr=1 rx_empty=1 rd_en=0 rd_data=xx
# [1414500000] DBG rx_done=0 count=0 wr_ptr=1 rd_ptr=1 rx_empty=1 rd_en=0 rd_data=xx
# [1415500000] DBG rx_done=0 count=0 wr_ptr=1 rd_ptr=1 rx_empty=1 rd_en=0 rd_data=xx
# [1416500000] DBG rx_done=0 count=0 wr_ptr=1 rd_ptr=1 rx_empty=1 rd_en=0 rd_data=xx
# [1417500000] DBG rx_done=0 count=0 wr_ptr=1 rd_ptr=1 rx_empty=1 rd_en=0 rd_data=xx
# [1418500000] DBG rx_done=0 count=0 wr_ptr=1 rd_ptr=1 rx_empty=1 rd_en=0 rd_data=xx
# [1419500000] DBG rx_done=0 count=0 wr_ptr=1 rd_ptr=1 rx_empty=1 rd_en=0 rd_data=xx
# [1420500000] DBG rx_done=0 count=0 wr_ptr=1 rd_ptr=1 rx_empty=1 rd_en=0 rd_data=xx
# [1421500000] DBG rx_done=0 count=0 wr_ptr=1 rd_ptr=1 rx_empty=1 rd_en=0 rd_data=xx
# [1422500000] DBG rx_done=0 count=0 wr_ptr=1 rd_ptr=1 rx_empty=1 rd_en=0 rd_data=xx
# [1423500000] DBG rx_done=0 count=0 wr_ptr=1 rd_ptr=1 rx_empty=1 rd_en=0 rd_data=xx
# [1424500000] DBG rx_done=0 count=0 wr_ptr=1 rd_ptr=1 rx_empty=1 rd_en=0 rd_data=xx
# [1425500000] DBG rx_done=0 count=0 wr_ptr=1 rd_ptr=1 rx_empty=1 rd_en=0 rd_data=xx
# [1426500000] DBG rx_done=0 count=0 wr_ptr=1 rd_ptr=1 rx_empty=1 rd_en=0 rd_data=xx
# [1427500000] DBG rx_done=0 count=0 wr_ptr=1 rd_ptr=1 rx_empty=1 rd_en=0 rd_data=xx
# [1428500000] DBG rx_done=0 count=0 wr_ptr=1 rd_ptr=1 rx_empty=1 rd_en=0 rd_data=xx
# [1429500000] DBG rx_done=0 count=0 wr_ptr=1 rd_ptr=1 rx_empty=1 rd_en=0 rd_data=xx
# [1430500000] DBG rx_done=0 count=0 wr_ptr=1 rd_ptr=1 rx_empty=1 rd_en=0 rd_data=xx
# [1431500000] DBG rx_done=0 count=0 wr_ptr=1 rd_ptr=1 rx_empty=1 rd_en=0 rd_data=xx
# [1432500000] DBG rx_done=0 count=0 wr_ptr=1 rd_ptr=1 rx_empty=1 rd_en=0 rd_data=xx
# [1433500000] DBG rx_done=0 count=0 wr_ptr=1 rd_ptr=1 rx_empty=1 rd_en=0 rd_data=xx
# [1434500000] DBG rx_done=0 count=0 wr_ptr=1 rd_ptr=1 rx_empty=1 rd_en=0 rd_data=xx
# [1435500000] DBG rx_done=0 count=0 wr_ptr=1 rd_ptr=1 rx_empty=1 rd_en=0 rd_data=xx
# [1436500000] DBG rx_done=0 count=0 wr_ptr=1 rd_ptr=1 rx_empty=1 rd_en=0 rd_data=xx
# [1437500000] DBG rx_done=0 count=0 wr_ptr=1 rd_ptr=1 rx_empty=1 rd_en=0 rd_data=xx
# [1438500000] DBG rx_done=0 count=0 wr_ptr=1 rd_ptr=1 rx_empty=1 rd_en=0 rd_data=xx
# [1439500000] DBG rx_done=0 count=0 wr_ptr=1 rd_ptr=1 rx_empty=1 rd_en=0 rd_data=xx
# [1440500000] DBG rx_done=0 count=0 wr_ptr=1 rd_ptr=1 rx_empty=1 rd_en=0 rd_data=xx
# [1441500000] DBG rx_done=0 count=0 wr_ptr=1 rd_ptr=1 rx_empty=1 rd_en=0 rd_data=xx
# [1442500000] DBG rx_done=0 count=0 wr_ptr=1 rd_ptr=1 rx_empty=1 rd_en=0 rd_data=xx
# [1443500000] DBG rx_done=0 count=0 wr_ptr=1 rd_ptr=1 rx_empty=1 rd_en=0 rd_data=xx
# [1444500000] DBG rx_done=0 count=0 wr_ptr=1 rd_ptr=1 rx_empty=1 rd_en=0 rd_data=xx
# [1445500000] DBG rx_done=0 count=0 wr_ptr=1 rd_ptr=1 rx_empty=1 rd_en=0 rd_data=xx
# [1446500000] DBG rx_done=0 count=0 wr_ptr=1 rd_ptr=1 rx_empty=1 rd_en=0 rd_data=xx
# [1447500000] DBG rx_done=0 count=0 wr_ptr=1 rd_ptr=1 rx_empty=1 rd_en=0 rd_data=xx
# [1448500000] DBG rx_done=0 count=0 wr_ptr=1 rd_ptr=1 rx_empty=1 rd_en=0 rd_data=xx
# [1449500000] DBG rx_done=0 count=0 wr_ptr=1 rd_ptr=1 rx_empty=1 rd_en=0 rd_data=xx
# [1450500000] DBG rx_done=0 count=0 wr_ptr=1 rd_ptr=1 rx_empty=1 rd_en=0 rd_data=xx
# [1451500000] DBG rx_done=0 count=0 wr_ptr=1 rd_ptr=1 rx_empty=1 rd_en=0 rd_data=xx
# [1452500000] DBG rx_done=0 count=0 wr_ptr=1 rd_ptr=1 rx_empty=1 rd_en=0 rd_data=xx
# [1453500000] DBG rx_done=0 count=0 wr_ptr=1 rd_ptr=1 rx_empty=1 rd_en=0 rd_data=xx
# [1454500000] DBG rx_done=0 count=0 wr_ptr=1 rd_ptr=1 rx_empty=1 rd_en=0 rd_data=xx
# [1455500000] DBG rx_done=0 count=0 wr_ptr=1 rd_ptr=1 rx_empty=1 rd_en=0 rd_data=xx
# [1456500000] DBG rx_done=0 count=0 wr_ptr=1 rd_ptr=1 rx_empty=1 rd_en=0 rd_data=xx
# [1457500000] DBG rx_done=0 count=0 wr_ptr=1 rd_ptr=1 rx_empty=1 rd_en=0 rd_data=xx
# [1458500000] DBG rx_done=0 count=0 wr_ptr=1 rd_ptr=1 rx_empty=1 rd_en=0 rd_data=xx
# [1459500000] DBG rx_done=0 count=0 wr_ptr=1 rd_ptr=1 rx_empty=1 rd_en=0 rd_data=xx
# [1460500000] DBG rx_done=0 count=0 wr_ptr=1 rd_ptr=1 rx_empty=1 rd_en=0 rd_data=xx
# [1461500000] DBG rx_done=0 count=0 wr_ptr=1 rd_ptr=1 rx_empty=1 rd_en=0 rd_data=xx
# [1462500000] DBG rx_done=0 count=0 wr_ptr=1 rd_ptr=1 rx_empty=1 rd_en=0 rd_data=xx
# [1463500000] DBG rx_done=0 count=0 wr_ptr=1 rd_ptr=1 rx_empty=1 rd_en=0 rd_data=xx
# [1464500000] DBG rx_done=0 count=0 wr_ptr=1 rd_ptr=1 rx_empty=1 rd_en=0 rd_data=xx
# [1465500000] DBG rx_done=0 count=0 wr_ptr=1 rd_ptr=1 rx_empty=1 rd_en=0 rd_data=xx
# [1466500000] DBG rx_done=0 count=0 wr_ptr=1 rd_ptr=1 rx_empty=1 rd_en=0 rd_data=xx
# [1467500000] DBG rx_done=0 count=0 wr_ptr=1 rd_ptr=1 rx_empty=1 rd_en=0 rd_data=xx
# [1468500000] DBG rx_done=0 count=0 wr_ptr=1 rd_ptr=1 rx_empty=1 rd_en=0 rd_data=xx
# [1469500000] DBG rx_done=0 count=0 wr_ptr=1 rd_ptr=1 rx_empty=1 rd_en=0 rd_data=xx
# [1470500000] DBG rx_done=0 count=0 wr_ptr=1 rd_ptr=1 rx_empty=1 rd_en=0 rd_data=xx
# [1471500000] DBG rx_done=0 count=0 wr_ptr=1 rd_ptr=1 rx_empty=1 rd_en=0 rd_data=xx
# [1472500000] DBG rx_done=0 count=0 wr_ptr=1 rd_ptr=1 rx_empty=1 rd_en=0 rd_data=xx
# [1473500000] DBG rx_done=0 count=0 wr_ptr=1 rd_ptr=1 rx_empty=1 rd_en=0 rd_data=xx
# [1474500000] DBG rx_done=0 count=0 wr_ptr=1 rd_ptr=1 rx_empty=1 rd_en=0 rd_data=xx
# [1475500000] DBG rx_done=0 count=0 wr_ptr=1 rd_ptr=1 rx_empty=1 rd_en=0 rd_data=xx
# [1476500000] DBG rx_done=0 count=0 wr_ptr=1 rd_ptr=1 rx_empty=1 rd_en=0 rd_data=xx
# [1477500000] DBG rx_done=0 count=0 wr_ptr=1 rd_ptr=1 rx_empty=1 rd_en=0 rd_data=xx
# [1478500000] DBG rx_done=0 count=0 wr_ptr=1 rd_ptr=1 rx_empty=1 rd_en=0 rd_data=xx
# [1479500000] DBG rx_done=0 count=0 wr_ptr=1 rd_ptr=1 rx_empty=1 rd_en=0 rd_data=xx
# [1480500000] DBG rx_done=0 count=0 wr_ptr=1 rd_ptr=1 rx_empty=1 rd_en=0 rd_data=xx
# [1481500000] DBG rx_done=0 count=0 wr_ptr=1 rd_ptr=1 rx_empty=1 rd_en=0 rd_data=xx
# [1482500000] DBG rx_done=0 count=0 wr_ptr=1 rd_ptr=1 rx_empty=1 rd_en=0 rd_data=xx
# [1483500000] DBG rx_done=0 count=0 wr_ptr=1 rd_ptr=1 rx_empty=1 rd_en=0 rd_data=xx
# [1484500000] DBG rx_done=0 count=0 wr_ptr=1 rd_ptr=1 rx_empty=1 rd_en=0 rd_data=xx
# [1485500000] DBG rx_done=0 count=0 wr_ptr=1 rd_ptr=1 rx_empty=1 rd_en=0 rd_data=xx
# [1486500000] DBG rx_done=0 count=0 wr_ptr=1 rd_ptr=1 rx_empty=1 rd_en=0 rd_data=xx
# [1487500000] DBG rx_done=0 count=0 wr_ptr=1 rd_ptr=1 rx_empty=1 rd_en=0 rd_data=xx
# [1488500000] DBG rx_done=0 count=0 wr_ptr=1 rd_ptr=1 rx_empty=1 rd_en=0 rd_data=xx
# [1489500000] DBG rx_done=0 count=0 wr_ptr=1 rd_ptr=1 rx_empty=1 rd_en=0 rd_data=xx
# [1490500000] DBG rx_done=0 count=0 wr_ptr=1 rd_ptr=1 rx_empty=1 rd_en=0 rd_data=xx
# [1491500000] DBG rx_done=0 count=0 wr_ptr=1 rd_ptr=1 rx_empty=1 rd_en=0 rd_data=xx
# [1492500000] DBG rx_done=0 count=0 wr_ptr=1 rd_ptr=1 rx_empty=1 rd_en=0 rd_data=xx
# [1493500000] DBG rx_done=0 count=0 wr_ptr=1 rd_ptr=1 rx_empty=1 rd_en=0 rd_data=xx
# [1494500000] DBG rx_done=0 count=0 wr_ptr=1 rd_ptr=1 rx_empty=1 rd_en=0 rd_data=xx
# [1495500000] DBG rx_done=0 count=0 wr_ptr=1 rd_ptr=1 rx_empty=1 rd_en=0 rd_data=xx
# [1496500000] DBG rx_done=0 count=0 wr_ptr=1 rd_ptr=1 rx_empty=1 rd_en=0 rd_data=xx
# [1497500000] DBG rx_done=0 count=0 wr_ptr=1 rd_ptr=1 rx_empty=1 rd_en=0 rd_data=xx
# [1498500000] DBG rx_done=0 count=0 wr_ptr=1 rd_ptr=1 rx_empty=1 rd_en=0 rd_data=xx
# [1499500000] DBG rx_done=0 count=0 wr_ptr=1 rd_ptr=1 rx_empty=1 rd_en=0 rd_data=xx
# [1500500000] DBG rx_done=0 count=0 wr_ptr=1 rd_ptr=1 rx_empty=1 rd_en=0 rd_data=xx
# [1501500000] DBG rx_done=0 count=0 wr_ptr=1 rd_ptr=1 rx_empty=1 rd_en=0 rd_data=xx
# [1502500000] DBG rx_done=0 count=0 wr_ptr=1 rd_ptr=1 rx_empty=1 rd_en=0 rd_data=xx
# [1503500000] DBG rx_done=0 count=0 wr_ptr=1 rd_ptr=1 rx_empty=1 rd_en=0 rd_data=xx
# [1504500000] DBG rx_done=0 count=0 wr_ptr=1 rd_ptr=1 rx_empty=1 rd_en=0 rd_data=xx
# [1505500000] DBG rx_done=0 count=0 wr_ptr=1 rd_ptr=1 rx_empty=1 rd_en=0 rd_data=xx
# [1506500000] DBG rx_done=0 count=0 wr_ptr=1 rd_ptr=1 rx_empty=1 rd_en=0 rd_data=xx
# [1507500000] DBG rx_done=0 count=0 wr_ptr=1 rd_ptr=1 rx_empty=1 rd_en=0 rd_data=xx
# [1508500000] DBG rx_done=0 count=0 wr_ptr=1 rd_ptr=1 rx_empty=1 rd_en=0 rd_data=xx
# [1509500000] DBG rx_done=0 count=0 wr_ptr=1 rd_ptr=1 rx_empty=1 rd_en=0 rd_data=xx
# [1510500000] DBG rx_done=0 count=0 wr_ptr=1 rd_ptr=1 rx_empty=1 rd_en=0 rd_data=xx
# [1511500000] DBG rx_done=0 count=0 wr_ptr=1 rd_ptr=1 rx_empty=1 rd_en=0 rd_data=xx
# [1512500000] DBG rx_done=0 count=0 wr_ptr=1 rd_ptr=1 rx_empty=1 rd_en=0 rd_data=xx
# [1513500000] DBG rx_done=0 count=0 wr_ptr=1 rd_ptr=1 rx_empty=1 rd_en=0 rd_data=xx
# [1514500000] DBG rx_done=0 count=0 wr_ptr=1 rd_ptr=1 rx_empty=1 rd_en=0 rd_data=xx
# [1515500000] DBG rx_done=0 count=0 wr_ptr=1 rd_ptr=1 rx_empty=1 rd_en=0 rd_data=xx
# [1516500000] DBG rx_done=0 count=0 wr_ptr=1 rd_ptr=1 rx_empty=1 rd_en=0 rd_data=xx
# [1517500000] DBG rx_done=0 count=0 wr_ptr=1 rd_ptr=1 rx_empty=1 rd_en=0 rd_data=xx
# [1518500000] DBG rx_done=0 count=0 wr_ptr=1 rd_ptr=1 rx_empty=1 rd_en=0 rd_data=xx
# [1519500000] DBG rx_done=0 count=0 wr_ptr=1 rd_ptr=1 rx_empty=1 rd_en=0 rd_data=xx
# [1520500000] DBG rx_done=0 count=0 wr_ptr=1 rd_ptr=1 rx_empty=1 rd_en=0 rd_data=xx
# [1521500000] DBG rx_done=0 count=0 wr_ptr=1 rd_ptr=1 rx_empty=1 rd_en=0 rd_data=xx
# [1522500000] DBG rx_done=0 count=0 wr_ptr=1 rd_ptr=1 rx_empty=1 rd_en=0 rd_data=xx
# [1523500000] DBG rx_done=0 count=0 wr_ptr=1 rd_ptr=1 rx_empty=1 rd_en=0 rd_data=xx
# [1524500000] DBG rx_done=0 count=0 wr_ptr=1 rd_ptr=1 rx_empty=1 rd_en=0 rd_data=xx
# [1525500000] DBG rx_done=0 count=0 wr_ptr=1 rd_ptr=1 rx_empty=1 rd_en=0 rd_data=xx
# [1526500000] DBG rx_done=0 count=0 wr_ptr=1 rd_ptr=1 rx_empty=1 rd_en=0 rd_data=xx
# [1527500000] DBG rx_done=0 count=0 wr_ptr=1 rd_ptr=1 rx_empty=1 rd_en=0 rd_data=xx
# [1528500000] DBG rx_done=0 count=0 wr_ptr=1 rd_ptr=1 rx_empty=1 rd_en=0 rd_data=xx
# [1529500000] DBG rx_done=0 count=0 wr_ptr=1 rd_ptr=1 rx_empty=1 rd_en=0 rd_data=xx
# [1530500000] DBG rx_done=0 count=0 wr_ptr=1 rd_ptr=1 rx_empty=1 rd_en=0 rd_data=xx
# [1531500000] DBG rx_done=0 count=0 wr_ptr=1 rd_ptr=1 rx_empty=1 rd_en=0 rd_data=xx
# [1532500000] DBG rx_done=0 count=0 wr_ptr=1 rd_ptr=1 rx_empty=1 rd_en=0 rd_data=xx
# [1533500000] DBG rx_done=0 count=0 wr_ptr=1 rd_ptr=1 rx_empty=1 rd_en=0 rd_data=xx
# [1534500000] DBG rx_done=0 count=0 wr_ptr=1 rd_ptr=1 rx_empty=1 rd_en=0 rd_data=xx
# [1535500000] DBG rx_done=0 count=0 wr_ptr=1 rd_ptr=1 rx_empty=1 rd_en=0 rd_data=xx
# [1536500000] DBG rx_done=0 count=0 wr_ptr=1 rd_ptr=1 rx_empty=1 rd_en=0 rd_data=xx
# [1537500000] DBG rx_done=0 count=0 wr_ptr=1 rd_ptr=1 rx_empty=1 rd_en=0 rd_data=xx
# [1538500000] DBG rx_done=0 count=0 wr_ptr=1 rd_ptr=1 rx_empty=1 rd_en=0 rd_data=xx
# [1539500000] DBG rx_done=0 count=0 wr_ptr=1 rd_ptr=1 rx_empty=1 rd_en=0 rd_data=xx
# [1540500000] DBG rx_done=0 count=0 wr_ptr=1 rd_ptr=1 rx_empty=1 rd_en=0 rd_data=xx
# [1541500000] DBG rx_done=0 count=0 wr_ptr=1 rd_ptr=1 rx_empty=1 rd_en=0 rd_data=xx
# [1542500000] DBG rx_done=0 count=0 wr_ptr=1 rd_ptr=1 rx_empty=1 rd_en=0 rd_data=xx
# [1543500000] DBG rx_done=0 count=0 wr_ptr=1 rd_ptr=1 rx_empty=1 rd_en=0 rd_data=xx
# [1544500000] DBG rx_done=0 count=0 wr_ptr=1 rd_ptr=1 rx_empty=1 rd_en=0 rd_data=xx
# [1545500000] DBG rx_done=0 count=0 wr_ptr=1 rd_ptr=1 rx_empty=1 rd_en=0 rd_data=xx
# [1546500000] DBG rx_done=0 count=0 wr_ptr=1 rd_ptr=1 rx_empty=1 rd_en=0 rd_data=xx
# [1547500000] DBG rx_done=0 count=0 wr_ptr=1 rd_ptr=1 rx_empty=1 rd_en=0 rd_data=xx
# [1548500000] DBG rx_done=0 count=0 wr_ptr=1 rd_ptr=1 rx_empty=1 rd_en=0 rd_data=xx
# [1549500000] DBG rx_done=0 count=0 wr_ptr=1 rd_ptr=1 rx_empty=1 rd_en=0 rd_data=xx
# [1550500000] DBG rx_done=0 count=0 wr_ptr=1 rd_ptr=1 rx_empty=1 rd_en=0 rd_data=xx
# [1551500000] DBG rx_done=0 count=0 wr_ptr=1 rd_ptr=1 rx_empty=1 rd_en=0 rd_data=xx
# [1552500000] DBG rx_done=0 count=0 wr_ptr=1 rd_ptr=1 rx_empty=1 rd_en=0 rd_data=xx
# [1553500000] DBG rx_done=0 count=0 wr_ptr=1 rd_ptr=1 rx_empty=1 rd_en=0 rd_data=xx
# [1554500000] DBG rx_done=0 count=0 wr_ptr=1 rd_ptr=1 rx_empty=1 rd_en=0 rd_data=xx
# [1555500000] DBG rx_done=0 count=0 wr_ptr=1 rd_ptr=1 rx_empty=1 rd_en=0 rd_data=xx
# [1556500000] DBG rx_done=0 count=0 wr_ptr=1 rd_ptr=1 rx_empty=1 rd_en=0 rd_data=xx
# [1557500000] DBG rx_done=0 count=0 wr_ptr=1 rd_ptr=1 rx_empty=1 rd_en=0 rd_data=xx
# [1558500000] DBG rx_done=0 count=0 wr_ptr=1 rd_ptr=1 rx_empty=1 rd_en=0 rd_data=xx
# [1559500000] DBG rx_done=0 count=0 wr_ptr=1 rd_ptr=1 rx_empty=1 rd_en=0 rd_data=xx
# [1560500000] DBG rx_done=0 count=0 wr_ptr=1 rd_ptr=1 rx_empty=1 rd_en=0 rd_data=xx
# [1561500000] DBG rx_done=0 count=0 wr_ptr=1 rd_ptr=1 rx_empty=1 rd_en=0 rd_data=xx
# [1562500000] DBG rx_done=0 count=0 wr_ptr=1 rd_ptr=1 rx_empty=1 rd_en=0 rd_data=xx
# [1563500000] DBG rx_done=0 count=0 wr_ptr=1 rd_ptr=1 rx_empty=1 rd_en=0 rd_data=xx
# [1564500000] DBG rx_done=0 count=0 wr_ptr=1 rd_ptr=1 rx_empty=1 rd_en=0 rd_data=xx
# [1565500000] DBG rx_done=0 count=0 wr_ptr=1 rd_ptr=1 rx_empty=1 rd_en=0 rd_data=xx
# [1566500000] DBG rx_done=0 count=0 wr_ptr=1 rd_ptr=1 rx_empty=1 rd_en=0 rd_data=xx
# [1567500000] DBG rx_done=0 count=0 wr_ptr=1 rd_ptr=1 rx_empty=1 rd_en=0 rd_data=xx
# [1568500000] DBG rx_done=0 count=0 wr_ptr=1 rd_ptr=1 rx_empty=1 rd_en=0 rd_data=xx
# [1569500000] DBG rx_done=0 count=0 wr_ptr=1 rd_ptr=1 rx_empty=1 rd_en=0 rd_data=xx
# [1570500000] DBG rx_done=0 count=0 wr_ptr=1 rd_ptr=1 rx_empty=1 rd_en=0 rd_data=xx
# [1571500000] DBG rx_done=0 count=0 wr_ptr=1 rd_ptr=1 rx_empty=1 rd_en=0 rd_data=xx
# [1572500000] DBG rx_done=0 count=0 wr_ptr=1 rd_ptr=1 rx_empty=1 rd_en=0 rd_data=xx
# [1573500000] DBG rx_done=0 count=0 wr_ptr=1 rd_ptr=1 rx_empty=1 rd_en=0 rd_data=xx
# [1574500000] DBG rx_done=0 count=0 wr_ptr=1 rd_ptr=1 rx_empty=1 rd_en=0 rd_data=xx
# [1575500000] DBG rx_done=0 count=0 wr_ptr=1 rd_ptr=1 rx_empty=1 rd_en=0 rd_data=xx
# [1576500000] DBG rx_done=0 count=0 wr_ptr=1 rd_ptr=1 rx_empty=1 rd_en=0 rd_data=xx
# [1577500000] DBG rx_done=0 count=0 wr_ptr=1 rd_ptr=1 rx_empty=1 rd_en=0 rd_data=xx
# [1578500000] DBG rx_done=0 count=0 wr_ptr=1 rd_ptr=1 rx_empty=1 rd_en=0 rd_data=xx
# [1579500000] DBG rx_done=0 count=0 wr_ptr=1 rd_ptr=1 rx_empty=1 rd_en=0 rd_data=xx
# [1580500000] DBG rx_done=0 count=0 wr_ptr=1 rd_ptr=1 rx_empty=1 rd_en=0 rd_data=xx
# [1581500000] DBG rx_done=0 count=0 wr_ptr=1 rd_ptr=1 rx_empty=1 rd_en=0 rd_data=xx
# [1582500000] DBG rx_done=0 count=0 wr_ptr=1 rd_ptr=1 rx_empty=1 rd_en=0 rd_data=xx
# [1583500000] DBG rx_done=0 count=0 wr_ptr=1 rd_ptr=1 rx_empty=1 rd_en=0 rd_data=xx
# [1584500000] DBG rx_done=0 count=0 wr_ptr=1 rd_ptr=1 rx_empty=1 rd_en=0 rd_data=xx
# [1585500000] DBG rx_done=0 count=0 wr_ptr=1 rd_ptr=1 rx_empty=1 rd_en=0 rd_data=xx
# [1586500000] DBG rx_done=0 count=0 wr_ptr=1 rd_ptr=1 rx_empty=1 rd_en=0 rd_data=xx
# [1587500000] DBG rx_done=0 count=0 wr_ptr=1 rd_ptr=1 rx_empty=1 rd_en=0 rd_data=xx
# [1588500000] DBG rx_done=0 count=0 wr_ptr=1 rd_ptr=1 rx_empty=1 rd_en=0 rd_data=xx
# [1589500000] DBG rx_done=0 count=0 wr_ptr=1 rd_ptr=1 rx_empty=1 rd_en=0 rd_data=xx
# [1590500000] DBG rx_done=0 count=0 wr_ptr=1 rd_ptr=1 rx_empty=1 rd_en=0 rd_data=xx
# [1591500000] DBG rx_done=0 count=0 wr_ptr=1 rd_ptr=1 rx_empty=1 rd_en=0 rd_data=xx
# [1592500000] DBG rx_done=0 count=0 wr_ptr=1 rd_ptr=1 rx_empty=1 rd_en=0 rd_data=xx
# [1593500000] DBG rx_done=0 count=0 wr_ptr=1 rd_ptr=1 rx_empty=1 rd_en=0 rd_data=xx
# [1594500000] DBG rx_done=0 count=0 wr_ptr=1 rd_ptr=1 rx_empty=1 rd_en=0 rd_data=xx
# [1595500000] DBG rx_done=0 count=0 wr_ptr=1 rd_ptr=1 rx_empty=1 rd_en=0 rd_data=xx
# [1596500000] DBG rx_done=0 count=0 wr_ptr=1 rd_ptr=1 rx_empty=1 rd_en=0 rd_data=xx
# [1597500000] DBG rx_done=0 count=0 wr_ptr=1 rd_ptr=1 rx_empty=1 rd_en=0 rd_data=xx
# [1598500000] DBG rx_done=0 count=0 wr_ptr=1 rd_ptr=1 rx_empty=1 rd_en=0 rd_data=xx
# [1599500000] DBG rx_done=0 count=0 wr_ptr=1 rd_ptr=1 rx_empty=1 rd_en=0 rd_data=xx
# [1600500000] DBG rx_done=0 count=0 wr_ptr=1 rd_ptr=1 rx_empty=1 rd_en=0 rd_data=xx
# [1601500000] DBG rx_done=0 count=0 wr_ptr=1 rd_ptr=1 rx_empty=1 rd_en=0 rd_data=xx
# [1602500000] DBG rx_done=0 count=0 wr_ptr=1 rd_ptr=1 rx_empty=1 rd_en=0 rd_data=xx
# [1603500000] DBG rx_done=0 count=0 wr_ptr=1 rd_ptr=1 rx_empty=1 rd_en=0 rd_data=xx
# [1604500000] DBG rx_done=0 count=0 wr_ptr=1 rd_ptr=1 rx_empty=1 rd_en=0 rd_data=xx
# [1605500000] DBG rx_done=0 count=0 wr_ptr=1 rd_ptr=1 rx_empty=1 rd_en=0 rd_data=xx
# [1606500000] DBG rx_done=0 count=0 wr_ptr=1 rd_ptr=1 rx_empty=1 rd_en=0 rd_data=xx
# [1607500000] DBG rx_done=0 count=0 wr_ptr=1 rd_ptr=1 rx_empty=1 rd_en=0 rd_data=xx
# [1608500000] DBG rx_done=0 count=0 wr_ptr=1 rd_ptr=1 rx_empty=1 rd_en=0 rd_data=xx
# [1609500000] DBG rx_done=0 count=0 wr_ptr=1 rd_ptr=1 rx_empty=1 rd_en=0 rd_data=xx
# [1610500000] DBG rx_done=0 count=0 wr_ptr=1 rd_ptr=1 rx_empty=1 rd_en=0 rd_data=xx
# [1611500000] DBG rx_done=0 count=0 wr_ptr=1 rd_ptr=1 rx_empty=1 rd_en=0 rd_data=xx
# [1612500000] DBG rx_done=0 count=0 wr_ptr=1 rd_ptr=1 rx_empty=1 rd_en=0 rd_data=xx
# [1613500000] DBG rx_done=0 count=0 wr_ptr=1 rd_ptr=1 rx_empty=1 rd_en=0 rd_data=xx
# [1614500000] DBG rx_done=0 count=0 wr_ptr=1 rd_ptr=1 rx_empty=1 rd_en=0 rd_data=xx
# [1615500000] DBG rx_done=0 count=0 wr_ptr=1 rd_ptr=1 rx_empty=1 rd_en=0 rd_data=xx
# [1616500000] DBG rx_done=0 count=0 wr_ptr=1 rd_ptr=1 rx_empty=1 rd_en=0 rd_data=xx
# [1617500000] DBG rx_done=0 count=0 wr_ptr=1 rd_ptr=1 rx_empty=1 rd_en=0 rd_data=xx
# [1618500000] DBG rx_done=0 count=0 wr_ptr=1 rd_ptr=1 rx_empty=1 rd_en=0 rd_data=xx
# [1619500000] DBG rx_done=0 count=0 wr_ptr=1 rd_ptr=1 rx_empty=1 rd_en=0 rd_data=xx
# [1620500000] DBG rx_done=0 count=0 wr_ptr=1 rd_ptr=1 rx_empty=1 rd_en=0 rd_data=xx
# [1621500000] DBG rx_done=0 count=0 wr_ptr=1 rd_ptr=1 rx_empty=1 rd_en=0 rd_data=xx
# [1622500000] DBG rx_done=0 count=0 wr_ptr=1 rd_ptr=1 rx_empty=1 rd_en=0 rd_data=xx
# [1623500000] DBG rx_done=0 count=0 wr_ptr=1 rd_ptr=1 rx_empty=1 rd_en=0 rd_data=xx
# [1624500000] DBG rx_done=0 count=0 wr_ptr=1 rd_ptr=1 rx_empty=1 rd_en=0 rd_data=xx
# [1625500000] DBG rx_done=0 count=0 wr_ptr=1 rd_ptr=1 rx_empty=1 rd_en=0 rd_data=xx
# [1626500000] DBG rx_done=0 count=0 wr_ptr=1 rd_ptr=1 rx_empty=1 rd_en=0 rd_data=xx
# [1627500000] DBG rx_done=0 count=0 wr_ptr=1 rd_ptr=1 rx_empty=1 rd_en=0 rd_data=xx
# [1628500000] DBG rx_done=0 count=0 wr_ptr=1 rd_ptr=1 rx_empty=1 rd_en=0 rd_data=xx
# [1629500000] DBG rx_done=0 count=0 wr_ptr=1 rd_ptr=1 rx_empty=1 rd_en=0 rd_data=xx
# [1630500000] DBG rx_done=0 count=0 wr_ptr=1 rd_ptr=1 rx_empty=1 rd_en=0 rd_data=xx
# [1631500000] DBG rx_done=0 count=0 wr_ptr=1 rd_ptr=1 rx_empty=1 rd_en=0 rd_data=xx
# [1632500000] DBG rx_done=0 count=0 wr_ptr=1 rd_ptr=1 rx_empty=1 rd_en=0 rd_data=xx
# [1633500000] DBG rx_done=0 count=0 wr_ptr=1 rd_ptr=1 rx_empty=1 rd_en=0 rd_data=xx
# [1634500000] DBG rx_done=0 count=0 wr_ptr=1 rd_ptr=1 rx_empty=1 rd_en=0 rd_data=xx
# [1635500000] DBG rx_done=0 count=0 wr_ptr=1 rd_ptr=1 rx_empty=1 rd_en=0 rd_data=xx
# [1636500000] DBG rx_done=0 count=0 wr_ptr=1 rd_ptr=1 rx_empty=1 rd_en=0 rd_data=xx
# [1637500000] DBG rx_done=0 count=0 wr_ptr=1 rd_ptr=1 rx_empty=1 rd_en=0 rd_data=xx
# [1638500000] DBG rx_done=0 count=0 wr_ptr=1 rd_ptr=1 rx_empty=1 rd_en=0 rd_data=xx
# [1639500000] DBG rx_done=0 count=0 wr_ptr=1 rd_ptr=1 rx_empty=1 rd_en=0 rd_data=xx
# [1640500000] DBG rx_done=0 count=0 wr_ptr=1 rd_ptr=1 rx_empty=1 rd_en=0 rd_data=xx
# [1641500000] DBG rx_done=0 count=0 wr_ptr=1 rd_ptr=1 rx_empty=1 rd_en=0 rd_data=xx
# [1642500000] DBG rx_done=0 count=0 wr_ptr=1 rd_ptr=1 rx_empty=1 rd_en=0 rd_data=xx
# [1643500000] DBG rx_done=0 count=0 wr_ptr=1 rd_ptr=1 rx_empty=1 rd_en=0 rd_data=xx
# [1644500000] DBG rx_done=0 count=0 wr_ptr=1 rd_ptr=1 rx_empty=1 rd_en=0 rd_data=xx
# [1645500000] DBG rx_done=0 count=0 wr_ptr=1 rd_ptr=1 rx_empty=1 rd_en=0 rd_data=xx
# [1646500000] DBG rx_done=0 count=0 wr_ptr=1 rd_ptr=1 rx_empty=1 rd_en=0 rd_data=xx
# [1647500000] DBG rx_done=0 count=0 wr_ptr=1 rd_ptr=1 rx_empty=1 rd_en=0 rd_data=xx
# [1648500000] DBG rx_done=0 count=0 wr_ptr=1 rd_ptr=1 rx_empty=1 rd_en=0 rd_data=xx
# [1649500000] DBG rx_done=0 count=0 wr_ptr=1 rd_ptr=1 rx_empty=1 rd_en=0 rd_data=xx
# [1650500000] DBG rx_done=0 count=0 wr_ptr=1 rd_ptr=1 rx_empty=1 rd_en=0 rd_data=xx
# [1651500000] DBG rx_done=0 count=0 wr_ptr=1 rd_ptr=1 rx_empty=1 rd_en=0 rd_data=xx
# [1652500000] DBG rx_done=0 count=0 wr_ptr=1 rd_ptr=1 rx_empty=1 rd_en=0 rd_data=xx
# [1653500000] DBG rx_done=0 count=0 wr_ptr=1 rd_ptr=1 rx_empty=1 rd_en=0 rd_data=xx
# [1654500000] DBG rx_done=0 count=0 wr_ptr=1 rd_ptr=1 rx_empty=1 rd_en=0 rd_data=xx
# [1655500000] DBG rx_done=0 count=0 wr_ptr=1 rd_ptr=1 rx_empty=1 rd_en=0 rd_data=xx
# [1656500000] DBG rx_done=0 count=0 wr_ptr=1 rd_ptr=1 rx_empty=1 rd_en=0 rd_data=xx
# [1657500000] DBG rx_done=0 count=0 wr_ptr=1 rd_ptr=1 rx_empty=1 rd_en=0 rd_data=xx
# [1658500000] DBG rx_done=0 count=0 wr_ptr=1 rd_ptr=1 rx_empty=1 rd_en=0 rd_data=xx
# [1659500000] DBG rx_done=0 count=0 wr_ptr=1 rd_ptr=1 rx_empty=1 rd_en=0 rd_data=xx
# [1660500000] DBG rx_done=0 count=0 wr_ptr=1 rd_ptr=1 rx_empty=1 rd_en=0 rd_data=xx
# [1661500000] DBG rx_done=0 count=0 wr_ptr=1 rd_ptr=1 rx_empty=1 rd_en=0 rd_data=xx
# [1662500000] DBG rx_done=0 count=0 wr_ptr=1 rd_ptr=1 rx_empty=1 rd_en=0 rd_data=xx
# [1663500000] DBG rx_done=0 count=0 wr_ptr=1 rd_ptr=1 rx_empty=1 rd_en=0 rd_data=xx
# [1664500000] DBG rx_done=0 count=0 wr_ptr=1 rd_ptr=1 rx_empty=1 rd_en=0 rd_data=xx
# [1665500000] DBG rx_done=0 count=0 wr_ptr=1 rd_ptr=1 rx_empty=1 rd_en=0 rd_data=xx
# [1666500000] DBG rx_done=0 count=0 wr_ptr=1 rd_ptr=1 rx_empty=1 rd_en=0 rd_data=xx
# [1667500000] DBG rx_done=0 count=0 wr_ptr=1 rd_ptr=1 rx_empty=1 rd_en=0 rd_data=xx
# [1668500000] DBG rx_done=0 count=0 wr_ptr=1 rd_ptr=1 rx_empty=1 rd_en=0 rd_data=xx
# [1669500000] DBG rx_done=0 count=0 wr_ptr=1 rd_ptr=1 rx_empty=1 rd_en=0 rd_data=xx
# [1670500000] DBG rx_done=0 count=0 wr_ptr=1 rd_ptr=1 rx_empty=1 rd_en=0 rd_data=xx
# [1671500000] DBG rx_done=0 count=0 wr_ptr=1 rd_ptr=1 rx_empty=1 rd_en=0 rd_data=xx
# [1672500000] DBG rx_done=0 count=0 wr_ptr=1 rd_ptr=1 rx_empty=1 rd_en=0 rd_data=xx
# [1673500000] DBG rx_done=0 count=0 wr_ptr=1 rd_ptr=1 rx_empty=1 rd_en=0 rd_data=xx
# [1674500000] DBG rx_done=0 count=0 wr_ptr=1 rd_ptr=1 rx_empty=1 rd_en=0 rd_data=xx
# [1675500000] DBG rx_done=0 count=0 wr_ptr=1 rd_ptr=1 rx_empty=1 rd_en=0 rd_data=xx
# [1676500000] DBG rx_done=0 count=0 wr_ptr=1 rd_ptr=1 rx_empty=1 rd_en=0 rd_data=xx
# [1677500000] DBG rx_done=0 count=0 wr_ptr=1 rd_ptr=1 rx_empty=1 rd_en=0 rd_data=xx
# [1678500000] DBG rx_done=0 count=0 wr_ptr=1 rd_ptr=1 rx_empty=1 rd_en=0 rd_data=xx
# [1679500000] DBG rx_done=0 count=0 wr_ptr=1 rd_ptr=1 rx_empty=1 rd_en=0 rd_data=xx
# [1680500000] DBG rx_done=0 count=0 wr_ptr=1 rd_ptr=1 rx_empty=1 rd_en=0 rd_data=xx
# [1681500000] DBG rx_done=0 count=0 wr_ptr=1 rd_ptr=1 rx_empty=1 rd_en=0 rd_data=xx
# [1682500000] DBG rx_done=0 count=0 wr_ptr=1 rd_ptr=1 rx_empty=1 rd_en=0 rd_data=xx
# [1683500000] DBG rx_done=0 count=0 wr_ptr=1 rd_ptr=1 rx_empty=1 rd_en=0 rd_data=xx
# [1684500000] DBG rx_done=0 count=0 wr_ptr=1 rd_ptr=1 rx_empty=1 rd_en=0 rd_data=xx
# [1685500000] DBG rx_done=0 count=0 wr_ptr=1 rd_ptr=1 rx_empty=1 rd_en=0 rd_data=xx
# [1686500000] DBG rx_done=0 count=0 wr_ptr=1 rd_ptr=1 rx_empty=1 rd_en=0 rd_data=xx
# [1687500000] DBG rx_done=0 count=0 wr_ptr=1 rd_ptr=1 rx_empty=1 rd_en=0 rd_data=xx
# [1688500000] DBG rx_done=0 count=0 wr_ptr=1 rd_ptr=1 rx_empty=1 rd_en=0 rd_data=xx
# [1689500000] DBG rx_done=0 count=0 wr_ptr=1 rd_ptr=1 rx_empty=1 rd_en=0 rd_data=xx
# [1690500000] DBG rx_done=0 count=0 wr_ptr=1 rd_ptr=1 rx_empty=1 rd_en=0 rd_data=xx
# [1691500000] DBG rx_done=0 count=0 wr_ptr=1 rd_ptr=1 rx_empty=1 rd_en=0 rd_data=xx
# [1692500000] DBG rx_done=0 count=0 wr_ptr=1 rd_ptr=1 rx_empty=1 rd_en=0 rd_data=xx
# [1693500000] DBG rx_done=0 count=0 wr_ptr=1 rd_ptr=1 rx_empty=1 rd_en=0 rd_data=xx
# [1694500000] DBG rx_done=0 count=0 wr_ptr=1 rd_ptr=1 rx_empty=1 rd_en=0 rd_data=xx
# [1695500000] DBG rx_done=0 count=0 wr_ptr=1 rd_ptr=1 rx_empty=1 rd_en=0 rd_data=xx
# [1696500000] DBG rx_done=0 count=0 wr_ptr=1 rd_ptr=1 rx_empty=1 rd_en=0 rd_data=xx
# [1697500000] DBG rx_done=0 count=0 wr_ptr=1 rd_ptr=1 rx_empty=1 rd_en=0 rd_data=xx
# [1698500000] DBG rx_done=0 count=0 wr_ptr=1 rd_ptr=1 rx_empty=1 rd_en=0 rd_data=xx
# [1699500000] DBG rx_done=0 count=0 wr_ptr=1 rd_ptr=1 rx_empty=1 rd_en=0 rd_data=xx
# [1700500000] DBG rx_done=0 count=0 wr_ptr=1 rd_ptr=1 rx_empty=1 rd_en=0 rd_data=xx
# [1701500000] DBG rx_done=0 count=0 wr_ptr=1 rd_ptr=1 rx_empty=1 rd_en=0 rd_data=xx
# [1702500000] DBG rx_done=0 count=0 wr_ptr=1 rd_ptr=1 rx_empty=1 rd_en=0 rd_data=xx
# [1703500000] DBG rx_done=0 count=0 wr_ptr=1 rd_ptr=1 rx_empty=1 rd_en=0 rd_data=xx
# [1704500000] DBG rx_done=0 count=0 wr_ptr=1 rd_ptr=1 rx_empty=1 rd_en=0 rd_data=xx
# [1705500000] DBG rx_done=0 count=0 wr_ptr=1 rd_ptr=1 rx_empty=1 rd_en=0 rd_data=xx
# [1706500000] DBG rx_done=0 count=0 wr_ptr=1 rd_ptr=1 rx_empty=1 rd_en=0 rd_data=xx
# [1707500000] DBG rx_done=0 count=0 wr_ptr=1 rd_ptr=1 rx_empty=1 rd_en=0 rd_data=xx
# [1708500000] DBG rx_done=0 count=0 wr_ptr=1 rd_ptr=1 rx_empty=1 rd_en=0 rd_data=xx
# [1709500000] DBG rx_done=0 count=0 wr_ptr=1 rd_ptr=1 rx_empty=1 rd_en=0 rd_data=xx
# [1710500000] DBG rx_done=0 count=0 wr_ptr=1 rd_ptr=1 rx_empty=1 rd_en=0 rd_data=xx
# [1711500000] DBG rx_done=0 count=0 wr_ptr=1 rd_ptr=1 rx_empty=1 rd_en=0 rd_data=xx
# [1712500000] DBG rx_done=0 count=0 wr_ptr=1 rd_ptr=1 rx_empty=1 rd_en=0 rd_data=xx
# [1713500000] DBG rx_done=0 count=0 wr_ptr=1 rd_ptr=1 rx_empty=1 rd_en=0 rd_data=xx
# [1714500000] DBG rx_done=0 count=0 wr_ptr=1 rd_ptr=1 rx_empty=1 rd_en=0 rd_data=xx
# [1715500000] DBG rx_done=0 count=0 wr_ptr=1 rd_ptr=1 rx_empty=1 rd_en=0 rd_data=xx
# [1716500000] DBG rx_done=0 count=0 wr_ptr=1 rd_ptr=1 rx_empty=1 rd_en=0 rd_data=xx
# [1717500000] DBG rx_done=0 count=0 wr_ptr=1 rd_ptr=1 rx_empty=1 rd_en=0 rd_data=xx
# [1718500000] DBG rx_done=0 count=0 wr_ptr=1 rd_ptr=1 rx_empty=1 rd_en=0 rd_data=xx
# [1719500000] DBG rx_done=0 count=0 wr_ptr=1 rd_ptr=1 rx_empty=1 rd_en=0 rd_data=xx
# [1720500000] DBG rx_done=0 count=0 wr_ptr=1 rd_ptr=1 rx_empty=1 rd_en=0 rd_data=xx
# [1721500000] DBG rx_done=0 count=0 wr_ptr=1 rd_ptr=1 rx_empty=1 rd_en=0 rd_data=xx
# [1722500000] DBG rx_done=0 count=0 wr_ptr=1 rd_ptr=1 rx_empty=1 rd_en=0 rd_data=xx
# [1723500000] DBG rx_done=0 count=0 wr_ptr=1 rd_ptr=1 rx_empty=1 rd_en=0 rd_data=xx
# [1724500000] DBG rx_done=0 count=0 wr_ptr=1 rd_ptr=1 rx_empty=1 rd_en=0 rd_data=xx
# [1725500000] DBG rx_done=0 count=0 wr_ptr=1 rd_ptr=1 rx_empty=1 rd_en=0 rd_data=xx
# [1726500000] DBG rx_done=0 count=0 wr_ptr=1 rd_ptr=1 rx_empty=1 rd_en=0 rd_data=xx
# [1727500000] DBG rx_done=0 count=0 wr_ptr=1 rd_ptr=1 rx_empty=1 rd_en=0 rd_data=xx
# [1728500000] DBG rx_done=0 count=0 wr_ptr=1 rd_ptr=1 rx_empty=1 rd_en=0 rd_data=xx
# [1729500000] DBG rx_done=0 count=0 wr_ptr=1 rd_ptr=1 rx_empty=1 rd_en=0 rd_data=xx
# [1730500000] DBG rx_done=0 count=0 wr_ptr=1 rd_ptr=1 rx_empty=1 rd_en=0 rd_data=xx
# [1731500000] DBG rx_done=0 count=0 wr_ptr=1 rd_ptr=1 rx_empty=1 rd_en=0 rd_data=xx
# [1732500000] DBG rx_done=0 count=0 wr_ptr=1 rd_ptr=1 rx_empty=1 rd_en=0 rd_data=xx
# [1733500000] DBG rx_done=0 count=0 wr_ptr=1 rd_ptr=1 rx_empty=1 rd_en=0 rd_data=xx
# [1734500000] DBG rx_done=0 count=0 wr_ptr=1 rd_ptr=1 rx_empty=1 rd_en=0 rd_data=xx
# [1735500000] DBG rx_done=0 count=0 wr_ptr=1 rd_ptr=1 rx_empty=1 rd_en=0 rd_data=xx
# [1736500000] DBG rx_done=0 count=0 wr_ptr=1 rd_ptr=1 rx_empty=1 rd_en=0 rd_data=xx
# [1737500000] DBG rx_done=0 count=0 wr_ptr=1 rd_ptr=1 rx_empty=1 rd_en=0 rd_data=xx
# [1738500000] DBG rx_done=0 count=0 wr_ptr=1 rd_ptr=1 rx_empty=1 rd_en=0 rd_data=xx
# [1739500000] DBG rx_done=0 count=0 wr_ptr=1 rd_ptr=1 rx_empty=1 rd_en=0 rd_data=xx
# [1740500000] DBG rx_done=0 count=0 wr_ptr=1 rd_ptr=1 rx_empty=1 rd_en=0 rd_data=xx
# [1741500000] DBG rx_done=0 count=0 wr_ptr=1 rd_ptr=1 rx_empty=1 rd_en=0 rd_data=xx
# [1742500000] DBG rx_done=0 count=0 wr_ptr=1 rd_ptr=1 rx_empty=1 rd_en=0 rd_data=xx
# [1743500000] DBG rx_done=0 count=0 wr_ptr=1 rd_ptr=1 rx_empty=1 rd_en=0 rd_data=xx
# [1744500000] DBG rx_done=0 count=0 wr_ptr=1 rd_ptr=1 rx_empty=1 rd_en=0 rd_data=xx
# [1745500000] DBG rx_done=0 count=0 wr_ptr=1 rd_ptr=1 rx_empty=1 rd_en=0 rd_data=xx
# [1746500000] DBG rx_done=0 count=0 wr_ptr=1 rd_ptr=1 rx_empty=1 rd_en=0 rd_data=xx
# [1747500000] DBG rx_done=0 count=0 wr_ptr=1 rd_ptr=1 rx_empty=1 rd_en=0 rd_data=xx
# [1748500000] DBG rx_done=0 count=0 wr_ptr=1 rd_ptr=1 rx_empty=1 rd_en=0 rd_data=xx
# [1749500000] DBG rx_done=0 count=0 wr_ptr=1 rd_ptr=1 rx_empty=1 rd_en=0 rd_data=xx
# [1750500000] DBG rx_done=0 count=0 wr_ptr=1 rd_ptr=1 rx_empty=1 rd_en=0 rd_data=xx
# [1751500000] DBG rx_done=0 count=0 wr_ptr=1 rd_ptr=1 rx_empty=1 rd_en=0 rd_data=xx
# [1752500000] DBG rx_done=0 count=0 wr_ptr=1 rd_ptr=1 rx_empty=1 rd_en=0 rd_data=xx
# [1753500000] DBG rx_done=0 count=0 wr_ptr=1 rd_ptr=1 rx_empty=1 rd_en=0 rd_data=xx
# [1754500000] DBG rx_done=0 count=0 wr_ptr=1 rd_ptr=1 rx_empty=1 rd_en=0 rd_data=xx
# [1755500000] DBG rx_done=0 count=0 wr_ptr=1 rd_ptr=1 rx_empty=1 rd_en=0 rd_data=xx
# [1756500000] DBG rx_done=0 count=0 wr_ptr=1 rd_ptr=1 rx_empty=1 rd_en=0 rd_data=xx
# [1757500000] DBG rx_done=0 count=0 wr_ptr=1 rd_ptr=1 rx_empty=1 rd_en=0 rd_data=xx
# [1758500000] DBG rx_done=0 count=0 wr_ptr=1 rd_ptr=1 rx_empty=1 rd_en=0 rd_data=xx
# [1759500000] DBG rx_done=0 count=0 wr_ptr=1 rd_ptr=1 rx_empty=1 rd_en=0 rd_data=xx
# [1760500000] DBG rx_done=0 count=0 wr_ptr=1 rd_ptr=1 rx_empty=1 rd_en=0 rd_data=xx
# [1761500000] DBG rx_done=0 count=0 wr_ptr=1 rd_ptr=1 rx_empty=1 rd_en=0 rd_data=xx
# [1762500000] DBG rx_done=0 count=0 wr_ptr=1 rd_ptr=1 rx_empty=1 rd_en=0 rd_data=xx
# [1763500000] DBG rx_done=0 count=0 wr_ptr=1 rd_ptr=1 rx_empty=1 rd_en=0 rd_data=xx
# [1764500000] DBG rx_done=0 count=0 wr_ptr=1 rd_ptr=1 rx_empty=1 rd_en=0 rd_data=xx
# [1765500000] DBG rx_done=0 count=0 wr_ptr=1 rd_ptr=1 rx_empty=1 rd_en=0 rd_data=xx
# [1766500000] DBG rx_done=0 count=0 wr_ptr=1 rd_ptr=1 rx_empty=1 rd_en=0 rd_data=xx
# [1767500000] DBG rx_done=0 count=0 wr_ptr=1 rd_ptr=1 rx_empty=1 rd_en=0 rd_data=xx
# [1768500000] DBG rx_done=0 count=0 wr_ptr=1 rd_ptr=1 rx_empty=1 rd_en=0 rd_data=xx
# [1769500000] DBG rx_done=0 count=0 wr_ptr=1 rd_ptr=1 rx_empty=1 rd_en=0 rd_data=xx
# [1770500000] DBG rx_done=0 count=0 wr_ptr=1 rd_ptr=1 rx_empty=1 rd_en=0 rd_data=xx
# [1771500000] DBG rx_done=0 count=0 wr_ptr=1 rd_ptr=1 rx_empty=1 rd_en=0 rd_data=xx
# [1772500000] DBG rx_done=0 count=0 wr_ptr=1 rd_ptr=1 rx_empty=1 rd_en=0 rd_data=xx
# [1773500000] DBG rx_done=0 count=0 wr_ptr=1 rd_ptr=1 rx_empty=1 rd_en=0 rd_data=xx
# [1774500000] DBG rx_done=0 count=0 wr_ptr=1 rd_ptr=1 rx_empty=1 rd_en=0 rd_data=xx
# [1775500000] DBG rx_done=0 count=0 wr_ptr=1 rd_ptr=1 rx_empty=1 rd_en=0 rd_data=xx
# [1776500000] DBG rx_done=0 count=0 wr_ptr=1 rd_ptr=1 rx_empty=1 rd_en=0 rd_data=xx
# [1777500000] DBG rx_done=0 count=0 wr_ptr=1 rd_ptr=1 rx_empty=1 rd_en=0 rd_data=xx
# [1778500000] DBG rx_done=0 count=0 wr_ptr=1 rd_ptr=1 rx_empty=1 rd_en=0 rd_data=xx
# [1779500000] DBG rx_done=0 count=0 wr_ptr=1 rd_ptr=1 rx_empty=1 rd_en=0 rd_data=xx
# [1780500000] DBG rx_done=0 count=0 wr_ptr=1 rd_ptr=1 rx_empty=1 rd_en=0 rd_data=xx
# [1781500000] DBG rx_done=0 count=0 wr_ptr=1 rd_ptr=1 rx_empty=1 rd_en=0 rd_data=xx
# [1782500000] DBG rx_done=0 count=0 wr_ptr=1 rd_ptr=1 rx_empty=1 rd_en=0 rd_data=xx
# [1783500000] DBG rx_done=0 count=0 wr_ptr=1 rd_ptr=1 rx_empty=1 rd_en=0 rd_data=xx
# [1784500000] DBG rx_done=0 count=0 wr_ptr=1 rd_ptr=1 rx_empty=1 rd_en=0 rd_data=xx
# [1785500000] DBG rx_done=0 count=0 wr_ptr=1 rd_ptr=1 rx_empty=1 rd_en=0 rd_data=xx
# [1786500000] DBG rx_done=0 count=0 wr_ptr=1 rd_ptr=1 rx_empty=1 rd_en=0 rd_data=xx
# [1787500000] DBG rx_done=0 count=0 wr_ptr=1 rd_ptr=1 rx_empty=1 rd_en=0 rd_data=xx
# [1788500000] DBG rx_done=0 count=0 wr_ptr=1 rd_ptr=1 rx_empty=1 rd_en=0 rd_data=xx
# [1789500000] DBG rx_done=0 count=0 wr_ptr=1 rd_ptr=1 rx_empty=1 rd_en=0 rd_data=xx
# [1790500000] DBG rx_done=0 count=0 wr_ptr=1 rd_ptr=1 rx_empty=1 rd_en=0 rd_data=xx
# [1791500000] DBG rx_done=0 count=0 wr_ptr=1 rd_ptr=1 rx_empty=1 rd_en=0 rd_data=xx
# [1792500000] DBG rx_done=0 count=0 wr_ptr=1 rd_ptr=1 rx_empty=1 rd_en=0 rd_data=xx
# [1793500000] DBG rx_done=0 count=0 wr_ptr=1 rd_ptr=1 rx_empty=1 rd_en=0 rd_data=xx
# [1794500000] DBG rx_done=0 count=0 wr_ptr=1 rd_ptr=1 rx_empty=1 rd_en=0 rd_data=xx
# [1795500000] DBG rx_done=0 count=0 wr_ptr=1 rd_ptr=1 rx_empty=1 rd_en=0 rd_data=xx
# [1796500000] DBG rx_done=0 count=0 wr_ptr=1 rd_ptr=1 rx_empty=1 rd_en=0 rd_data=xx
# [1797500000] DBG rx_done=0 count=0 wr_ptr=1 rd_ptr=1 rx_empty=1 rd_en=0 rd_data=xx
# [1798500000] DBG rx_done=0 count=0 wr_ptr=1 rd_ptr=1 rx_empty=1 rd_en=0 rd_data=xx
# [1799500000] DBG rx_done=0 count=0 wr_ptr=1 rd_ptr=1 rx_empty=1 rd_en=0 rd_data=xx
# [1800500000] DBG rx_done=0 count=0 wr_ptr=1 rd_ptr=1 rx_empty=1 rd_en=0 rd_data=xx
# [1801500000] DBG rx_done=0 count=0 wr_ptr=1 rd_ptr=1 rx_empty=1 rd_en=0 rd_data=xx
# [1802500000] DBG rx_done=0 count=0 wr_ptr=1 rd_ptr=1 rx_empty=1 rd_en=0 rd_data=xx
# [1803500000] DBG rx_done=0 count=0 wr_ptr=1 rd_ptr=1 rx_empty=1 rd_en=0 rd_data=xx
# [1804500000] DBG rx_done=0 count=0 wr_ptr=1 rd_ptr=1 rx_empty=1 rd_en=0 rd_data=xx
# [1805500000] DBG rx_done=0 count=0 wr_ptr=1 rd_ptr=1 rx_empty=1 rd_en=0 rd_data=xx
# [1806500000] DBG rx_done=0 count=0 wr_ptr=1 rd_ptr=1 rx_empty=1 rd_en=0 rd_data=xx
# [1807500000] DBG rx_done=0 count=0 wr_ptr=1 rd_ptr=1 rx_empty=1 rd_en=0 rd_data=xx
# [1808500000] DBG rx_done=0 count=0 wr_ptr=1 rd_ptr=1 rx_empty=1 rd_en=0 rd_data=xx
# [1809500000] DBG rx_done=0 count=0 wr_ptr=1 rd_ptr=1 rx_empty=1 rd_en=0 rd_data=xx
# [1810500000] DBG rx_done=0 count=0 wr_ptr=1 rd_ptr=1 rx_empty=1 rd_en=0 rd_data=xx
# [1811500000] DBG rx_done=0 count=0 wr_ptr=1 rd_ptr=1 rx_empty=1 rd_en=0 rd_data=xx
# [1812500000] DBG rx_done=0 count=0 wr_ptr=1 rd_ptr=1 rx_empty=1 rd_en=0 rd_data=xx
# [1813500000] DBG rx_done=0 count=0 wr_ptr=1 rd_ptr=1 rx_empty=1 rd_en=0 rd_data=xx
# [1814500000] DBG rx_done=0 count=0 wr_ptr=1 rd_ptr=1 rx_empty=1 rd_en=0 rd_data=xx
# [1815500000] DBG rx_done=0 count=0 wr_ptr=1 rd_ptr=1 rx_empty=1 rd_en=0 rd_data=xx
# [1816500000] DBG rx_done=0 count=0 wr_ptr=1 rd_ptr=1 rx_empty=1 rd_en=0 rd_data=xx
# [1817500000] DBG rx_done=0 count=0 wr_ptr=1 rd_ptr=1 rx_empty=1 rd_en=0 rd_data=xx
# [1818500000] DBG rx_done=0 count=0 wr_ptr=1 rd_ptr=1 rx_empty=1 rd_en=0 rd_data=xx
# [1819500000] DBG rx_done=0 count=0 wr_ptr=1 rd_ptr=1 rx_empty=1 rd_en=0 rd_data=xx
# [1820500000] DBG rx_done=0 count=0 wr_ptr=1 rd_ptr=1 rx_empty=1 rd_en=0 rd_data=xx
# [1821500000] DBG rx_done=0 count=0 wr_ptr=1 rd_ptr=1 rx_empty=1 rd_en=0 rd_data=xx
# [1822500000] DBG rx_done=0 count=0 wr_ptr=1 rd_ptr=1 rx_empty=1 rd_en=0 rd_data=xx
# [1823500000] DBG rx_done=0 count=0 wr_ptr=1 rd_ptr=1 rx_empty=1 rd_en=0 rd_data=xx
# [1824500000] DBG rx_done=0 count=0 wr_ptr=1 rd_ptr=1 rx_empty=1 rd_en=0 rd_data=xx
# [1825500000] DBG rx_done=0 count=0 wr_ptr=1 rd_ptr=1 rx_empty=1 rd_en=0 rd_data=xx
# [1826500000] DBG rx_done=0 count=0 wr_ptr=1 rd_ptr=1 rx_empty=1 rd_en=0 rd_data=xx
# [1827500000] DBG rx_done=0 count=0 wr_ptr=1 rd_ptr=1 rx_empty=1 rd_en=0 rd_data=xx
# [1828500000] DBG rx_done=0 count=0 wr_ptr=1 rd_ptr=1 rx_empty=1 rd_en=0 rd_data=xx
# [1829500000] DBG rx_done=0 count=0 wr_ptr=1 rd_ptr=1 rx_empty=1 rd_en=0 rd_data=xx
# [1830500000] DBG rx_done=0 count=0 wr_ptr=1 rd_ptr=1 rx_empty=1 rd_en=0 rd_data=xx
# [1831500000] DBG rx_done=0 count=0 wr_ptr=1 rd_ptr=1 rx_empty=1 rd_en=0 rd_data=xx
# [1832500000] DBG rx_done=0 count=0 wr_ptr=1 rd_ptr=1 rx_empty=1 rd_en=0 rd_data=xx
# [1833500000] DBG rx_done=0 count=0 wr_ptr=1 rd_ptr=1 rx_empty=1 rd_en=0 rd_data=xx
# [1834500000] DBG rx_done=0 count=0 wr_ptr=1 rd_ptr=1 rx_empty=1 rd_en=0 rd_data=xx
# [1835500000] DBG rx_done=0 count=0 wr_ptr=1 rd_ptr=1 rx_empty=1 rd_en=0 rd_data=xx
# [1836500000] DBG rx_done=0 count=0 wr_ptr=1 rd_ptr=1 rx_empty=1 rd_en=0 rd_data=xx
# [1837500000] DBG rx_done=0 count=0 wr_ptr=1 rd_ptr=1 rx_empty=1 rd_en=0 rd_data=xx
# [1838500000] DBG rx_done=0 count=0 wr_ptr=1 rd_ptr=1 rx_empty=1 rd_en=0 rd_data=xx
# [1839500000] DBG rx_done=0 count=0 wr_ptr=1 rd_ptr=1 rx_empty=1 rd_en=0 rd_data=xx
# [1840500000] DBG rx_done=0 count=0 wr_ptr=1 rd_ptr=1 rx_empty=1 rd_en=0 rd_data=xx
# [1841500000] DBG rx_done=0 count=0 wr_ptr=1 rd_ptr=1 rx_empty=1 rd_en=0 rd_data=xx
# [1842500000] DBG rx_done=0 count=0 wr_ptr=1 rd_ptr=1 rx_empty=1 rd_en=0 rd_data=xx
# [1843500000] DBG rx_done=0 count=0 wr_ptr=1 rd_ptr=1 rx_empty=1 rd_en=0 rd_data=xx
# [1844500000] DBG rx_done=0 count=0 wr_ptr=1 rd_ptr=1 rx_empty=1 rd_en=0 rd_data=xx
# [1845500000] DBG rx_done=0 count=0 wr_ptr=1 rd_ptr=1 rx_empty=1 rd_en=0 rd_data=xx
# [1846500000] DBG rx_done=0 count=0 wr_ptr=1 rd_ptr=1 rx_empty=1 rd_en=0 rd_data=xx
# [1847500000] DBG rx_done=0 count=0 wr_ptr=1 rd_ptr=1 rx_empty=1 rd_en=0 rd_data=xx
# [1848500000] DBG rx_done=0 count=0 wr_ptr=1 rd_ptr=1 rx_empty=1 rd_en=0 rd_data=xx
# [1849500000] DBG rx_done=0 count=0 wr_ptr=1 rd_ptr=1 rx_empty=1 rd_en=0 rd_data=xx
# [1850500000] DBG rx_done=0 count=0 wr_ptr=1 rd_ptr=1 rx_empty=1 rd_en=0 rd_data=xx
# [1851500000] DBG rx_done=0 count=0 wr_ptr=1 rd_ptr=1 rx_empty=1 rd_en=0 rd_data=xx
# [1852500000] DBG rx_done=0 count=0 wr_ptr=1 rd_ptr=1 rx_empty=1 rd_en=0 rd_data=xx
# [1853500000] DBG rx_done=0 count=0 wr_ptr=1 rd_ptr=1 rx_empty=1 rd_en=0 rd_data=xx
# [1854500000] DBG rx_done=0 count=0 wr_ptr=1 rd_ptr=1 rx_empty=1 rd_en=0 rd_data=xx
# [1855500000] DBG rx_done=0 count=0 wr_ptr=1 rd_ptr=1 rx_empty=1 rd_en=0 rd_data=xx
# [1856500000] DBG rx_done=0 count=0 wr_ptr=1 rd_ptr=1 rx_empty=1 rd_en=0 rd_data=xx
# [1857500000] DBG rx_done=0 count=0 wr_ptr=1 rd_ptr=1 rx_empty=1 rd_en=0 rd_data=xx
# [1858500000] DBG rx_done=0 count=0 wr_ptr=1 rd_ptr=1 rx_empty=1 rd_en=0 rd_data=xx
# [1859500000] DBG rx_done=0 count=0 wr_ptr=1 rd_ptr=1 rx_empty=1 rd_en=0 rd_data=xx
# [1860500000] DBG rx_done=0 count=0 wr_ptr=1 rd_ptr=1 rx_empty=1 rd_en=0 rd_data=xx
# [1861500000] DBG rx_done=0 count=0 wr_ptr=1 rd_ptr=1 rx_empty=1 rd_en=0 rd_data=xx
# [1862500000] DBG rx_done=0 count=0 wr_ptr=1 rd_ptr=1 rx_empty=1 rd_en=0 rd_data=xx
# [1863500000] DBG rx_done=0 count=0 wr_ptr=1 rd_ptr=1 rx_empty=1 rd_en=0 rd_data=xx
# [1864500000] DBG rx_done=0 count=0 wr_ptr=1 rd_ptr=1 rx_empty=1 rd_en=0 rd_data=xx
# [1865500000] DBG rx_done=0 count=0 wr_ptr=1 rd_ptr=1 rx_empty=1 rd_en=0 rd_data=xx
# [1866500000] DBG rx_done=0 count=0 wr_ptr=1 rd_ptr=1 rx_empty=1 rd_en=0 rd_data=xx
# [1867500000] DBG rx_done=0 count=0 wr_ptr=1 rd_ptr=1 rx_empty=1 rd_en=0 rd_data=xx
# [1868500000] DBG rx_done=0 count=0 wr_ptr=1 rd_ptr=1 rx_empty=1 rd_en=0 rd_data=xx
# [1869500000] DBG rx_done=0 count=0 wr_ptr=1 rd_ptr=1 rx_empty=1 rd_en=0 rd_data=xx
# [1870500000] DBG rx_done=0 count=0 wr_ptr=1 rd_ptr=1 rx_empty=1 rd_en=0 rd_data=xx
# [1871500000] DBG rx_done=0 count=0 wr_ptr=1 rd_ptr=1 rx_empty=1 rd_en=0 rd_data=xx
# [1872500000] DBG rx_done=0 count=0 wr_ptr=1 rd_ptr=1 rx_empty=1 rd_en=0 rd_data=xx
# [1873500000] DBG rx_done=0 count=0 wr_ptr=1 rd_ptr=1 rx_empty=1 rd_en=0 rd_data=xx
# [1874500000] DBG rx_done=0 count=0 wr_ptr=1 rd_ptr=1 rx_empty=1 rd_en=0 rd_data=xx
# [1875500000] DBG rx_done=0 count=0 wr_ptr=1 rd_ptr=1 rx_empty=1 rd_en=0 rd_data=xx
# [1876500000] DBG rx_done=0 count=0 wr_ptr=1 rd_ptr=1 rx_empty=1 rd_en=0 rd_data=xx
# [1877500000] DBG rx_done=0 count=0 wr_ptr=1 rd_ptr=1 rx_empty=1 rd_en=0 rd_data=xx
# [1878500000] DBG rx_done=0 count=0 wr_ptr=1 rd_ptr=1 rx_empty=1 rd_en=0 rd_data=xx
# [1879500000] DBG rx_done=0 count=0 wr_ptr=1 rd_ptr=1 rx_empty=1 rd_en=0 rd_data=xx
# [1880500000] DBG rx_done=0 count=0 wr_ptr=1 rd_ptr=1 rx_empty=1 rd_en=0 rd_data=xx
# [1881500000] DBG rx_done=0 count=0 wr_ptr=1 rd_ptr=1 rx_empty=1 rd_en=0 rd_data=xx
# [1882500000] DBG rx_done=0 count=0 wr_ptr=1 rd_ptr=1 rx_empty=1 rd_en=0 rd_data=xx
# [1883500000] DBG rx_done=0 count=0 wr_ptr=1 rd_ptr=1 rx_empty=1 rd_en=0 rd_data=xx
# [1884500000] DBG rx_done=0 count=0 wr_ptr=1 rd_ptr=1 rx_empty=1 rd_en=0 rd_data=xx
# [1885500000] DBG rx_done=0 count=0 wr_ptr=1 rd_ptr=1 rx_empty=1 rd_en=0 rd_data=xx
# [1886500000] DBG rx_done=0 count=0 wr_ptr=1 rd_ptr=1 rx_empty=1 rd_en=0 rd_data=xx
# [1887500000] DBG rx_done=0 count=0 wr_ptr=1 rd_ptr=1 rx_empty=1 rd_en=0 rd_data=xx
# [1888500000] DBG rx_done=0 count=0 wr_ptr=1 rd_ptr=1 rx_empty=1 rd_en=0 rd_data=xx
# [1889500000] DBG rx_done=0 count=0 wr_ptr=1 rd_ptr=1 rx_empty=1 rd_en=0 rd_data=xx
# [1890500000] DBG rx_done=0 count=0 wr_ptr=1 rd_ptr=1 rx_empty=1 rd_en=0 rd_data=xx
# [1891500000] DBG rx_done=0 count=0 wr_ptr=1 rd_ptr=1 rx_empty=1 rd_en=0 rd_data=xx
# [1892500000] DBG rx_done=0 count=0 wr_ptr=1 rd_ptr=1 rx_empty=1 rd_en=0 rd_data=xx
# [1893500000] DBG rx_done=0 count=0 wr_ptr=1 rd_ptr=1 rx_empty=1 rd_en=0 rd_data=xx
# [1894500000] DBG rx_done=0 count=0 wr_ptr=1 rd_ptr=1 rx_empty=1 rd_en=0 rd_data=xx
# [1895500000] DBG rx_done=0 count=0 wr_ptr=1 rd_ptr=1 rx_empty=1 rd_en=0 rd_data=xx
# [1896500000] DBG rx_done=0 count=0 wr_ptr=1 rd_ptr=1 rx_empty=1 rd_en=0 rd_data=xx
# [1897500000] DBG rx_done=0 count=0 wr_ptr=1 rd_ptr=1 rx_empty=1 rd_en=0 rd_data=xx
# [1898500000] DBG rx_done=0 count=0 wr_ptr=1 rd_ptr=1 rx_empty=1 rd_en=0 rd_data=xx
# [1899500000] DBG rx_done=0 count=0 wr_ptr=1 rd_ptr=1 rx_empty=1 rd_en=0 rd_data=xx
# [1900500000] DBG rx_done=0 count=0 wr_ptr=1 rd_ptr=1 rx_empty=1 rd_en=0 rd_data=xx
# [1901500000] DBG rx_done=0 count=0 wr_ptr=1 rd_ptr=1 rx_empty=1 rd_en=0 rd_data=xx
# [1902500000] DBG rx_done=0 count=0 wr_ptr=1 rd_ptr=1 rx_empty=1 rd_en=0 rd_data=xx
# [1903500000] DBG rx_done=0 count=0 wr_ptr=1 rd_ptr=1 rx_empty=1 rd_en=0 rd_data=xx
# [1904500000] DBG rx_done=0 count=0 wr_ptr=1 rd_ptr=1 rx_empty=1 rd_en=0 rd_data=xx
# [1905500000] DBG rx_done=0 count=0 wr_ptr=1 rd_ptr=1 rx_empty=1 rd_en=0 rd_data=xx
# [1906500000] DBG rx_done=0 count=0 wr_ptr=1 rd_ptr=1 rx_empty=1 rd_en=0 rd_data=xx
# [1907500000] DBG rx_done=0 count=0 wr_ptr=1 rd_ptr=1 rx_empty=1 rd_en=0 rd_data=xx
# [1908500000] DBG rx_done=0 count=0 wr_ptr=1 rd_ptr=1 rx_empty=1 rd_en=0 rd_data=xx
# [1909500000] DBG rx_done=0 count=0 wr_ptr=1 rd_ptr=1 rx_empty=1 rd_en=0 rd_data=xx
# [1910500000] DBG rx_done=0 count=0 wr_ptr=1 rd_ptr=1 rx_empty=1 rd_en=0 rd_data=xx
# [1911500000] DBG rx_done=0 count=0 wr_ptr=1 rd_ptr=1 rx_empty=1 rd_en=0 rd_data=xx
# [1912500000] DBG rx_done=0 count=0 wr_ptr=1 rd_ptr=1 rx_empty=1 rd_en=0 rd_data=xx
# [1913500000] DBG rx_done=0 count=0 wr_ptr=1 rd_ptr=1 rx_empty=1 rd_en=0 rd_data=xx
# [1914500000] DBG rx_done=0 count=0 wr_ptr=1 rd_ptr=1 rx_empty=1 rd_en=0 rd_data=xx
# [1915500000] DBG rx_done=0 count=0 wr_ptr=1 rd_ptr=1 rx_empty=1 rd_en=0 rd_data=xx
# [1916500000] DBG rx_done=0 count=0 wr_ptr=1 rd_ptr=1 rx_empty=1 rd_en=0 rd_data=xx
# [1917500000] DBG rx_done=0 count=0 wr_ptr=1 rd_ptr=1 rx_empty=1 rd_en=0 rd_data=xx
# [1918500000] DBG rx_done=0 count=0 wr_ptr=1 rd_ptr=1 rx_empty=1 rd_en=0 rd_data=xx
# [1919500000] DBG rx_done=0 count=0 wr_ptr=1 rd_ptr=1 rx_empty=1 rd_en=0 rd_data=xx
# [1920500000] DBG rx_done=0 count=0 wr_ptr=1 rd_ptr=1 rx_empty=1 rd_en=0 rd_data=xx
# [1921500000] DBG rx_done=0 count=0 wr_ptr=1 rd_ptr=1 rx_empty=1 rd_en=0 rd_data=xx
# [1922500000] DBG rx_done=0 count=0 wr_ptr=1 rd_ptr=1 rx_empty=1 rd_en=0 rd_data=xx
# [1923500000] DBG rx_done=0 count=0 wr_ptr=1 rd_ptr=1 rx_empty=1 rd_en=0 rd_data=xx
# [1924500000] DBG rx_done=0 count=0 wr_ptr=1 rd_ptr=1 rx_empty=1 rd_en=0 rd_data=xx
# [1925500000] DBG rx_done=0 count=0 wr_ptr=1 rd_ptr=1 rx_empty=1 rd_en=0 rd_data=xx
# [1926500000] DBG rx_done=0 count=0 wr_ptr=1 rd_ptr=1 rx_empty=1 rd_en=0 rd_data=xx
# [1927500000] DBG rx_done=0 count=0 wr_ptr=1 rd_ptr=1 rx_empty=1 rd_en=0 rd_data=xx
# [1928500000] DBG rx_done=0 count=0 wr_ptr=1 rd_ptr=1 rx_empty=1 rd_en=0 rd_data=xx
# [1929500000] DBG rx_done=0 count=0 wr_ptr=1 rd_ptr=1 rx_empty=1 rd_en=0 rd_data=xx
# [1930500000] DBG rx_done=0 count=0 wr_ptr=1 rd_ptr=1 rx_empty=1 rd_en=0 rd_data=xx
# [1931500000] DBG rx_done=0 count=0 wr_ptr=1 rd_ptr=1 rx_empty=1 rd_en=0 rd_data=xx
# [1932500000] DBG rx_done=0 count=0 wr_ptr=1 rd_ptr=1 rx_empty=1 rd_en=0 rd_data=xx
# [1933500000] DBG rx_done=0 count=0 wr_ptr=1 rd_ptr=1 rx_empty=1 rd_en=0 rd_data=xx
# [1934500000] DBG rx_done=0 count=0 wr_ptr=1 rd_ptr=1 rx_empty=1 rd_en=0 rd_data=xx
# [1935500000] DBG rx_done=0 count=0 wr_ptr=1 rd_ptr=1 rx_empty=1 rd_en=0 rd_data=xx
# [1936500000] DBG rx_done=0 count=0 wr_ptr=1 rd_ptr=1 rx_empty=1 rd_en=0 rd_data=xx
# [1937500000] DBG rx_done=0 count=0 wr_ptr=1 rd_ptr=1 rx_empty=1 rd_en=0 rd_data=xx
# [1938500000] DBG rx_done=0 count=0 wr_ptr=1 rd_ptr=1 rx_empty=1 rd_en=0 rd_data=xx
# [1939500000] DBG rx_done=0 count=0 wr_ptr=1 rd_ptr=1 rx_empty=1 rd_en=0 rd_data=xx
# [1940500000] DBG rx_done=0 count=0 wr_ptr=1 rd_ptr=1 rx_empty=1 rd_en=0 rd_data=xx
# [1941500000] DBG rx_done=0 count=0 wr_ptr=1 rd_ptr=1 rx_empty=1 rd_en=0 rd_data=xx
# [1942500000] DBG rx_done=0 count=0 wr_ptr=1 rd_ptr=1 rx_empty=1 rd_en=0 rd_data=xx
# [1943500000] DBG rx_done=0 count=0 wr_ptr=1 rd_ptr=1 rx_empty=1 rd_en=0 rd_data=xx
# [1944500000] DBG rx_done=0 count=0 wr_ptr=1 rd_ptr=1 rx_empty=1 rd_en=0 rd_data=xx
# [1945500000] DBG rx_done=0 count=0 wr_ptr=1 rd_ptr=1 rx_empty=1 rd_en=0 rd_data=xx
# [1946500000] DBG rx_done=0 count=0 wr_ptr=1 rd_ptr=1 rx_empty=1 rd_en=0 rd_data=xx
# [1947500000] DBG rx_done=0 count=0 wr_ptr=1 rd_ptr=1 rx_empty=1 rd_en=0 rd_data=xx
# [1948500000] DBG rx_done=0 count=0 wr_ptr=1 rd_ptr=1 rx_empty=1 rd_en=0 rd_data=xx
# [1949500000] DBG rx_done=0 count=0 wr_ptr=1 rd_ptr=1 rx_empty=1 rd_en=0 rd_data=xx
# [1950500000] DBG rx_done=0 count=0 wr_ptr=1 rd_ptr=1 rx_empty=1 rd_en=0 rd_data=xx
# [1951500000] DBG rx_done=0 count=0 wr_ptr=1 rd_ptr=1 rx_empty=1 rd_en=0 rd_data=xx
# [1952500000] DBG rx_done=0 count=0 wr_ptr=1 rd_ptr=1 rx_empty=1 rd_en=0 rd_data=xx
# [1953500000] DBG rx_done=0 count=0 wr_ptr=1 rd_ptr=1 rx_empty=1 rd_en=0 rd_data=xx
# [1954500000] DBG rx_done=0 count=0 wr_ptr=1 rd_ptr=1 rx_empty=1 rd_en=0 rd_data=xx
# [1955500000] DBG rx_done=0 count=0 wr_ptr=1 rd_ptr=1 rx_empty=1 rd_en=0 rd_data=xx
# [1956500000] DBG rx_done=0 count=0 wr_ptr=1 rd_ptr=1 rx_empty=1 rd_en=0 rd_data=xx
# [1957500000] DBG rx_done=0 count=0 wr_ptr=1 rd_ptr=1 rx_empty=1 rd_en=0 rd_data=xx
# [1958500000] DBG rx_done=0 count=0 wr_ptr=1 rd_ptr=1 rx_empty=1 rd_en=0 rd_data=xx
# [1959500000] DBG rx_done=0 count=0 wr_ptr=1 rd_ptr=1 rx_empty=1 rd_en=0 rd_data=xx
# [1960500000] DBG rx_done=0 count=0 wr_ptr=1 rd_ptr=1 rx_empty=1 rd_en=0 rd_data=xx
# [1961500000] DBG rx_done=0 count=0 wr_ptr=1 rd_ptr=1 rx_empty=1 rd_en=0 rd_data=xx
# [1962500000] DBG rx_done=0 count=0 wr_ptr=1 rd_ptr=1 rx_empty=1 rd_en=0 rd_data=xx
# [1963500000] DBG rx_done=0 count=0 wr_ptr=1 rd_ptr=1 rx_empty=1 rd_en=0 rd_data=xx
# [1964500000] DBG rx_done=0 count=0 wr_ptr=1 rd_ptr=1 rx_empty=1 rd_en=0 rd_data=xx
# [1965500000] DBG rx_done=0 count=0 wr_ptr=1 rd_ptr=1 rx_empty=1 rd_en=0 rd_data=xx
# [1966500000] DBG rx_done=0 count=0 wr_ptr=1 rd_ptr=1 rx_empty=1 rd_en=0 rd_data=xx
# [1967500000] DBG rx_done=0 count=0 wr_ptr=1 rd_ptr=1 rx_empty=1 rd_en=0 rd_data=xx
# [1968500000] DBG rx_done=0 count=0 wr_ptr=1 rd_ptr=1 rx_empty=1 rd_en=0 rd_data=xx
# [1969500000] DBG rx_done=0 count=0 wr_ptr=1 rd_ptr=1 rx_empty=1 rd_en=0 rd_data=xx
# [1970500000] DBG rx_done=0 count=0 wr_ptr=1 rd_ptr=1 rx_empty=1 rd_en=0 rd_data=xx
# [1971500000] DBG rx_done=0 count=0 wr_ptr=1 rd_ptr=1 rx_empty=1 rd_en=0 rd_data=xx
# [1972500000] DBG rx_done=0 count=0 wr_ptr=1 rd_ptr=1 rx_empty=1 rd_en=0 rd_data=xx
# [1973500000] DBG rx_done=1 count=0 wr_ptr=1 rd_ptr=1 rx_empty=1 rd_en=0 rd_data=xx
# [1974500000] DBG rx_done=0 count=1 wr_ptr=2 rd_ptr=1 rx_empty=0 rd_en=0 rd_data=11
# [1975500000] DBG rx_done=0 count=1 wr_ptr=2 rd_ptr=1 rx_empty=0 rd_en=1 rd_data=11
# [1975500000] ERROR: popped 0x11, expected 0x12
# [1976500000] DBG rx_done=0 count=0 wr_ptr=2 rd_ptr=2 rx_empty=1 rd_en=0 rd_data=xx
# [1977500000] DBG rx_done=0 count=0 wr_ptr=2 rd_ptr=2 rx_empty=1 rd_en=1 rd_data=xx
# [1977500000] ERROR: popped 0xxx, expected 0x13
# ---- test 2: tx_full backpressure ----
# [1978500000] DBG rx_done=0 count=0 wr_ptr=2 rd_ptr=2 rx_empty=1 rd_en=0 rd_data=xx
# [1979500000] DBG rx_done=0 count=0 wr_ptr=2 rd_ptr=2 rx_empty=1 rd_en=0 rd_data=xx
# [1980500000] DBG rx_done=0 count=0 wr_ptr=2 rd_ptr=2 rx_empty=1 rd_en=0 rd_data=xx
# [1981500000] DBG rx_done=0 count=0 wr_ptr=2 rd_ptr=2 rx_empty=1 rd_en=0 rd_data=xx
# [1982500000] DBG rx_done=0 count=0 wr_ptr=2 rd_ptr=2 rx_empty=1 rd_en=0 rd_data=xx
# [1983500000] DBG rx_done=0 count=0 wr_ptr=2 rd_ptr=2 rx_empty=1 rd_en=0 rd_data=xx
# [1984500000] DBG rx_done=0 count=0 wr_ptr=2 rd_ptr=2 rx_empty=1 rd_en=0 rd_data=xx
# [1985500000] DBG rx_done=0 count=0 wr_ptr=2 rd_ptr=2 rx_empty=1 rd_en=0 rd_data=xx
# [1986500000] DBG rx_done=0 count=0 wr_ptr=2 rd_ptr=2 rx_empty=1 rd_en=0 rd_data=xx
# [1987500000] DBG rx_done=0 count=0 wr_ptr=2 rd_ptr=2 rx_empty=1 rd_en=0 rd_data=xx
# [1988500000] DBG rx_done=0 count=0 wr_ptr=2 rd_ptr=2 rx_empty=1 rd_en=0 rd_data=xx
# [1989500000] DBG rx_done=0 count=0 wr_ptr=2 rd_ptr=2 rx_empty=1 rd_en=0 rd_data=xx
# [1990500000] DBG rx_done=0 count=0 wr_ptr=2 rd_ptr=2 rx_empty=1 rd_en=0 rd_data=xx
# [1991500000] DBG rx_done=0 count=0 wr_ptr=2 rd_ptr=2 rx_empty=1 rd_en=0 rd_data=xx
# [1992500000] DBG rx_done=0 count=0 wr_ptr=2 rd_ptr=2 rx_empty=1 rd_en=0 rd_data=xx
# [1993500000] DBG rx_done=0 count=0 wr_ptr=2 rd_ptr=2 rx_empty=1 rd_en=0 rd_data=xx
# [1994500000] DBG rx_done=0 count=0 wr_ptr=2 rd_ptr=2 rx_empty=1 rd_en=0 rd_data=xx
# [1994500000] OK: tx_full asserted as expected
# [1995500000] DBG rx_done=0 count=0 wr_ptr=2 rd_ptr=2 rx_empty=1 rd_en=0 rd_data=xx
# [1996500000] DBG rx_done=0 count=0 wr_ptr=2 rd_ptr=2 rx_empty=1 rd_en=0 rd_data=xx
# [1997500000] DBG rx_done=0 count=0 wr_ptr=2 rd_ptr=2 rx_empty=1 rd_en=0 rd_data=xx
# [1998500000] DBG rx_done=0 count=0 wr_ptr=2 rd_ptr=2 rx_empty=1 rd_en=0 rd_data=xx
# [1999500000] DBG rx_done=0 count=0 wr_ptr=2 rd_ptr=2 rx_empty=1 rd_en=0 rd_data=xx
# [2000500000] DBG rx_done=0 count=0 wr_ptr=2 rd_ptr=2 rx_empty=1 rd_en=0 rd_data=xx
# [2001500000] DBG rx_done=0 count=0 wr_ptr=2 rd_ptr=2 rx_empty=1 rd_en=0 rd_data=xx
# [2002500000] DBG rx_done=0 count=0 wr_ptr=2 rd_ptr=2 rx_empty=1 rd_en=0 rd_data=xx
# [2003500000] DBG rx_done=0 count=0 wr_ptr=2 rd_ptr=2 rx_empty=1 rd_en=0 rd_data=xx
# [2004500000] DBG rx_done=0 count=0 wr_ptr=2 rd_ptr=2 rx_empty=1 rd_en=0 rd_data=xx
# [2005500000] DBG rx_done=0 count=0 wr_ptr=2 rd_ptr=2 rx_empty=1 rd_en=0 rd_data=xx
# [2006500000] DBG rx_done=0 count=0 wr_ptr=2 rd_ptr=2 rx_empty=1 rd_en=0 rd_data=xx
# [2007500000] DBG rx_done=0 count=0 wr_ptr=2 rd_ptr=2 rx_empty=1 rd_en=0 rd_data=xx
# [2008500000] DBG rx_done=0 count=0 wr_ptr=2 rd_ptr=2 rx_empty=1 rd_en=0 rd_data=xx
# [2009500000] DBG rx_done=0 count=0 wr_ptr=2 rd_ptr=2 rx_empty=1 rd_en=0 rd_data=xx
# [2010500000] DBG rx_done=0 count=0 wr_ptr=2 rd_ptr=2 rx_empty=1 rd_en=0 rd_data=xx
# [2011500000] DBG rx_done=0 count=0 wr_ptr=2 rd_ptr=2 rx_empty=1 rd_en=0 rd_data=xx
# [2012500000] DBG rx_done=0 count=0 wr_ptr=2 rd_ptr=2 rx_empty=1 rd_en=0 rd_data=xx
# [2013500000] DBG rx_done=0 count=0 wr_ptr=2 rd_ptr=2 rx_empty=1 rd_en=0 rd_data=xx
# [2014500000] DBG rx_done=0 count=0 wr_ptr=2 rd_ptr=2 rx_empty=1 rd_en=0 rd_data=xx
# [2015500000] DBG rx_done=0 count=0 wr_ptr=2 rd_ptr=2 rx_empty=1 rd_en=0 rd_data=xx
# [2016500000] DBG rx_done=0 count=0 wr_ptr=2 rd_ptr=2 rx_empty=1 rd_en=0 rd_data=xx
# [2017500000] DBG rx_done=0 count=0 wr_ptr=2 rd_ptr=2 rx_empty=1 rd_en=0 rd_data=xx
# [2018500000] DBG rx_done=0 count=0 wr_ptr=2 rd_ptr=2 rx_empty=1 rd_en=0 rd_data=xx
# [2019500000] DBG rx_done=0 count=0 wr_ptr=2 rd_ptr=2 rx_empty=1 rd_en=0 rd_data=xx
# [2020500000] DBG rx_done=0 count=0 wr_ptr=2 rd_ptr=2 rx_empty=1 rd_en=0 rd_data=xx
# [2021500000] DBG rx_done=0 count=0 wr_ptr=2 rd_ptr=2 rx_empty=1 rd_en=0 rd_data=xx
# [2022500000] DBG rx_done=0 count=0 wr_ptr=2 rd_ptr=2 rx_empty=1 rd_en=0 rd_data=xx
# [2023500000] DBG rx_done=0 count=0 wr_ptr=2 rd_ptr=2 rx_empty=1 rd_en=0 rd_data=xx
# [2024500000] DBG rx_done=0 count=0 wr_ptr=2 rd_ptr=2 rx_empty=1 rd_en=0 rd_data=xx
# [2025500000] DBG rx_done=0 count=0 wr_ptr=2 rd_ptr=2 rx_empty=1 rd_en=0 rd_data=xx
# [2026500000] DBG rx_done=0 count=0 wr_ptr=2 rd_ptr=2 rx_empty=1 rd_en=0 rd_data=xx
# [2027500000] DBG rx_done=0 count=0 wr_ptr=2 rd_ptr=2 rx_empty=1 rd_en=0 rd_data=xx
# [2028500000] DBG rx_done=0 count=0 wr_ptr=2 rd_ptr=2 rx_empty=1 rd_en=0 rd_data=xx
# [2029500000] DBG rx_done=0 count=0 wr_ptr=2 rd_ptr=2 rx_empty=1 rd_en=0 rd_data=xx
# [2030500000] DBG rx_done=0 count=0 wr_ptr=2 rd_ptr=2 rx_empty=1 rd_en=0 rd_data=xx
# [2031500000] DBG rx_done=0 count=0 wr_ptr=2 rd_ptr=2 rx_empty=1 rd_en=0 rd_data=xx
# [2032500000] DBG rx_done=0 count=0 wr_ptr=2 rd_ptr=2 rx_empty=1 rd_en=0 rd_data=xx
# [2033500000] DBG rx_done=0 count=0 wr_ptr=2 rd_ptr=2 rx_empty=1 rd_en=0 rd_data=xx
# [2034500000] DBG rx_done=0 count=0 wr_ptr=2 rd_ptr=2 rx_empty=1 rd_en=0 rd_data=xx
# [2035500000] DBG rx_done=0 count=0 wr_ptr=2 rd_ptr=2 rx_empty=1 rd_en=0 rd_data=xx
# [2036500000] DBG rx_done=0 count=0 wr_ptr=2 rd_ptr=2 rx_empty=1 rd_en=0 rd_data=xx
# [2037500000] DBG rx_done=0 count=0 wr_ptr=2 rd_ptr=2 rx_empty=1 rd_en=0 rd_data=xx
# [2038500000] DBG rx_done=0 count=0 wr_ptr=2 rd_ptr=2 rx_empty=1 rd_en=0 rd_data=xx
# [2039500000] DBG rx_done=0 count=0 wr_ptr=2 rd_ptr=2 rx_empty=1 rd_en=0 rd_data=xx
# [2040500000] DBG rx_done=0 count=0 wr_ptr=2 rd_ptr=2 rx_empty=1 rd_en=0 rd_data=xx
# [2041500000] DBG rx_done=0 count=0 wr_ptr=2 rd_ptr=2 rx_empty=1 rd_en=0 rd_data=xx
# [2042500000] DBG rx_done=0 count=0 wr_ptr=2 rd_ptr=2 rx_empty=1 rd_en=0 rd_data=xx
# [2043500000] DBG rx_done=0 count=0 wr_ptr=2 rd_ptr=2 rx_empty=1 rd_en=0 rd_data=xx
# [2044500000] DBG rx_done=0 count=0 wr_ptr=2 rd_ptr=2 rx_empty=1 rd_en=0 rd_data=xx
# [2045500000] DBG rx_done=0 count=0 wr_ptr=2 rd_ptr=2 rx_empty=1 rd_en=0 rd_data=xx
# [2046500000] DBG rx_done=0 count=0 wr_ptr=2 rd_ptr=2 rx_empty=1 rd_en=0 rd_data=xx
# [2047500000] DBG rx_done=0 count=0 wr_ptr=2 rd_ptr=2 rx_empty=1 rd_en=0 rd_data=xx
# [2048500000] DBG rx_done=0 count=0 wr_ptr=2 rd_ptr=2 rx_empty=1 rd_en=0 rd_data=xx
# [2049500000] DBG rx_done=0 count=0 wr_ptr=2 rd_ptr=2 rx_empty=1 rd_en=0 rd_data=xx
# [2050500000] DBG rx_done=0 count=0 wr_ptr=2 rd_ptr=2 rx_empty=1 rd_en=0 rd_data=xx
# [2051500000] DBG rx_done=0 count=0 wr_ptr=2 rd_ptr=2 rx_empty=1 rd_en=0 rd_data=xx
# [2052500000] DBG rx_done=0 count=0 wr_ptr=2 rd_ptr=2 rx_empty=1 rd_en=0 rd_data=xx
# [2053500000] DBG rx_done=0 count=0 wr_ptr=2 rd_ptr=2 rx_empty=1 rd_en=0 rd_data=xx
# [2054500000] DBG rx_done=0 count=0 wr_ptr=2 rd_ptr=2 rx_empty=1 rd_en=0 rd_data=xx
# [2055500000] DBG rx_done=0 count=0 wr_ptr=2 rd_ptr=2 rx_empty=1 rd_en=0 rd_data=xx
# [2056500000] DBG rx_done=0 count=0 wr_ptr=2 rd_ptr=2 rx_empty=1 rd_en=0 rd_data=xx
# [2057500000] DBG rx_done=0 count=0 wr_ptr=2 rd_ptr=2 rx_empty=1 rd_en=0 rd_data=xx
# [2058500000] DBG rx_done=0 count=0 wr_ptr=2 rd_ptr=2 rx_empty=1 rd_en=0 rd_data=xx
# [2059500000] DBG rx_done=0 count=0 wr_ptr=2 rd_ptr=2 rx_empty=1 rd_en=0 rd_data=xx
# [2060500000] DBG rx_done=0 count=0 wr_ptr=2 rd_ptr=2 rx_empty=1 rd_en=0 rd_data=xx
# [2061500000] DBG rx_done=0 count=0 wr_ptr=2 rd_ptr=2 rx_empty=1 rd_en=0 rd_data=xx
# [2062500000] DBG rx_done=0 count=0 wr_ptr=2 rd_ptr=2 rx_empty=1 rd_en=0 rd_data=xx
# [2063500000] DBG rx_done=0 count=0 wr_ptr=2 rd_ptr=2 rx_empty=1 rd_en=0 rd_data=xx
# [2064500000] DBG rx_done=0 count=0 wr_ptr=2 rd_ptr=2 rx_empty=1 rd_en=0 rd_data=xx
# [2065500000] DBG rx_done=0 count=0 wr_ptr=2 rd_ptr=2 rx_empty=1 rd_en=0 rd_data=xx
# [2066500000] DBG rx_done=0 count=0 wr_ptr=2 rd_ptr=2 rx_empty=1 rd_en=0 rd_data=xx
# [2067500000] DBG rx_done=0 count=0 wr_ptr=2 rd_ptr=2 rx_empty=1 rd_en=0 rd_data=xx
# [2068500000] DBG rx_done=0 count=0 wr_ptr=2 rd_ptr=2 rx_empty=1 rd_en=0 rd_data=xx
# [2069500000] DBG rx_done=0 count=0 wr_ptr=2 rd_ptr=2 rx_empty=1 rd_en=0 rd_data=xx
# [2070500000] DBG rx_done=0 count=0 wr_ptr=2 rd_ptr=2 rx_empty=1 rd_en=0 rd_data=xx
# [2071500000] DBG rx_done=0 count=0 wr_ptr=2 rd_ptr=2 rx_empty=1 rd_en=0 rd_data=xx
# [2072500000] DBG rx_done=0 count=0 wr_ptr=2 rd_ptr=2 rx_empty=1 rd_en=0 rd_data=xx
# [2073500000] DBG rx_done=0 count=0 wr_ptr=2 rd_ptr=2 rx_empty=1 rd_en=0 rd_data=xx
# [2074500000] DBG rx_done=0 count=0 wr_ptr=2 rd_ptr=2 rx_empty=1 rd_en=0 rd_data=xx
# [2075500000] DBG rx_done=0 count=0 wr_ptr=2 rd_ptr=2 rx_empty=1 rd_en=0 rd_data=xx
# [2076500000] DBG rx_done=0 count=0 wr_ptr=2 rd_ptr=2 rx_empty=1 rd_en=0 rd_data=xx
# [2077500000] DBG rx_done=0 count=0 wr_ptr=2 rd_ptr=2 rx_empty=1 rd_en=0 rd_data=xx
# [2078500000] DBG rx_done=0 count=0 wr_ptr=2 rd_ptr=2 rx_empty=1 rd_en=0 rd_data=xx
# [2079500000] DBG rx_done=0 count=0 wr_ptr=2 rd_ptr=2 rx_empty=1 rd_en=0 rd_data=xx
# [2080500000] DBG rx_done=0 count=0 wr_ptr=2 rd_ptr=2 rx_empty=1 rd_en=0 rd_data=xx
# [2081500000] DBG rx_done=0 count=0 wr_ptr=2 rd_ptr=2 rx_empty=1 rd_en=0 rd_data=xx
# [2082500000] DBG rx_done=0 count=0 wr_ptr=2 rd_ptr=2 rx_empty=1 rd_en=0 rd_data=xx
# [2083500000] DBG rx_done=0 count=0 wr_ptr=2 rd_ptr=2 rx_empty=1 rd_en=0 rd_data=xx
# [2084500000] DBG rx_done=0 count=0 wr_ptr=2 rd_ptr=2 rx_empty=1 rd_en=0 rd_data=xx
# [2085500000] DBG rx_done=0 count=0 wr_ptr=2 rd_ptr=2 rx_empty=1 rd_en=0 rd_data=xx
# [2086500000] DBG rx_done=0 count=0 wr_ptr=2 rd_ptr=2 rx_empty=1 rd_en=0 rd_data=xx
# [2087500000] DBG rx_done=0 count=0 wr_ptr=2 rd_ptr=2 rx_empty=1 rd_en=0 rd_data=xx
# [2088500000] DBG rx_done=0 count=0 wr_ptr=2 rd_ptr=2 rx_empty=1 rd_en=0 rd_data=xx
# [2089500000] DBG rx_done=0 count=0 wr_ptr=2 rd_ptr=2 rx_empty=1 rd_en=0 rd_data=xx
# [2090500000] DBG rx_done=0 count=0 wr_ptr=2 rd_ptr=2 rx_empty=1 rd_en=0 rd_data=xx
# [2091500000] DBG rx_done=0 count=0 wr_ptr=2 rd_ptr=2 rx_empty=1 rd_en=0 rd_data=xx
# [2092500000] DBG rx_done=0 count=0 wr_ptr=2 rd_ptr=2 rx_empty=1 rd_en=0 rd_data=xx
# [2093500000] DBG rx_done=0 count=0 wr_ptr=2 rd_ptr=2 rx_empty=1 rd_en=0 rd_data=xx
# [2094500000] DBG rx_done=0 count=0 wr_ptr=2 rd_ptr=2 rx_empty=1 rd_en=0 rd_data=xx
# [2095500000] DBG rx_done=0 count=0 wr_ptr=2 rd_ptr=2 rx_empty=1 rd_en=0 rd_data=xx
# [2096500000] DBG rx_done=0 count=0 wr_ptr=2 rd_ptr=2 rx_empty=1 rd_en=0 rd_data=xx
# [2097500000] DBG rx_done=0 count=0 wr_ptr=2 rd_ptr=2 rx_empty=1 rd_en=0 rd_data=xx
# [2098500000] DBG rx_done=0 count=0 wr_ptr=2 rd_ptr=2 rx_empty=1 rd_en=0 rd_data=xx
# [2099500000] DBG rx_done=0 count=0 wr_ptr=2 rd_ptr=2 rx_empty=1 rd_en=0 rd_data=xx
# [2100500000] DBG rx_done=0 count=0 wr_ptr=2 rd_ptr=2 rx_empty=1 rd_en=0 rd_data=xx
# [2101500000] DBG rx_done=0 count=0 wr_ptr=2 rd_ptr=2 rx_empty=1 rd_en=0 rd_data=xx
# [2102500000] DBG rx_done=0 count=0 wr_ptr=2 rd_ptr=2 rx_empty=1 rd_en=0 rd_data=xx
# [2103500000] DBG rx_done=0 count=0 wr_ptr=2 rd_ptr=2 rx_empty=1 rd_en=0 rd_data=xx
# [2104500000] DBG rx_done=0 count=0 wr_ptr=2 rd_ptr=2 rx_empty=1 rd_en=0 rd_data=xx
# [2105500000] DBG rx_done=0 count=0 wr_ptr=2 rd_ptr=2 rx_empty=1 rd_en=0 rd_data=xx
# [2106500000] DBG rx_done=0 count=0 wr_ptr=2 rd_ptr=2 rx_empty=1 rd_en=0 rd_data=xx
# [2107500000] DBG rx_done=0 count=0 wr_ptr=2 rd_ptr=2 rx_empty=1 rd_en=0 rd_data=xx
# [2108500000] DBG rx_done=0 count=0 wr_ptr=2 rd_ptr=2 rx_empty=1 rd_en=0 rd_data=xx
# [2109500000] DBG rx_done=0 count=0 wr_ptr=2 rd_ptr=2 rx_empty=1 rd_en=0 rd_data=xx
# [2110500000] DBG rx_done=0 count=0 wr_ptr=2 rd_ptr=2 rx_empty=1 rd_en=0 rd_data=xx
# [2111500000] DBG rx_done=0 count=0 wr_ptr=2 rd_ptr=2 rx_empty=1 rd_en=0 rd_data=xx
# [2112500000] DBG rx_done=0 count=0 wr_ptr=2 rd_ptr=2 rx_empty=1 rd_en=0 rd_data=xx
# [2113500000] DBG rx_done=0 count=0 wr_ptr=2 rd_ptr=2 rx_empty=1 rd_en=0 rd_data=xx
# [2114500000] DBG rx_done=0 count=0 wr_ptr=2 rd_ptr=2 rx_empty=1 rd_en=0 rd_data=xx
# [2115500000] DBG rx_done=0 count=0 wr_ptr=2 rd_ptr=2 rx_empty=1 rd_en=0 rd_data=xx
# [2116500000] DBG rx_done=0 count=0 wr_ptr=2 rd_ptr=2 rx_empty=1 rd_en=0 rd_data=xx
# [2117500000] DBG rx_done=0 count=0 wr_ptr=2 rd_ptr=2 rx_empty=1 rd_en=0 rd_data=xx
# [2118500000] DBG rx_done=0 count=0 wr_ptr=2 rd_ptr=2 rx_empty=1 rd_en=0 rd_data=xx
# [2119500000] DBG rx_done=0 count=0 wr_ptr=2 rd_ptr=2 rx_empty=1 rd_en=0 rd_data=xx
# [2120500000] DBG rx_done=0 count=0 wr_ptr=2 rd_ptr=2 rx_empty=1 rd_en=0 rd_data=xx
# [2121500000] DBG rx_done=0 count=0 wr_ptr=2 rd_ptr=2 rx_empty=1 rd_en=0 rd_data=xx
# [2122500000] DBG rx_done=0 count=0 wr_ptr=2 rd_ptr=2 rx_empty=1 rd_en=0 rd_data=xx
# [2123500000] DBG rx_done=0 count=0 wr_ptr=2 rd_ptr=2 rx_empty=1 rd_en=0 rd_data=xx
# [2124500000] DBG rx_done=0 count=0 wr_ptr=2 rd_ptr=2 rx_empty=1 rd_en=0 rd_data=xx
# [2125500000] DBG rx_done=0 count=0 wr_ptr=2 rd_ptr=2 rx_empty=1 rd_en=0 rd_data=xx
# [2126500000] DBG rx_done=0 count=0 wr_ptr=2 rd_ptr=2 rx_empty=1 rd_en=0 rd_data=xx
# [2127500000] DBG rx_done=0 count=0 wr_ptr=2 rd_ptr=2 rx_empty=1 rd_en=0 rd_data=xx
# [2128500000] DBG rx_done=0 count=0 wr_ptr=2 rd_ptr=2 rx_empty=1 rd_en=0 rd_data=xx
# [2129500000] DBG rx_done=0 count=0 wr_ptr=2 rd_ptr=2 rx_empty=1 rd_en=0 rd_data=xx
# [2130500000] DBG rx_done=0 count=0 wr_ptr=2 rd_ptr=2 rx_empty=1 rd_en=0 rd_data=xx
# [2131500000] DBG rx_done=0 count=0 wr_ptr=2 rd_ptr=2 rx_empty=1 rd_en=0 rd_data=xx
# [2132500000] DBG rx_done=0 count=0 wr_ptr=2 rd_ptr=2 rx_empty=1 rd_en=0 rd_data=xx
# [2133500000] DBG rx_done=0 count=0 wr_ptr=2 rd_ptr=2 rx_empty=1 rd_en=0 rd_data=xx
# [2134500000] DBG rx_done=0 count=0 wr_ptr=2 rd_ptr=2 rx_empty=1 rd_en=0 rd_data=xx
# [2135500000] DBG rx_done=0 count=0 wr_ptr=2 rd_ptr=2 rx_empty=1 rd_en=0 rd_data=xx
# [2136500000] DBG rx_done=0 count=0 wr_ptr=2 rd_ptr=2 rx_empty=1 rd_en=0 rd_data=xx
# [2137500000] DBG rx_done=0 count=0 wr_ptr=2 rd_ptr=2 rx_empty=1 rd_en=0 rd_data=xx
# [2138500000] DBG rx_done=0 count=0 wr_ptr=2 rd_ptr=2 rx_empty=1 rd_en=0 rd_data=xx
# [2139500000] DBG rx_done=0 count=0 wr_ptr=2 rd_ptr=2 rx_empty=1 rd_en=0 rd_data=xx
# [2140500000] DBG rx_done=0 count=0 wr_ptr=2 rd_ptr=2 rx_empty=1 rd_en=0 rd_data=xx
# [2141500000] DBG rx_done=0 count=0 wr_ptr=2 rd_ptr=2 rx_empty=1 rd_en=0 rd_data=xx
# [2142500000] DBG rx_done=0 count=0 wr_ptr=2 rd_ptr=2 rx_empty=1 rd_en=0 rd_data=xx
# [2143500000] DBG rx_done=0 count=0 wr_ptr=2 rd_ptr=2 rx_empty=1 rd_en=0 rd_data=xx
# [2144500000] DBG rx_done=0 count=0 wr_ptr=2 rd_ptr=2 rx_empty=1 rd_en=0 rd_data=xx
# [2145500000] DBG rx_done=0 count=0 wr_ptr=2 rd_ptr=2 rx_empty=1 rd_en=0 rd_data=xx
# [2146500000] DBG rx_done=0 count=0 wr_ptr=2 rd_ptr=2 rx_empty=1 rd_en=0 rd_data=xx
# [2147500000] DBG rx_done=0 count=0 wr_ptr=2 rd_ptr=2 rx_empty=1 rd_en=0 rd_data=xx
# [2148500000] DBG rx_done=0 count=0 wr_ptr=2 rd_ptr=2 rx_empty=1 rd_en=0 rd_data=xx
# [2149500000] DBG rx_done=0 count=0 wr_ptr=2 rd_ptr=2 rx_empty=1 rd_en=0 rd_data=xx
# [2150500000] DBG rx_done=0 count=0 wr_ptr=2 rd_ptr=2 rx_empty=1 rd_en=0 rd_data=xx
# [2151500000] DBG rx_done=0 count=0 wr_ptr=2 rd_ptr=2 rx_empty=1 rd_en=0 rd_data=xx
# [2152500000] DBG rx_done=0 count=0 wr_ptr=2 rd_ptr=2 rx_empty=1 rd_en=0 rd_data=xx
# [2153500000] DBG rx_done=0 count=0 wr_ptr=2 rd_ptr=2 rx_empty=1 rd_en=0 rd_data=xx
# [2154500000] DBG rx_done=0 count=0 wr_ptr=2 rd_ptr=2 rx_empty=1 rd_en=0 rd_data=xx
# [2155500000] DBG rx_done=0 count=0 wr_ptr=2 rd_ptr=2 rx_empty=1 rd_en=0 rd_data=xx
# [2156500000] DBG rx_done=0 count=0 wr_ptr=2 rd_ptr=2 rx_empty=1 rd_en=0 rd_data=xx
# [2157500000] DBG rx_done=0 count=0 wr_ptr=2 rd_ptr=2 rx_empty=1 rd_en=0 rd_data=xx
# [2158500000] DBG rx_done=0 count=0 wr_ptr=2 rd_ptr=2 rx_empty=1 rd_en=0 rd_data=xx
# [2159500000] DBG rx_done=0 count=0 wr_ptr=2 rd_ptr=2 rx_empty=1 rd_en=0 rd_data=xx
# [2160500000] DBG rx_done=0 count=0 wr_ptr=2 rd_ptr=2 rx_empty=1 rd_en=0 rd_data=xx
# [2161500000] DBG rx_done=0 count=0 wr_ptr=2 rd_ptr=2 rx_empty=1 rd_en=0 rd_data=xx
# [2162500000] DBG rx_done=0 count=0 wr_ptr=2 rd_ptr=2 rx_empty=1 rd_en=0 rd_data=xx
# [2163500000] DBG rx_done=0 count=0 wr_ptr=2 rd_ptr=2 rx_empty=1 rd_en=0 rd_data=xx
# [2164500000] DBG rx_done=0 count=0 wr_ptr=2 rd_ptr=2 rx_empty=1 rd_en=0 rd_data=xx
# [2165500000] DBG rx_done=0 count=0 wr_ptr=2 rd_ptr=2 rx_empty=1 rd_en=0 rd_data=xx
# [2166500000] DBG rx_done=0 count=0 wr_ptr=2 rd_ptr=2 rx_empty=1 rd_en=0 rd_data=xx
# [2167500000] DBG rx_done=0 count=0 wr_ptr=2 rd_ptr=2 rx_empty=1 rd_en=0 rd_data=xx
# [2168500000] DBG rx_done=0 count=0 wr_ptr=2 rd_ptr=2 rx_empty=1 rd_en=0 rd_data=xx
# [2169500000] DBG rx_done=0 count=0 wr_ptr=2 rd_ptr=2 rx_empty=1 rd_en=0 rd_data=xx
# [2170500000] DBG rx_done=0 count=0 wr_ptr=2 rd_ptr=2 rx_empty=1 rd_en=0 rd_data=xx
# [2171500000] DBG rx_done=0 count=0 wr_ptr=2 rd_ptr=2 rx_empty=1 rd_en=0 rd_data=xx
# [2172500000] DBG rx_done=0 count=0 wr_ptr=2 rd_ptr=2 rx_empty=1 rd_en=0 rd_data=xx
# [2173500000] DBG rx_done=0 count=0 wr_ptr=2 rd_ptr=2 rx_empty=1 rd_en=0 rd_data=xx
# [2174500000] DBG rx_done=0 count=0 wr_ptr=2 rd_ptr=2 rx_empty=1 rd_en=0 rd_data=xx
# [2175500000] DBG rx_done=0 count=0 wr_ptr=2 rd_ptr=2 rx_empty=1 rd_en=0 rd_data=xx
# [2176500000] DBG rx_done=0 count=0 wr_ptr=2 rd_ptr=2 rx_empty=1 rd_en=0 rd_data=xx
# [2177500000] DBG rx_done=0 count=0 wr_ptr=2 rd_ptr=2 rx_empty=1 rd_en=0 rd_data=xx
# [2178500000] DBG rx_done=0 count=0 wr_ptr=2 rd_ptr=2 rx_empty=1 rd_en=0 rd_data=xx
# [2179500000] DBG rx_done=0 count=0 wr_ptr=2 rd_ptr=2 rx_empty=1 rd_en=0 rd_data=xx
# [2180500000] DBG rx_done=0 count=0 wr_ptr=2 rd_ptr=2 rx_empty=1 rd_en=0 rd_data=xx
# [2181500000] DBG rx_done=0 count=0 wr_ptr=2 rd_ptr=2 rx_empty=1 rd_en=0 rd_data=xx
# [2182500000] DBG rx_done=0 count=0 wr_ptr=2 rd_ptr=2 rx_empty=1 rd_en=0 rd_data=xx
# [2183500000] DBG rx_done=0 count=0 wr_ptr=2 rd_ptr=2 rx_empty=1 rd_en=0 rd_data=xx
# [2184500000] DBG rx_done=0 count=0 wr_ptr=2 rd_ptr=2 rx_empty=1 rd_en=0 rd_data=xx
# [2185500000] DBG rx_done=0 count=0 wr_ptr=2 rd_ptr=2 rx_empty=1 rd_en=0 rd_data=xx
# [2186500000] DBG rx_done=0 count=0 wr_ptr=2 rd_ptr=2 rx_empty=1 rd_en=0 rd_data=xx
# [2187500000] DBG rx_done=0 count=0 wr_ptr=2 rd_ptr=2 rx_empty=1 rd_en=0 rd_data=xx
# [2188500000] DBG rx_done=0 count=0 wr_ptr=2 rd_ptr=2 rx_empty=1 rd_en=0 rd_data=xx
# [2189500000] DBG rx_done=0 count=0 wr_ptr=2 rd_ptr=2 rx_empty=1 rd_en=0 rd_data=xx
# [2190500000] DBG rx_done=0 count=0 wr_ptr=2 rd_ptr=2 rx_empty=1 rd_en=0 rd_data=xx
# [2191500000] DBG rx_done=0 count=0 wr_ptr=2 rd_ptr=2 rx_empty=1 rd_en=0 rd_data=xx
# [2192500000] DBG rx_done=0 count=0 wr_ptr=2 rd_ptr=2 rx_empty=1 rd_en=0 rd_data=xx
# [2193500000] DBG rx_done=0 count=0 wr_ptr=2 rd_ptr=2 rx_empty=1 rd_en=0 rd_data=xx
# [2194500000] DBG rx_done=0 count=0 wr_ptr=2 rd_ptr=2 rx_empty=1 rd_en=0 rd_data=xx
# [2195500000] DBG rx_done=0 count=0 wr_ptr=2 rd_ptr=2 rx_empty=1 rd_en=0 rd_data=xx
# [2196500000] DBG rx_done=0 count=0 wr_ptr=2 rd_ptr=2 rx_empty=1 rd_en=0 rd_data=xx
# [2197500000] DBG rx_done=0 count=0 wr_ptr=2 rd_ptr=2 rx_empty=1 rd_en=0 rd_data=xx
# [2198500000] DBG rx_done=0 count=0 wr_ptr=2 rd_ptr=2 rx_empty=1 rd_en=0 rd_data=xx
# [2199500000] DBG rx_done=0 count=0 wr_ptr=2 rd_ptr=2 rx_empty=1 rd_en=0 rd_data=xx
# [2200500000] DBG rx_done=0 count=0 wr_ptr=2 rd_ptr=2 rx_empty=1 rd_en=0 rd_data=xx
# [2201500000] DBG rx_done=0 count=0 wr_ptr=2 rd_ptr=2 rx_empty=1 rd_en=0 rd_data=xx
# [2202500000] DBG rx_done=0 count=0 wr_ptr=2 rd_ptr=2 rx_empty=1 rd_en=0 rd_data=xx
# [2203500000] DBG rx_done=0 count=0 wr_ptr=2 rd_ptr=2 rx_empty=1 rd_en=0 rd_data=xx
# [2204500000] DBG rx_done=0 count=0 wr_ptr=2 rd_ptr=2 rx_empty=1 rd_en=0 rd_data=xx
# [2205500000] DBG rx_done=0 count=0 wr_ptr=2 rd_ptr=2 rx_empty=1 rd_en=0 rd_data=xx
# [2206500000] DBG rx_done=0 count=0 wr_ptr=2 rd_ptr=2 rx_empty=1 rd_en=0 rd_data=xx
# [2207500000] DBG rx_done=0 count=0 wr_ptr=2 rd_ptr=2 rx_empty=1 rd_en=0 rd_data=xx
# [2208500000] DBG rx_done=0 count=0 wr_ptr=2 rd_ptr=2 rx_empty=1 rd_en=0 rd_data=xx
# [2209500000] DBG rx_done=0 count=0 wr_ptr=2 rd_ptr=2 rx_empty=1 rd_en=0 rd_data=xx
# [2210500000] DBG rx_done=0 count=0 wr_ptr=2 rd_ptr=2 rx_empty=1 rd_en=0 rd_data=xx
# [2211500000] DBG rx_done=0 count=0 wr_ptr=2 rd_ptr=2 rx_empty=1 rd_en=0 rd_data=xx
# [2212500000] DBG rx_done=0 count=0 wr_ptr=2 rd_ptr=2 rx_empty=1 rd_en=0 rd_data=xx
# [2213500000] DBG rx_done=0 count=0 wr_ptr=2 rd_ptr=2 rx_empty=1 rd_en=0 rd_data=xx
# [2214500000] DBG rx_done=0 count=0 wr_ptr=2 rd_ptr=2 rx_empty=1 rd_en=0 rd_data=xx
# [2215500000] DBG rx_done=0 count=0 wr_ptr=2 rd_ptr=2 rx_empty=1 rd_en=0 rd_data=xx
# [2216500000] DBG rx_done=0 count=0 wr_ptr=2 rd_ptr=2 rx_empty=1 rd_en=0 rd_data=xx
# [2217500000] DBG rx_done=0 count=0 wr_ptr=2 rd_ptr=2 rx_empty=1 rd_en=0 rd_data=xx
# [2218500000] DBG rx_done=0 count=0 wr_ptr=2 rd_ptr=2 rx_empty=1 rd_en=0 rd_data=xx
# [2219500000] DBG rx_done=0 count=0 wr_ptr=2 rd_ptr=2 rx_empty=1 rd_en=0 rd_data=xx
# [2220500000] DBG rx_done=0 count=0 wr_ptr=2 rd_ptr=2 rx_empty=1 rd_en=0 rd_data=xx
# [2221500000] DBG rx_done=0 count=0 wr_ptr=2 rd_ptr=2 rx_empty=1 rd_en=0 rd_data=xx
# [2222500000] DBG rx_done=0 count=0 wr_ptr=2 rd_ptr=2 rx_empty=1 rd_en=0 rd_data=xx
# [2223500000] DBG rx_done=0 count=0 wr_ptr=2 rd_ptr=2 rx_empty=1 rd_en=0 rd_data=xx
# [2224500000] DBG rx_done=0 count=0 wr_ptr=2 rd_ptr=2 rx_empty=1 rd_en=0 rd_data=xx
# [2225500000] DBG rx_done=0 count=0 wr_ptr=2 rd_ptr=2 rx_empty=1 rd_en=0 rd_data=xx
# [2226500000] DBG rx_done=0 count=0 wr_ptr=2 rd_ptr=2 rx_empty=1 rd_en=0 rd_data=xx
# [2227500000] DBG rx_done=0 count=0 wr_ptr=2 rd_ptr=2 rx_empty=1 rd_en=0 rd_data=xx
# [2228500000] DBG rx_done=0 count=0 wr_ptr=2 rd_ptr=2 rx_empty=1 rd_en=0 rd_data=xx
# [2229500000] DBG rx_done=0 count=0 wr_ptr=2 rd_ptr=2 rx_empty=1 rd_en=0 rd_data=xx
# [2230500000] DBG rx_done=0 count=0 wr_ptr=2 rd_ptr=2 rx_empty=1 rd_en=0 rd_data=xx
# [2231500000] DBG rx_done=0 count=0 wr_ptr=2 rd_ptr=2 rx_empty=1 rd_en=0 rd_data=xx
# [2232500000] DBG rx_done=0 count=0 wr_ptr=2 rd_ptr=2 rx_empty=1 rd_en=0 rd_data=xx
# [2233500000] DBG rx_done=0 count=0 wr_ptr=2 rd_ptr=2 rx_empty=1 rd_en=0 rd_data=xx
# [2234500000] DBG rx_done=0 count=0 wr_ptr=2 rd_ptr=2 rx_empty=1 rd_en=0 rd_data=xx
# [2235500000] DBG rx_done=0 count=0 wr_ptr=2 rd_ptr=2 rx_empty=1 rd_en=0 rd_data=xx
# [2236500000] DBG rx_done=0 count=0 wr_ptr=2 rd_ptr=2 rx_empty=1 rd_en=0 rd_data=xx
# [2237500000] DBG rx_done=0 count=0 wr_ptr=2 rd_ptr=2 rx_empty=1 rd_en=0 rd_data=xx
# [2238500000] DBG rx_done=0 count=0 wr_ptr=2 rd_ptr=2 rx_empty=1 rd_en=0 rd_data=xx
# [2239500000] DBG rx_done=0 count=0 wr_ptr=2 rd_ptr=2 rx_empty=1 rd_en=0 rd_data=xx
# [2240500000] DBG rx_done=0 count=0 wr_ptr=2 rd_ptr=2 rx_empty=1 rd_en=0 rd_data=xx
# [2241500000] DBG rx_done=0 count=0 wr_ptr=2 rd_ptr=2 rx_empty=1 rd_en=0 rd_data=xx
# [2242500000] DBG rx_done=0 count=0 wr_ptr=2 rd_ptr=2 rx_empty=1 rd_en=0 rd_data=xx
# [2243500000] DBG rx_done=0 count=0 wr_ptr=2 rd_ptr=2 rx_empty=1 rd_en=0 rd_data=xx
# [2244500000] DBG rx_done=0 count=0 wr_ptr=2 rd_ptr=2 rx_empty=1 rd_en=0 rd_data=xx
# [2245500000] DBG rx_done=0 count=0 wr_ptr=2 rd_ptr=2 rx_empty=1 rd_en=0 rd_data=xx
# [2246500000] DBG rx_done=0 count=0 wr_ptr=2 rd_ptr=2 rx_empty=1 rd_en=0 rd_data=xx
# [2247500000] DBG rx_done=0 count=0 wr_ptr=2 rd_ptr=2 rx_empty=1 rd_en=0 rd_data=xx
# [2248500000] DBG rx_done=0 count=0 wr_ptr=2 rd_ptr=2 rx_empty=1 rd_en=0 rd_data=xx
# [2249500000] DBG rx_done=0 count=0 wr_ptr=2 rd_ptr=2 rx_empty=1 rd_en=0 rd_data=xx
# [2250500000] DBG rx_done=0 count=0 wr_ptr=2 rd_ptr=2 rx_empty=1 rd_en=0 rd_data=xx
# [2251500000] DBG rx_done=0 count=0 wr_ptr=2 rd_ptr=2 rx_empty=1 rd_en=0 rd_data=xx
# [2252500000] DBG rx_done=0 count=0 wr_ptr=2 rd_ptr=2 rx_empty=1 rd_en=0 rd_data=xx
# [2253500000] DBG rx_done=0 count=0 wr_ptr=2 rd_ptr=2 rx_empty=1 rd_en=0 rd_data=xx
# [2254500000] DBG rx_done=0 count=0 wr_ptr=2 rd_ptr=2 rx_empty=1 rd_en=0 rd_data=xx
# [2255500000] DBG rx_done=0 count=0 wr_ptr=2 rd_ptr=2 rx_empty=1 rd_en=0 rd_data=xx
# [2256500000] DBG rx_done=0 count=0 wr_ptr=2 rd_ptr=2 rx_empty=1 rd_en=0 rd_data=xx
# [2257500000] DBG rx_done=0 count=0 wr_ptr=2 rd_ptr=2 rx_empty=1 rd_en=0 rd_data=xx
# [2258500000] DBG rx_done=0 count=0 wr_ptr=2 rd_ptr=2 rx_empty=1 rd_en=0 rd_data=xx
# [2259500000] DBG rx_done=0 count=0 wr_ptr=2 rd_ptr=2 rx_empty=1 rd_en=0 rd_data=xx
# [2260500000] DBG rx_done=0 count=0 wr_ptr=2 rd_ptr=2 rx_empty=1 rd_en=0 rd_data=xx
# [2261500000] DBG rx_done=0 count=0 wr_ptr=2 rd_ptr=2 rx_empty=1 rd_en=0 rd_data=xx
# [2262500000] DBG rx_done=0 count=0 wr_ptr=2 rd_ptr=2 rx_empty=1 rd_en=0 rd_data=xx
# [2263500000] DBG rx_done=0 count=0 wr_ptr=2 rd_ptr=2 rx_empty=1 rd_en=0 rd_data=xx
# [2264500000] DBG rx_done=0 count=0 wr_ptr=2 rd_ptr=2 rx_empty=1 rd_en=0 rd_data=xx
# [2265500000] DBG rx_done=0 count=0 wr_ptr=2 rd_ptr=2 rx_empty=1 rd_en=0 rd_data=xx
# [2266500000] DBG rx_done=0 count=0 wr_ptr=2 rd_ptr=2 rx_empty=1 rd_en=0 rd_data=xx
# [2267500000] DBG rx_done=0 count=0 wr_ptr=2 rd_ptr=2 rx_empty=1 rd_en=0 rd_data=xx
# [2268500000] DBG rx_done=0 count=0 wr_ptr=2 rd_ptr=2 rx_empty=1 rd_en=0 rd_data=xx
# [2269500000] DBG rx_done=0 count=0 wr_ptr=2 rd_ptr=2 rx_empty=1 rd_en=0 rd_data=xx
# [2270500000] DBG rx_done=0 count=0 wr_ptr=2 rd_ptr=2 rx_empty=1 rd_en=0 rd_data=xx
# [2271500000] DBG rx_done=0 count=0 wr_ptr=2 rd_ptr=2 rx_empty=1 rd_en=0 rd_data=xx
# [2272500000] DBG rx_done=0 count=0 wr_ptr=2 rd_ptr=2 rx_empty=1 rd_en=0 rd_data=xx
# [2273500000] DBG rx_done=0 count=0 wr_ptr=2 rd_ptr=2 rx_empty=1 rd_en=0 rd_data=xx
# [2274500000] DBG rx_done=0 count=0 wr_ptr=2 rd_ptr=2 rx_empty=1 rd_en=0 rd_data=xx
# [2275500000] DBG rx_done=0 count=0 wr_ptr=2 rd_ptr=2 rx_empty=1 rd_en=0 rd_data=xx
# [2276500000] DBG rx_done=0 count=0 wr_ptr=2 rd_ptr=2 rx_empty=1 rd_en=0 rd_data=xx
# [2277500000] DBG rx_done=0 count=0 wr_ptr=2 rd_ptr=2 rx_empty=1 rd_en=0 rd_data=xx
# [2278500000] DBG rx_done=0 count=0 wr_ptr=2 rd_ptr=2 rx_empty=1 rd_en=0 rd_data=xx
# [2279500000] DBG rx_done=0 count=0 wr_ptr=2 rd_ptr=2 rx_empty=1 rd_en=0 rd_data=xx
# [2280500000] DBG rx_done=0 count=0 wr_ptr=2 rd_ptr=2 rx_empty=1 rd_en=0 rd_data=xx
# [2281500000] DBG rx_done=0 count=0 wr_ptr=2 rd_ptr=2 rx_empty=1 rd_en=0 rd_data=xx
# [2282500000] DBG rx_done=0 count=0 wr_ptr=2 rd_ptr=2 rx_empty=1 rd_en=0 rd_data=xx
# [2283500000] DBG rx_done=0 count=0 wr_ptr=2 rd_ptr=2 rx_empty=1 rd_en=0 rd_data=xx
# [2284500000] DBG rx_done=0 count=0 wr_ptr=2 rd_ptr=2 rx_empty=1 rd_en=0 rd_data=xx
# [2285500000] DBG rx_done=0 count=0 wr_ptr=2 rd_ptr=2 rx_empty=1 rd_en=0 rd_data=xx
# [2286500000] DBG rx_done=0 count=0 wr_ptr=2 rd_ptr=2 rx_empty=1 rd_en=0 rd_data=xx
# [2287500000] DBG rx_done=0 count=0 wr_ptr=2 rd_ptr=2 rx_empty=1 rd_en=0 rd_data=xx
# [2288500000] DBG rx_done=0 count=0 wr_ptr=2 rd_ptr=2 rx_empty=1 rd_en=0 rd_data=xx
# [2289500000] DBG rx_done=0 count=0 wr_ptr=2 rd_ptr=2 rx_empty=1 rd_en=0 rd_data=xx
# [2290500000] DBG rx_done=0 count=0 wr_ptr=2 rd_ptr=2 rx_empty=1 rd_en=0 rd_data=xx
# [2291500000] DBG rx_done=0 count=0 wr_ptr=2 rd_ptr=2 rx_empty=1 rd_en=0 rd_data=xx
# [2292500000] DBG rx_done=0 count=0 wr_ptr=2 rd_ptr=2 rx_empty=1 rd_en=0 rd_data=xx
# [2293500000] DBG rx_done=0 count=0 wr_ptr=2 rd_ptr=2 rx_empty=1 rd_en=0 rd_data=xx
# [2294500000] DBG rx_done=0 count=0 wr_ptr=2 rd_ptr=2 rx_empty=1 rd_en=0 rd_data=xx
# [2295500000] DBG rx_done=0 count=0 wr_ptr=2 rd_ptr=2 rx_empty=1 rd_en=0 rd_data=xx
# [2296500000] DBG rx_done=0 count=0 wr_ptr=2 rd_ptr=2 rx_empty=1 rd_en=0 rd_data=xx
# [2297500000] DBG rx_done=0 count=0 wr_ptr=2 rd_ptr=2 rx_empty=1 rd_en=0 rd_data=xx
# [2298500000] DBG rx_done=0 count=0 wr_ptr=2 rd_ptr=2 rx_empty=1 rd_en=0 rd_data=xx
# [2299500000] DBG rx_done=0 count=0 wr_ptr=2 rd_ptr=2 rx_empty=1 rd_en=0 rd_data=xx
# [2300500000] DBG rx_done=0 count=0 wr_ptr=2 rd_ptr=2 rx_empty=1 rd_en=0 rd_data=xx
# [2301500000] DBG rx_done=0 count=0 wr_ptr=2 rd_ptr=2 rx_empty=1 rd_en=0 rd_data=xx
# [2302500000] DBG rx_done=0 count=0 wr_ptr=2 rd_ptr=2 rx_empty=1 rd_en=0 rd_data=xx
# [2303500000] DBG rx_done=0 count=0 wr_ptr=2 rd_ptr=2 rx_empty=1 rd_en=0 rd_data=xx
# [2304500000] DBG rx_done=0 count=0 wr_ptr=2 rd_ptr=2 rx_empty=1 rd_en=0 rd_data=xx
# [2305500000] DBG rx_done=0 count=0 wr_ptr=2 rd_ptr=2 rx_empty=1 rd_en=0 rd_data=xx
# [2306500000] DBG rx_done=0 count=0 wr_ptr=2 rd_ptr=2 rx_empty=1 rd_en=0 rd_data=xx
# [2307500000] DBG rx_done=0 count=0 wr_ptr=2 rd_ptr=2 rx_empty=1 rd_en=0 rd_data=xx
# [2308500000] DBG rx_done=0 count=0 wr_ptr=2 rd_ptr=2 rx_empty=1 rd_en=0 rd_data=xx
# [2309500000] DBG rx_done=0 count=0 wr_ptr=2 rd_ptr=2 rx_empty=1 rd_en=0 rd_data=xx
# [2310500000] DBG rx_done=0 count=0 wr_ptr=2 rd_ptr=2 rx_empty=1 rd_en=0 rd_data=xx
# [2311500000] DBG rx_done=0 count=0 wr_ptr=2 rd_ptr=2 rx_empty=1 rd_en=0 rd_data=xx
# [2312500000] DBG rx_done=0 count=0 wr_ptr=2 rd_ptr=2 rx_empty=1 rd_en=0 rd_data=xx
# [2313500000] DBG rx_done=0 count=0 wr_ptr=2 rd_ptr=2 rx_empty=1 rd_en=0 rd_data=xx
# [2314500000] DBG rx_done=0 count=0 wr_ptr=2 rd_ptr=2 rx_empty=1 rd_en=0 rd_data=xx
# [2315500000] DBG rx_done=0 count=0 wr_ptr=2 rd_ptr=2 rx_empty=1 rd_en=0 rd_data=xx
# [2316500000] DBG rx_done=0 count=0 wr_ptr=2 rd_ptr=2 rx_empty=1 rd_en=0 rd_data=xx
# [2317500000] DBG rx_done=0 count=0 wr_ptr=2 rd_ptr=2 rx_empty=1 rd_en=0 rd_data=xx
# [2318500000] DBG rx_done=0 count=0 wr_ptr=2 rd_ptr=2 rx_empty=1 rd_en=0 rd_data=xx
# [2319500000] DBG rx_done=0 count=0 wr_ptr=2 rd_ptr=2 rx_empty=1 rd_en=0 rd_data=xx
# [2320500000] DBG rx_done=0 count=0 wr_ptr=2 rd_ptr=2 rx_empty=1 rd_en=0 rd_data=xx
# [2321500000] DBG rx_done=0 count=0 wr_ptr=2 rd_ptr=2 rx_empty=1 rd_en=0 rd_data=xx
# [2322500000] DBG rx_done=0 count=0 wr_ptr=2 rd_ptr=2 rx_empty=1 rd_en=0 rd_data=xx
# [2323500000] DBG rx_done=0 count=0 wr_ptr=2 rd_ptr=2 rx_empty=1 rd_en=0 rd_data=xx
# [2324500000] DBG rx_done=0 count=0 wr_ptr=2 rd_ptr=2 rx_empty=1 rd_en=0 rd_data=xx
# [2325500000] DBG rx_done=0 count=0 wr_ptr=2 rd_ptr=2 rx_empty=1 rd_en=0 rd_data=xx
# [2326500000] DBG rx_done=0 count=0 wr_ptr=2 rd_ptr=2 rx_empty=1 rd_en=0 rd_data=xx
# [2327500000] DBG rx_done=0 count=0 wr_ptr=2 rd_ptr=2 rx_empty=1 rd_en=0 rd_data=xx
# [2328500000] DBG rx_done=0 count=0 wr_ptr=2 rd_ptr=2 rx_empty=1 rd_en=0 rd_data=xx
# [2329500000] DBG rx_done=0 count=0 wr_ptr=2 rd_ptr=2 rx_empty=1 rd_en=0 rd_data=xx
# [2330500000] DBG rx_done=0 count=0 wr_ptr=2 rd_ptr=2 rx_empty=1 rd_en=0 rd_data=xx
# [2331500000] DBG rx_done=0 count=0 wr_ptr=2 rd_ptr=2 rx_empty=1 rd_en=0 rd_data=xx
# [2332500000] DBG rx_done=0 count=0 wr_ptr=2 rd_ptr=2 rx_empty=1 rd_en=0 rd_data=xx
# [2333500000] DBG rx_done=0 count=0 wr_ptr=2 rd_ptr=2 rx_empty=1 rd_en=0 rd_data=xx
# [2334500000] DBG rx_done=0 count=0 wr_ptr=2 rd_ptr=2 rx_empty=1 rd_en=0 rd_data=xx
# [2335500000] DBG rx_done=0 count=0 wr_ptr=2 rd_ptr=2 rx_empty=1 rd_en=0 rd_data=xx
# [2336500000] DBG rx_done=0 count=0 wr_ptr=2 rd_ptr=2 rx_empty=1 rd_en=0 rd_data=xx
# [2337500000] DBG rx_done=0 count=0 wr_ptr=2 rd_ptr=2 rx_empty=1 rd_en=0 rd_data=xx
# [2338500000] DBG rx_done=0 count=0 wr_ptr=2 rd_ptr=2 rx_empty=1 rd_en=0 rd_data=xx
# [2339500000] DBG rx_done=0 count=0 wr_ptr=2 rd_ptr=2 rx_empty=1 rd_en=0 rd_data=xx
# [2340500000] DBG rx_done=0 count=0 wr_ptr=2 rd_ptr=2 rx_empty=1 rd_en=0 rd_data=xx
# [2341500000] DBG rx_done=0 count=0 wr_ptr=2 rd_ptr=2 rx_empty=1 rd_en=0 rd_data=xx
# [2342500000] DBG rx_done=0 count=0 wr_ptr=2 rd_ptr=2 rx_empty=1 rd_en=0 rd_data=xx
# [2343500000] DBG rx_done=0 count=0 wr_ptr=2 rd_ptr=2 rx_empty=1 rd_en=0 rd_data=xx
# [2344500000] DBG rx_done=0 count=0 wr_ptr=2 rd_ptr=2 rx_empty=1 rd_en=0 rd_data=xx
# [2345500000] DBG rx_done=0 count=0 wr_ptr=2 rd_ptr=2 rx_empty=1 rd_en=0 rd_data=xx
# [2346500000] DBG rx_done=0 count=0 wr_ptr=2 rd_ptr=2 rx_empty=1 rd_en=0 rd_data=xx
# [2347500000] DBG rx_done=0 count=0 wr_ptr=2 rd_ptr=2 rx_empty=1 rd_en=0 rd_data=xx
# [2348500000] DBG rx_done=0 count=0 wr_ptr=2 rd_ptr=2 rx_empty=1 rd_en=0 rd_data=xx
# [2349500000] DBG rx_done=0 count=0 wr_ptr=2 rd_ptr=2 rx_empty=1 rd_en=0 rd_data=xx
# [2350500000] DBG rx_done=0 count=0 wr_ptr=2 rd_ptr=2 rx_empty=1 rd_en=0 rd_data=xx
# [2351500000] DBG rx_done=0 count=0 wr_ptr=2 rd_ptr=2 rx_empty=1 rd_en=0 rd_data=xx
# [2352500000] DBG rx_done=0 count=0 wr_ptr=2 rd_ptr=2 rx_empty=1 rd_en=0 rd_data=xx
# [2353500000] DBG rx_done=0 count=0 wr_ptr=2 rd_ptr=2 rx_empty=1 rd_en=0 rd_data=xx
# [2354500000] DBG rx_done=0 count=0 wr_ptr=2 rd_ptr=2 rx_empty=1 rd_en=0 rd_data=xx
# [2355500000] DBG rx_done=0 count=0 wr_ptr=2 rd_ptr=2 rx_empty=1 rd_en=0 rd_data=xx
# [2356500000] DBG rx_done=0 count=0 wr_ptr=2 rd_ptr=2 rx_empty=1 rd_en=0 rd_data=xx
# [2357500000] DBG rx_done=0 count=0 wr_ptr=2 rd_ptr=2 rx_empty=1 rd_en=0 rd_data=xx
# [2358500000] DBG rx_done=0 count=0 wr_ptr=2 rd_ptr=2 rx_empty=1 rd_en=0 rd_data=xx
# [2359500000] DBG rx_done=0 count=0 wr_ptr=2 rd_ptr=2 rx_empty=1 rd_en=0 rd_data=xx
# [2360500000] DBG rx_done=0 count=0 wr_ptr=2 rd_ptr=2 rx_empty=1 rd_en=0 rd_data=xx
# [2361500000] DBG rx_done=0 count=0 wr_ptr=2 rd_ptr=2 rx_empty=1 rd_en=0 rd_data=xx
# [2362500000] DBG rx_done=0 count=0 wr_ptr=2 rd_ptr=2 rx_empty=1 rd_en=0 rd_data=xx
# [2363500000] DBG rx_done=0 count=0 wr_ptr=2 rd_ptr=2 rx_empty=1 rd_en=0 rd_data=xx
# [2364500000] DBG rx_done=0 count=0 wr_ptr=2 rd_ptr=2 rx_empty=1 rd_en=0 rd_data=xx
# [2365500000] DBG rx_done=0 count=0 wr_ptr=2 rd_ptr=2 rx_empty=1 rd_en=0 rd_data=xx
# [2366500000] DBG rx_done=0 count=0 wr_ptr=2 rd_ptr=2 rx_empty=1 rd_en=0 rd_data=xx
# [2367500000] DBG rx_done=0 count=0 wr_ptr=2 rd_ptr=2 rx_empty=1 rd_en=0 rd_data=xx
# [2368500000] DBG rx_done=0 count=0 wr_ptr=2 rd_ptr=2 rx_empty=1 rd_en=0 rd_data=xx
# [2369500000] DBG rx_done=0 count=0 wr_ptr=2 rd_ptr=2 rx_empty=1 rd_en=0 rd_data=xx
# [2370500000] DBG rx_done=0 count=0 wr_ptr=2 rd_ptr=2 rx_empty=1 rd_en=0 rd_data=xx
# [2371500000] DBG rx_done=0 count=0 wr_ptr=2 rd_ptr=2 rx_empty=1 rd_en=0 rd_data=xx
# [2372500000] DBG rx_done=0 count=0 wr_ptr=2 rd_ptr=2 rx_empty=1 rd_en=0 rd_data=xx
# [2373500000] DBG rx_done=0 count=0 wr_ptr=2 rd_ptr=2 rx_empty=1 rd_en=0 rd_data=xx
# [2374500000] DBG rx_done=0 count=0 wr_ptr=2 rd_ptr=2 rx_empty=1 rd_en=0 rd_data=xx
# [2375500000] DBG rx_done=0 count=0 wr_ptr=2 rd_ptr=2 rx_empty=1 rd_en=0 rd_data=xx
# [2376500000] DBG rx_done=0 count=0 wr_ptr=2 rd_ptr=2 rx_empty=1 rd_en=0 rd_data=xx
# [2377500000] DBG rx_done=0 count=0 wr_ptr=2 rd_ptr=2 rx_empty=1 rd_en=0 rd_data=xx
# [2378500000] DBG rx_done=0 count=0 wr_ptr=2 rd_ptr=2 rx_empty=1 rd_en=0 rd_data=xx
# [2379500000] DBG rx_done=0 count=0 wr_ptr=2 rd_ptr=2 rx_empty=1 rd_en=0 rd_data=xx
# [2380500000] DBG rx_done=0 count=0 wr_ptr=2 rd_ptr=2 rx_empty=1 rd_en=0 rd_data=xx
# [2381500000] DBG rx_done=0 count=0 wr_ptr=2 rd_ptr=2 rx_empty=1 rd_en=0 rd_data=xx
# [2382500000] DBG rx_done=0 count=0 wr_ptr=2 rd_ptr=2 rx_empty=1 rd_en=0 rd_data=xx
# [2383500000] DBG rx_done=0 count=0 wr_ptr=2 rd_ptr=2 rx_empty=1 rd_en=0 rd_data=xx
# [2384500000] DBG rx_done=0 count=0 wr_ptr=2 rd_ptr=2 rx_empty=1 rd_en=0 rd_data=xx
# [2385500000] DBG rx_done=0 count=0 wr_ptr=2 rd_ptr=2 rx_empty=1 rd_en=0 rd_data=xx
# [2386500000] DBG rx_done=0 count=0 wr_ptr=2 rd_ptr=2 rx_empty=1 rd_en=0 rd_data=xx
# [2387500000] DBG rx_done=0 count=0 wr_ptr=2 rd_ptr=2 rx_empty=1 rd_en=0 rd_data=xx
# [2388500000] DBG rx_done=0 count=0 wr_ptr=2 rd_ptr=2 rx_empty=1 rd_en=0 rd_data=xx
# [2389500000] DBG rx_done=0 count=0 wr_ptr=2 rd_ptr=2 rx_empty=1 rd_en=0 rd_data=xx
# [2390500000] DBG rx_done=0 count=0 wr_ptr=2 rd_ptr=2 rx_empty=1 rd_en=0 rd_data=xx
# [2391500000] DBG rx_done=0 count=0 wr_ptr=2 rd_ptr=2 rx_empty=1 rd_en=0 rd_data=xx
# [2392500000] DBG rx_done=0 count=0 wr_ptr=2 rd_ptr=2 rx_empty=1 rd_en=0 rd_data=xx
# [2393500000] DBG rx_done=0 count=0 wr_ptr=2 rd_ptr=2 rx_empty=1 rd_en=0 rd_data=xx
# [2394500000] DBG rx_done=0 count=0 wr_ptr=2 rd_ptr=2 rx_empty=1 rd_en=0 rd_data=xx
# [2395500000] DBG rx_done=0 count=0 wr_ptr=2 rd_ptr=2 rx_empty=1 rd_en=0 rd_data=xx
# [2396500000] DBG rx_done=0 count=0 wr_ptr=2 rd_ptr=2 rx_empty=1 rd_en=0 rd_data=xx
# [2397500000] DBG rx_done=0 count=0 wr_ptr=2 rd_ptr=2 rx_empty=1 rd_en=0 rd_data=xx
# [2398500000] DBG rx_done=0 count=0 wr_ptr=2 rd_ptr=2 rx_empty=1 rd_en=0 rd_data=xx
# [2399500000] DBG rx_done=0 count=0 wr_ptr=2 rd_ptr=2 rx_empty=1 rd_en=0 rd_data=xx
# [2400500000] DBG rx_done=0 count=0 wr_ptr=2 rd_ptr=2 rx_empty=1 rd_en=0 rd_data=xx
# [2401500000] DBG rx_done=0 count=0 wr_ptr=2 rd_ptr=2 rx_empty=1 rd_en=0 rd_data=xx
# [2402500000] DBG rx_done=0 count=0 wr_ptr=2 rd_ptr=2 rx_empty=1 rd_en=0 rd_data=xx
# [2403500000] DBG rx_done=0 count=0 wr_ptr=2 rd_ptr=2 rx_empty=1 rd_en=0 rd_data=xx
# [2404500000] DBG rx_done=0 count=0 wr_ptr=2 rd_ptr=2 rx_empty=1 rd_en=0 rd_data=xx
# [2405500000] DBG rx_done=0 count=0 wr_ptr=2 rd_ptr=2 rx_empty=1 rd_en=0 rd_data=xx
# [2406500000] DBG rx_done=0 count=0 wr_ptr=2 rd_ptr=2 rx_empty=1 rd_en=0 rd_data=xx
# [2407500000] DBG rx_done=0 count=0 wr_ptr=2 rd_ptr=2 rx_empty=1 rd_en=0 rd_data=xx
# [2408500000] DBG rx_done=0 count=0 wr_ptr=2 rd_ptr=2 rx_empty=1 rd_en=0 rd_data=xx
# [2409500000] DBG rx_done=0 count=0 wr_ptr=2 rd_ptr=2 rx_empty=1 rd_en=0 rd_data=xx
# [2410500000] DBG rx_done=0 count=0 wr_ptr=2 rd_ptr=2 rx_empty=1 rd_en=0 rd_data=xx
# [2411500000] DBG rx_done=0 count=0 wr_ptr=2 rd_ptr=2 rx_empty=1 rd_en=0 rd_data=xx
# [2412500000] DBG rx_done=0 count=0 wr_ptr=2 rd_ptr=2 rx_empty=1 rd_en=0 rd_data=xx
# [2413500000] DBG rx_done=0 count=0 wr_ptr=2 rd_ptr=2 rx_empty=1 rd_en=0 rd_data=xx
# [2414500000] DBG rx_done=0 count=0 wr_ptr=2 rd_ptr=2 rx_empty=1 rd_en=0 rd_data=xx
# [2415500000] DBG rx_done=0 count=0 wr_ptr=2 rd_ptr=2 rx_empty=1 rd_en=0 rd_data=xx
# [2416500000] DBG rx_done=0 count=0 wr_ptr=2 rd_ptr=2 rx_empty=1 rd_en=0 rd_data=xx
# [2417500000] DBG rx_done=0 count=0 wr_ptr=2 rd_ptr=2 rx_empty=1 rd_en=0 rd_data=xx
# [2418500000] DBG rx_done=0 count=0 wr_ptr=2 rd_ptr=2 rx_empty=1 rd_en=0 rd_data=xx
# [2419500000] DBG rx_done=0 count=0 wr_ptr=2 rd_ptr=2 rx_empty=1 rd_en=0 rd_data=xx
# [2420500000] DBG rx_done=0 count=0 wr_ptr=2 rd_ptr=2 rx_empty=1 rd_en=0 rd_data=xx
# [2421500000] DBG rx_done=0 count=0 wr_ptr=2 rd_ptr=2 rx_empty=1 rd_en=0 rd_data=xx
# [2422500000] DBG rx_done=0 count=0 wr_ptr=2 rd_ptr=2 rx_empty=1 rd_en=0 rd_data=xx
# [2423500000] DBG rx_done=0 count=0 wr_ptr=2 rd_ptr=2 rx_empty=1 rd_en=0 rd_data=xx
# [2424500000] DBG rx_done=0 count=0 wr_ptr=2 rd_ptr=2 rx_empty=1 rd_en=0 rd_data=xx
# [2425500000] DBG rx_done=0 count=0 wr_ptr=2 rd_ptr=2 rx_empty=1 rd_en=0 rd_data=xx
# [2426500000] DBG rx_done=0 count=0 wr_ptr=2 rd_ptr=2 rx_empty=1 rd_en=0 rd_data=xx
# [2427500000] DBG rx_done=0 count=0 wr_ptr=2 rd_ptr=2 rx_empty=1 rd_en=0 rd_data=xx
# [2428500000] DBG rx_done=0 count=0 wr_ptr=2 rd_ptr=2 rx_empty=1 rd_en=0 rd_data=xx
# [2429500000] DBG rx_done=0 count=0 wr_ptr=2 rd_ptr=2 rx_empty=1 rd_en=0 rd_data=xx
# [2430500000] DBG rx_done=0 count=0 wr_ptr=2 rd_ptr=2 rx_empty=1 rd_en=0 rd_data=xx
# [2431500000] DBG rx_done=0 count=0 wr_ptr=2 rd_ptr=2 rx_empty=1 rd_en=0 rd_data=xx
# [2432500000] DBG rx_done=0 count=0 wr_ptr=2 rd_ptr=2 rx_empty=1 rd_en=0 rd_data=xx
# [2433500000] DBG rx_done=0 count=0 wr_ptr=2 rd_ptr=2 rx_empty=1 rd_en=0 rd_data=xx
# [2434500000] DBG rx_done=0 count=0 wr_ptr=2 rd_ptr=2 rx_empty=1 rd_en=0 rd_data=xx
# [2435500000] DBG rx_done=0 count=0 wr_ptr=2 rd_ptr=2 rx_empty=1 rd_en=0 rd_data=xx
# [2436500000] DBG rx_done=0 count=0 wr_ptr=2 rd_ptr=2 rx_empty=1 rd_en=0 rd_data=xx
# [2437500000] DBG rx_done=0 count=0 wr_ptr=2 rd_ptr=2 rx_empty=1 rd_en=0 rd_data=xx
# [2438500000] DBG rx_done=0 count=0 wr_ptr=2 rd_ptr=2 rx_empty=1 rd_en=0 rd_data=xx
# [2439500000] DBG rx_done=0 count=0 wr_ptr=2 rd_ptr=2 rx_empty=1 rd_en=0 rd_data=xx
# [2440500000] DBG rx_done=0 count=0 wr_ptr=2 rd_ptr=2 rx_empty=1 rd_en=0 rd_data=xx
# [2441500000] DBG rx_done=0 count=0 wr_ptr=2 rd_ptr=2 rx_empty=1 rd_en=0 rd_data=xx
# [2442500000] DBG rx_done=0 count=0 wr_ptr=2 rd_ptr=2 rx_empty=1 rd_en=0 rd_data=xx
# [2443500000] DBG rx_done=0 count=0 wr_ptr=2 rd_ptr=2 rx_empty=1 rd_en=0 rd_data=xx
# [2444500000] DBG rx_done=0 count=0 wr_ptr=2 rd_ptr=2 rx_empty=1 rd_en=0 rd_data=xx
# [2445500000] DBG rx_done=0 count=0 wr_ptr=2 rd_ptr=2 rx_empty=1 rd_en=0 rd_data=xx
# [2446500000] DBG rx_done=0 count=0 wr_ptr=2 rd_ptr=2 rx_empty=1 rd_en=0 rd_data=xx
# [2447500000] DBG rx_done=0 count=0 wr_ptr=2 rd_ptr=2 rx_empty=1 rd_en=0 rd_data=xx
# [2448500000] DBG rx_done=0 count=0 wr_ptr=2 rd_ptr=2 rx_empty=1 rd_en=0 rd_data=xx
# [2449500000] DBG rx_done=0 count=0 wr_ptr=2 rd_ptr=2 rx_empty=1 rd_en=0 rd_data=xx
# [2450500000] DBG rx_done=0 count=0 wr_ptr=2 rd_ptr=2 rx_empty=1 rd_en=0 rd_data=xx
# [2451500000] DBG rx_done=0 count=0 wr_ptr=2 rd_ptr=2 rx_empty=1 rd_en=0 rd_data=xx
# [2452500000] DBG rx_done=0 count=0 wr_ptr=2 rd_ptr=2 rx_empty=1 rd_en=0 rd_data=xx
# [2453500000] DBG rx_done=0 count=0 wr_ptr=2 rd_ptr=2 rx_empty=1 rd_en=0 rd_data=xx
# [2454500000] DBG rx_done=0 count=0 wr_ptr=2 rd_ptr=2 rx_empty=1 rd_en=0 rd_data=xx
# [2455500000] DBG rx_done=0 count=0 wr_ptr=2 rd_ptr=2 rx_empty=1 rd_en=0 rd_data=xx
# [2456500000] DBG rx_done=0 count=0 wr_ptr=2 rd_ptr=2 rx_empty=1 rd_en=0 rd_data=xx
# [2457500000] DBG rx_done=0 count=0 wr_ptr=2 rd_ptr=2 rx_empty=1 rd_en=0 rd_data=xx
# [2458500000] DBG rx_done=0 count=0 wr_ptr=2 rd_ptr=2 rx_empty=1 rd_en=0 rd_data=xx
# [2459500000] DBG rx_done=0 count=0 wr_ptr=2 rd_ptr=2 rx_empty=1 rd_en=0 rd_data=xx
# [2460500000] DBG rx_done=0 count=0 wr_ptr=2 rd_ptr=2 rx_empty=1 rd_en=0 rd_data=xx
# [2461500000] DBG rx_done=0 count=0 wr_ptr=2 rd_ptr=2 rx_empty=1 rd_en=0 rd_data=xx
# [2462500000] DBG rx_done=0 count=0 wr_ptr=2 rd_ptr=2 rx_empty=1 rd_en=0 rd_data=xx
# [2463500000] DBG rx_done=0 count=0 wr_ptr=2 rd_ptr=2 rx_empty=1 rd_en=0 rd_data=xx
# [2464500000] DBG rx_done=0 count=0 wr_ptr=2 rd_ptr=2 rx_empty=1 rd_en=0 rd_data=xx
# [2465500000] DBG rx_done=0 count=0 wr_ptr=2 rd_ptr=2 rx_empty=1 rd_en=0 rd_data=xx
# [2466500000] DBG rx_done=0 count=0 wr_ptr=2 rd_ptr=2 rx_empty=1 rd_en=0 rd_data=xx
# [2467500000] DBG rx_done=0 count=0 wr_ptr=2 rd_ptr=2 rx_empty=1 rd_en=0 rd_data=xx
# [2468500000] DBG rx_done=0 count=0 wr_ptr=2 rd_ptr=2 rx_empty=1 rd_en=0 rd_data=xx
# [2469500000] DBG rx_done=0 count=0 wr_ptr=2 rd_ptr=2 rx_empty=1 rd_en=0 rd_data=xx
# [2470500000] DBG rx_done=0 count=0 wr_ptr=2 rd_ptr=2 rx_empty=1 rd_en=0 rd_data=xx
# [2471500000] DBG rx_done=0 count=0 wr_ptr=2 rd_ptr=2 rx_empty=1 rd_en=0 rd_data=xx
# [2472500000] DBG rx_done=0 count=0 wr_ptr=2 rd_ptr=2 rx_empty=1 rd_en=0 rd_data=xx
# [2473500000] DBG rx_done=0 count=0 wr_ptr=2 rd_ptr=2 rx_empty=1 rd_en=0 rd_data=xx
# [2474500000] DBG rx_done=0 count=0 wr_ptr=2 rd_ptr=2 rx_empty=1 rd_en=0 rd_data=xx
# [2475500000] DBG rx_done=0 count=0 wr_ptr=2 rd_ptr=2 rx_empty=1 rd_en=0 rd_data=xx
# [2476500000] DBG rx_done=0 count=0 wr_ptr=2 rd_ptr=2 rx_empty=1 rd_en=0 rd_data=xx
# [2477500000] DBG rx_done=0 count=0 wr_ptr=2 rd_ptr=2 rx_empty=1 rd_en=0 rd_data=xx
# [2478500000] DBG rx_done=0 count=0 wr_ptr=2 rd_ptr=2 rx_empty=1 rd_en=0 rd_data=xx
# [2479500000] DBG rx_done=0 count=0 wr_ptr=2 rd_ptr=2 rx_empty=1 rd_en=0 rd_data=xx
# [2480500000] DBG rx_done=0 count=0 wr_ptr=2 rd_ptr=2 rx_empty=1 rd_en=0 rd_data=xx
# [2481500000] DBG rx_done=0 count=0 wr_ptr=2 rd_ptr=2 rx_empty=1 rd_en=0 rd_data=xx
# [2482500000] DBG rx_done=0 count=0 wr_ptr=2 rd_ptr=2 rx_empty=1 rd_en=0 rd_data=xx
# [2483500000] DBG rx_done=0 count=0 wr_ptr=2 rd_ptr=2 rx_empty=1 rd_en=0 rd_data=xx
# [2484500000] DBG rx_done=0 count=0 wr_ptr=2 rd_ptr=2 rx_empty=1 rd_en=0 rd_data=xx
# [2485500000] DBG rx_done=0 count=0 wr_ptr=2 rd_ptr=2 rx_empty=1 rd_en=0 rd_data=xx
# [2486500000] DBG rx_done=0 count=0 wr_ptr=2 rd_ptr=2 rx_empty=1 rd_en=0 rd_data=xx
# [2487500000] DBG rx_done=0 count=0 wr_ptr=2 rd_ptr=2 rx_empty=1 rd_en=0 rd_data=xx
# [2488500000] DBG rx_done=0 count=0 wr_ptr=2 rd_ptr=2 rx_empty=1 rd_en=0 rd_data=xx
# [2489500000] DBG rx_done=0 count=0 wr_ptr=2 rd_ptr=2 rx_empty=1 rd_en=0 rd_data=xx
# [2490500000] DBG rx_done=0 count=0 wr_ptr=2 rd_ptr=2 rx_empty=1 rd_en=0 rd_data=xx
# [2491500000] DBG rx_done=0 count=0 wr_ptr=2 rd_ptr=2 rx_empty=1 rd_en=0 rd_data=xx
# [2492500000] DBG rx_done=0 count=0 wr_ptr=2 rd_ptr=2 rx_empty=1 rd_en=0 rd_data=xx
# [2493500000] DBG rx_done=0 count=0 wr_ptr=2 rd_ptr=2 rx_empty=1 rd_en=0 rd_data=xx
# [2494500000] DBG rx_done=0 count=0 wr_ptr=2 rd_ptr=2 rx_empty=1 rd_en=0 rd_data=xx
# [2495500000] DBG rx_done=0 count=0 wr_ptr=2 rd_ptr=2 rx_empty=1 rd_en=0 rd_data=xx
# [2496500000] DBG rx_done=0 count=0 wr_ptr=2 rd_ptr=2 rx_empty=1 rd_en=0 rd_data=xx
# [2497500000] DBG rx_done=0 count=0 wr_ptr=2 rd_ptr=2 rx_empty=1 rd_en=0 rd_data=xx
# [2498500000] DBG rx_done=0 count=0 wr_ptr=2 rd_ptr=2 rx_empty=1 rd_en=0 rd_data=xx
# [2499500000] DBG rx_done=0 count=0 wr_ptr=2 rd_ptr=2 rx_empty=1 rd_en=0 rd_data=xx
# [2500500000] DBG rx_done=0 count=0 wr_ptr=2 rd_ptr=2 rx_empty=1 rd_en=0 rd_data=xx
# [2501500000] DBG rx_done=0 count=0 wr_ptr=2 rd_ptr=2 rx_empty=1 rd_en=0 rd_data=xx
# [2502500000] DBG rx_done=0 count=0 wr_ptr=2 rd_ptr=2 rx_empty=1 rd_en=0 rd_data=xx
# [2503500000] DBG rx_done=0 count=0 wr_ptr=2 rd_ptr=2 rx_empty=1 rd_en=0 rd_data=xx
# [2504500000] DBG rx_done=0 count=0 wr_ptr=2 rd_ptr=2 rx_empty=1 rd_en=0 rd_data=xx
# [2505500000] DBG rx_done=0 count=0 wr_ptr=2 rd_ptr=2 rx_empty=1 rd_en=0 rd_data=xx
# [2506500000] DBG rx_done=0 count=0 wr_ptr=2 rd_ptr=2 rx_empty=1 rd_en=0 rd_data=xx
# [2507500000] DBG rx_done=0 count=0 wr_ptr=2 rd_ptr=2 rx_empty=1 rd_en=0 rd_data=xx
# [2508500000] DBG rx_done=0 count=0 wr_ptr=2 rd_ptr=2 rx_empty=1 rd_en=0 rd_data=xx
# [2509500000] DBG rx_done=0 count=0 wr_ptr=2 rd_ptr=2 rx_empty=1 rd_en=0 rd_data=xx
# [2510500000] DBG rx_done=0 count=0 wr_ptr=2 rd_ptr=2 rx_empty=1 rd_en=0 rd_data=xx
# [2511500000] DBG rx_done=0 count=0 wr_ptr=2 rd_ptr=2 rx_empty=1 rd_en=0 rd_data=xx
# [2512500000] DBG rx_done=0 count=0 wr_ptr=2 rd_ptr=2 rx_empty=1 rd_en=0 rd_data=xx
# [2513500000] DBG rx_done=0 count=0 wr_ptr=2 rd_ptr=2 rx_empty=1 rd_en=0 rd_data=xx
# [2514500000] DBG rx_done=0 count=0 wr_ptr=2 rd_ptr=2 rx_empty=1 rd_en=0 rd_data=xx
# [2515500000] DBG rx_done=0 count=0 wr_ptr=2 rd_ptr=2 rx_empty=1 rd_en=0 rd_data=xx
# [2516500000] DBG rx_done=0 count=0 wr_ptr=2 rd_ptr=2 rx_empty=1 rd_en=0 rd_data=xx
# [2517500000] DBG rx_done=0 count=0 wr_ptr=2 rd_ptr=2 rx_empty=1 rd_en=0 rd_data=xx
# [2518500000] DBG rx_done=0 count=0 wr_ptr=2 rd_ptr=2 rx_empty=1 rd_en=0 rd_data=xx
# [2519500000] DBG rx_done=0 count=0 wr_ptr=2 rd_ptr=2 rx_empty=1 rd_en=0 rd_data=xx
# [2520500000] DBG rx_done=0 count=0 wr_ptr=2 rd_ptr=2 rx_empty=1 rd_en=0 rd_data=xx
# [2521500000] DBG rx_done=0 count=0 wr_ptr=2 rd_ptr=2 rx_empty=1 rd_en=0 rd_data=xx
# [2522500000] DBG rx_done=0 count=0 wr_ptr=2 rd_ptr=2 rx_empty=1 rd_en=0 rd_data=xx
# [2523500000] DBG rx_done=0 count=0 wr_ptr=2 rd_ptr=2 rx_empty=1 rd_en=0 rd_data=xx
# [2524500000] DBG rx_done=0 count=0 wr_ptr=2 rd_ptr=2 rx_empty=1 rd_en=0 rd_data=xx
# [2525500000] DBG rx_done=0 count=0 wr_ptr=2 rd_ptr=2 rx_empty=1 rd_en=0 rd_data=xx
# [2526500000] DBG rx_done=0 count=0 wr_ptr=2 rd_ptr=2 rx_empty=1 rd_en=0 rd_data=xx
# [2527500000] DBG rx_done=0 count=0 wr_ptr=2 rd_ptr=2 rx_empty=1 rd_en=0 rd_data=xx
# [2528500000] DBG rx_done=0 count=0 wr_ptr=2 rd_ptr=2 rx_empty=1 rd_en=0 rd_data=xx
# [2529500000] DBG rx_done=0 count=0 wr_ptr=2 rd_ptr=2 rx_empty=1 rd_en=0 rd_data=xx
# [2530500000] DBG rx_done=0 count=0 wr_ptr=2 rd_ptr=2 rx_empty=1 rd_en=0 rd_data=xx
# [2531500000] DBG rx_done=0 count=0 wr_ptr=2 rd_ptr=2 rx_empty=1 rd_en=0 rd_data=xx
# [2532500000] DBG rx_done=0 count=0 wr_ptr=2 rd_ptr=2 rx_empty=1 rd_en=0 rd_data=xx
# [2533500000] DBG rx_done=0 count=0 wr_ptr=2 rd_ptr=2 rx_empty=1 rd_en=0 rd_data=xx
# [2534500000] DBG rx_done=0 count=0 wr_ptr=2 rd_ptr=2 rx_empty=1 rd_en=0 rd_data=xx
# [2535500000] DBG rx_done=0 count=0 wr_ptr=2 rd_ptr=2 rx_empty=1 rd_en=0 rd_data=xx
# [2536500000] DBG rx_done=0 count=0 wr_ptr=2 rd_ptr=2 rx_empty=1 rd_en=0 rd_data=xx
# [2537500000] DBG rx_done=0 count=0 wr_ptr=2 rd_ptr=2 rx_empty=1 rd_en=0 rd_data=xx
# [2538500000] DBG rx_done=0 count=0 wr_ptr=2 rd_ptr=2 rx_empty=1 rd_en=0 rd_data=xx
# [2539500000] DBG rx_done=0 count=0 wr_ptr=2 rd_ptr=2 rx_empty=1 rd_en=0 rd_data=xx
# [2540500000] DBG rx_done=0 count=0 wr_ptr=2 rd_ptr=2 rx_empty=1 rd_en=0 rd_data=xx
# [2541500000] DBG rx_done=0 count=0 wr_ptr=2 rd_ptr=2 rx_empty=1 rd_en=0 rd_data=xx
# [2542500000] DBG rx_done=0 count=0 wr_ptr=2 rd_ptr=2 rx_empty=1 rd_en=0 rd_data=xx
# [2543500000] DBG rx_done=0 count=0 wr_ptr=2 rd_ptr=2 rx_empty=1 rd_en=0 rd_data=xx
# [2544500000] DBG rx_done=0 count=0 wr_ptr=2 rd_ptr=2 rx_empty=1 rd_en=0 rd_data=xx
# [2545500000] DBG rx_done=0 count=0 wr_ptr=2 rd_ptr=2 rx_empty=1 rd_en=0 rd_data=xx
# [2546500000] DBG rx_done=0 count=0 wr_ptr=2 rd_ptr=2 rx_empty=1 rd_en=0 rd_data=xx
# [2547500000] DBG rx_done=0 count=0 wr_ptr=2 rd_ptr=2 rx_empty=1 rd_en=0 rd_data=xx
# [2548500000] DBG rx_done=0 count=0 wr_ptr=2 rd_ptr=2 rx_empty=1 rd_en=0 rd_data=xx
# [2549500000] DBG rx_done=0 count=0 wr_ptr=2 rd_ptr=2 rx_empty=1 rd_en=0 rd_data=xx
# [2550500000] DBG rx_done=0 count=0 wr_ptr=2 rd_ptr=2 rx_empty=1 rd_en=0 rd_data=xx
# [2551500000] DBG rx_done=0 count=0 wr_ptr=2 rd_ptr=2 rx_empty=1 rd_en=0 rd_data=xx
# [2552500000] DBG rx_done=0 count=0 wr_ptr=2 rd_ptr=2 rx_empty=1 rd_en=0 rd_data=xx
# [2553500000] DBG rx_done=0 count=0 wr_ptr=2 rd_ptr=2 rx_empty=1 rd_en=0 rd_data=xx
# [2554500000] DBG rx_done=0 count=0 wr_ptr=2 rd_ptr=2 rx_empty=1 rd_en=0 rd_data=xx
# [2555500000] DBG rx_done=0 count=0 wr_ptr=2 rd_ptr=2 rx_empty=1 rd_en=0 rd_data=xx
# [2556500000] DBG rx_done=0 count=0 wr_ptr=2 rd_ptr=2 rx_empty=1 rd_en=0 rd_data=xx
# [2557500000] DBG rx_done=0 count=0 wr_ptr=2 rd_ptr=2 rx_empty=1 rd_en=0 rd_data=xx
# [2558500000] DBG rx_done=0 count=0 wr_ptr=2 rd_ptr=2 rx_empty=1 rd_en=0 rd_data=xx
# [2559500000] DBG rx_done=0 count=0 wr_ptr=2 rd_ptr=2 rx_empty=1 rd_en=0 rd_data=xx
# [2560500000] DBG rx_done=0 count=0 wr_ptr=2 rd_ptr=2 rx_empty=1 rd_en=0 rd_data=xx
# [2561500000] DBG rx_done=0 count=0 wr_ptr=2 rd_ptr=2 rx_empty=1 rd_en=0 rd_data=xx
# [2562500000] DBG rx_done=0 count=0 wr_ptr=2 rd_ptr=2 rx_empty=1 rd_en=0 rd_data=xx
# [2563500000] DBG rx_done=0 count=0 wr_ptr=2 rd_ptr=2 rx_empty=1 rd_en=0 rd_data=xx
# [2564500000] DBG rx_done=0 count=0 wr_ptr=2 rd_ptr=2 rx_empty=1 rd_en=0 rd_data=xx
# [2565500000] DBG rx_done=0 count=0 wr_ptr=2 rd_ptr=2 rx_empty=1 rd_en=0 rd_data=xx
# [2566500000] DBG rx_done=0 count=0 wr_ptr=2 rd_ptr=2 rx_empty=1 rd_en=0 rd_data=xx
# [2567500000] DBG rx_done=0 count=0 wr_ptr=2 rd_ptr=2 rx_empty=1 rd_en=0 rd_data=xx
# [2568500000] DBG rx_done=0 count=0 wr_ptr=2 rd_ptr=2 rx_empty=1 rd_en=0 rd_data=xx
# [2569500000] DBG rx_done=0 count=0 wr_ptr=2 rd_ptr=2 rx_empty=1 rd_en=0 rd_data=xx
# [2570500000] DBG rx_done=0 count=0 wr_ptr=2 rd_ptr=2 rx_empty=1 rd_en=0 rd_data=xx
# [2571500000] DBG rx_done=0 count=0 wr_ptr=2 rd_ptr=2 rx_empty=1 rd_en=0 rd_data=xx
# [2572500000] DBG rx_done=0 count=0 wr_ptr=2 rd_ptr=2 rx_empty=1 rd_en=0 rd_data=xx
# [2573500000] DBG rx_done=0 count=0 wr_ptr=2 rd_ptr=2 rx_empty=1 rd_en=0 rd_data=xx
# [2574500000] DBG rx_done=0 count=0 wr_ptr=2 rd_ptr=2 rx_empty=1 rd_en=0 rd_data=xx
# [2575500000] DBG rx_done=0 count=0 wr_ptr=2 rd_ptr=2 rx_empty=1 rd_en=0 rd_data=xx
# [2576500000] DBG rx_done=0 count=0 wr_ptr=2 rd_ptr=2 rx_empty=1 rd_en=0 rd_data=xx
# [2577500000] DBG rx_done=0 count=0 wr_ptr=2 rd_ptr=2 rx_empty=1 rd_en=0 rd_data=xx
# [2578500000] DBG rx_done=0 count=0 wr_ptr=2 rd_ptr=2 rx_empty=1 rd_en=0 rd_data=xx
# [2579500000] DBG rx_done=0 count=0 wr_ptr=2 rd_ptr=2 rx_empty=1 rd_en=0 rd_data=xx
# [2580500000] DBG rx_done=0 count=0 wr_ptr=2 rd_ptr=2 rx_empty=1 rd_en=0 rd_data=xx
# [2581500000] DBG rx_done=0 count=0 wr_ptr=2 rd_ptr=2 rx_empty=1 rd_en=0 rd_data=xx
# [2582500000] DBG rx_done=0 count=0 wr_ptr=2 rd_ptr=2 rx_empty=1 rd_en=0 rd_data=xx
# [2583500000] DBG rx_done=0 count=0 wr_ptr=2 rd_ptr=2 rx_empty=1 rd_en=0 rd_data=xx
# [2584500000] DBG rx_done=0 count=0 wr_ptr=2 rd_ptr=2 rx_empty=1 rd_en=0 rd_data=xx
# [2585500000] DBG rx_done=0 count=0 wr_ptr=2 rd_ptr=2 rx_empty=1 rd_en=0 rd_data=xx
# [2586500000] DBG rx_done=0 count=0 wr_ptr=2 rd_ptr=2 rx_empty=1 rd_en=0 rd_data=xx
# [2587500000] DBG rx_done=0 count=0 wr_ptr=2 rd_ptr=2 rx_empty=1 rd_en=0 rd_data=xx
# [2588500000] DBG rx_done=0 count=0 wr_ptr=2 rd_ptr=2 rx_empty=1 rd_en=0 rd_data=xx
# [2589500000] DBG rx_done=0 count=0 wr_ptr=2 rd_ptr=2 rx_empty=1 rd_en=0 rd_data=xx
# [2590500000] DBG rx_done=0 count=0 wr_ptr=2 rd_ptr=2 rx_empty=1 rd_en=0 rd_data=xx
# [2591500000] DBG rx_done=0 count=0 wr_ptr=2 rd_ptr=2 rx_empty=1 rd_en=0 rd_data=xx
# [2592500000] DBG rx_done=0 count=0 wr_ptr=2 rd_ptr=2 rx_empty=1 rd_en=0 rd_data=xx
# [2593500000] DBG rx_done=0 count=0 wr_ptr=2 rd_ptr=2 rx_empty=1 rd_en=0 rd_data=xx
# [2594500000] DBG rx_done=0 count=0 wr_ptr=2 rd_ptr=2 rx_empty=1 rd_en=0 rd_data=xx
# [2595500000] DBG rx_done=0 count=0 wr_ptr=2 rd_ptr=2 rx_empty=1 rd_en=0 rd_data=xx
# [2596500000] DBG rx_done=0 count=0 wr_ptr=2 rd_ptr=2 rx_empty=1 rd_en=0 rd_data=xx
# [2597500000] DBG rx_done=0 count=0 wr_ptr=2 rd_ptr=2 rx_empty=1 rd_en=0 rd_data=xx
# [2598500000] DBG rx_done=0 count=0 wr_ptr=2 rd_ptr=2 rx_empty=1 rd_en=0 rd_data=xx
# [2599500000] DBG rx_done=0 count=0 wr_ptr=2 rd_ptr=2 rx_empty=1 rd_en=0 rd_data=xx
# [2600500000] DBG rx_done=0 count=0 wr_ptr=2 rd_ptr=2 rx_empty=1 rd_en=0 rd_data=xx
# [2601500000] DBG rx_done=0 count=0 wr_ptr=2 rd_ptr=2 rx_empty=1 rd_en=0 rd_data=xx
# [2602500000] DBG rx_done=0 count=0 wr_ptr=2 rd_ptr=2 rx_empty=1 rd_en=0 rd_data=xx
# [2603500000] DBG rx_done=0 count=0 wr_ptr=2 rd_ptr=2 rx_empty=1 rd_en=0 rd_data=xx
# [2604500000] DBG rx_done=0 count=0 wr_ptr=2 rd_ptr=2 rx_empty=1 rd_en=0 rd_data=xx
# [2605500000] DBG rx_done=0 count=0 wr_ptr=2 rd_ptr=2 rx_empty=1 rd_en=0 rd_data=xx
# [2606500000] DBG rx_done=0 count=0 wr_ptr=2 rd_ptr=2 rx_empty=1 rd_en=0 rd_data=xx
# [2607500000] DBG rx_done=0 count=0 wr_ptr=2 rd_ptr=2 rx_empty=1 rd_en=0 rd_data=xx
# [2608500000] DBG rx_done=0 count=0 wr_ptr=2 rd_ptr=2 rx_empty=1 rd_en=0 rd_data=xx
# [2609500000] DBG rx_done=0 count=0 wr_ptr=2 rd_ptr=2 rx_empty=1 rd_en=0 rd_data=xx
# [2610500000] DBG rx_done=0 count=0 wr_ptr=2 rd_ptr=2 rx_empty=1 rd_en=0 rd_data=xx
# [2611500000] DBG rx_done=0 count=0 wr_ptr=2 rd_ptr=2 rx_empty=1 rd_en=0 rd_data=xx
# [2612500000] DBG rx_done=0 count=0 wr_ptr=2 rd_ptr=2 rx_empty=1 rd_en=0 rd_data=xx
# [2613500000] DBG rx_done=0 count=0 wr_ptr=2 rd_ptr=2 rx_empty=1 rd_en=0 rd_data=xx
# [2614500000] DBG rx_done=0 count=0 wr_ptr=2 rd_ptr=2 rx_empty=1 rd_en=0 rd_data=xx
# [2615500000] DBG rx_done=0 count=0 wr_ptr=2 rd_ptr=2 rx_empty=1 rd_en=0 rd_data=xx
# [2616500000] DBG rx_done=0 count=0 wr_ptr=2 rd_ptr=2 rx_empty=1 rd_en=0 rd_data=xx
# [2617500000] DBG rx_done=0 count=0 wr_ptr=2 rd_ptr=2 rx_empty=1 rd_en=0 rd_data=xx
# [2618500000] DBG rx_done=0 count=0 wr_ptr=2 rd_ptr=2 rx_empty=1 rd_en=0 rd_data=xx
# [2619500000] DBG rx_done=0 count=0 wr_ptr=2 rd_ptr=2 rx_empty=1 rd_en=0 rd_data=xx
# [2620500000] DBG rx_done=0 count=0 wr_ptr=2 rd_ptr=2 rx_empty=1 rd_en=0 rd_data=xx
# [2621500000] DBG rx_done=0 count=0 wr_ptr=2 rd_ptr=2 rx_empty=1 rd_en=0 rd_data=xx
# [2622500000] DBG rx_done=0 count=0 wr_ptr=2 rd_ptr=2 rx_empty=1 rd_en=0 rd_data=xx
# [2623500000] DBG rx_done=0 count=0 wr_ptr=2 rd_ptr=2 rx_empty=1 rd_en=0 rd_data=xx
# [2624500000] DBG rx_done=0 count=0 wr_ptr=2 rd_ptr=2 rx_empty=1 rd_en=0 rd_data=xx
# [2625500000] DBG rx_done=0 count=0 wr_ptr=2 rd_ptr=2 rx_empty=1 rd_en=0 rd_data=xx
# [2626500000] DBG rx_done=0 count=0 wr_ptr=2 rd_ptr=2 rx_empty=1 rd_en=0 rd_data=xx
# [2627500000] DBG rx_done=0 count=0 wr_ptr=2 rd_ptr=2 rx_empty=1 rd_en=0 rd_data=xx
# [2628500000] DBG rx_done=0 count=0 wr_ptr=2 rd_ptr=2 rx_empty=1 rd_en=0 rd_data=xx
# [2629500000] DBG rx_done=0 count=0 wr_ptr=2 rd_ptr=2 rx_empty=1 rd_en=0 rd_data=xx
# [2630500000] DBG rx_done=0 count=0 wr_ptr=2 rd_ptr=2 rx_empty=1 rd_en=0 rd_data=xx
# [2631500000] DBG rx_done=0 count=0 wr_ptr=2 rd_ptr=2 rx_empty=1 rd_en=0 rd_data=xx
# [2632500000] DBG rx_done=0 count=0 wr_ptr=2 rd_ptr=2 rx_empty=1 rd_en=0 rd_data=xx
# [2633500000] DBG rx_done=0 count=0 wr_ptr=2 rd_ptr=2 rx_empty=1 rd_en=0 rd_data=xx
# [2634500000] DBG rx_done=0 count=0 wr_ptr=2 rd_ptr=2 rx_empty=1 rd_en=0 rd_data=xx
# [2635500000] DBG rx_done=0 count=0 wr_ptr=2 rd_ptr=2 rx_empty=1 rd_en=0 rd_data=xx
# [2636500000] DBG rx_done=0 count=0 wr_ptr=2 rd_ptr=2 rx_empty=1 rd_en=0 rd_data=xx
# [2637500000] DBG rx_done=0 count=0 wr_ptr=2 rd_ptr=2 rx_empty=1 rd_en=0 rd_data=xx
# [2638500000] DBG rx_done=0 count=0 wr_ptr=2 rd_ptr=2 rx_empty=1 rd_en=0 rd_data=xx
# [2639500000] DBG rx_done=0 count=0 wr_ptr=2 rd_ptr=2 rx_empty=1 rd_en=0 rd_data=xx
# [2640500000] DBG rx_done=0 count=0 wr_ptr=2 rd_ptr=2 rx_empty=1 rd_en=0 rd_data=xx
# [2641500000] DBG rx_done=0 count=0 wr_ptr=2 rd_ptr=2 rx_empty=1 rd_en=0 rd_data=xx
# [2642500000] DBG rx_done=0 count=0 wr_ptr=2 rd_ptr=2 rx_empty=1 rd_en=0 rd_data=xx
# [2643500000] DBG rx_done=0 count=0 wr_ptr=2 rd_ptr=2 rx_empty=1 rd_en=0 rd_data=xx
# [2644500000] DBG rx_done=0 count=0 wr_ptr=2 rd_ptr=2 rx_empty=1 rd_en=0 rd_data=xx
# [2645500000] DBG rx_done=0 count=0 wr_ptr=2 rd_ptr=2 rx_empty=1 rd_en=0 rd_data=xx
# [2646500000] DBG rx_done=0 count=0 wr_ptr=2 rd_ptr=2 rx_empty=1 rd_en=0 rd_data=xx
# [2647500000] DBG rx_done=0 count=0 wr_ptr=2 rd_ptr=2 rx_empty=1 rd_en=0 rd_data=xx
# [2648500000] DBG rx_done=0 count=0 wr_ptr=2 rd_ptr=2 rx_empty=1 rd_en=0 rd_data=xx
# [2649500000] DBG rx_done=0 count=0 wr_ptr=2 rd_ptr=2 rx_empty=1 rd_en=0 rd_data=xx
# [2650500000] DBG rx_done=0 count=0 wr_ptr=2 rd_ptr=2 rx_empty=1 rd_en=0 rd_data=xx
# [2651500000] DBG rx_done=0 count=0 wr_ptr=2 rd_ptr=2 rx_empty=1 rd_en=0 rd_data=xx
# [2652500000] DBG rx_done=0 count=0 wr_ptr=2 rd_ptr=2 rx_empty=1 rd_en=0 rd_data=xx
# [2653500000] DBG rx_done=0 count=0 wr_ptr=2 rd_ptr=2 rx_empty=1 rd_en=0 rd_data=xx
# [2654500000] DBG rx_done=0 count=0 wr_ptr=2 rd_ptr=2 rx_empty=1 rd_en=0 rd_data=xx
# [2655500000] DBG rx_done=0 count=0 wr_ptr=2 rd_ptr=2 rx_empty=1 rd_en=0 rd_data=xx
# [2656500000] DBG rx_done=0 count=0 wr_ptr=2 rd_ptr=2 rx_empty=1 rd_en=0 rd_data=xx
# [2657500000] DBG rx_done=0 count=0 wr_ptr=2 rd_ptr=2 rx_empty=1 rd_en=0 rd_data=xx
# [2658500000] DBG rx_done=0 count=0 wr_ptr=2 rd_ptr=2 rx_empty=1 rd_en=0 rd_data=xx
# [2659500000] DBG rx_done=0 count=0 wr_ptr=2 rd_ptr=2 rx_empty=1 rd_en=0 rd_data=xx
# [2660500000] DBG rx_done=0 count=0 wr_ptr=2 rd_ptr=2 rx_empty=1 rd_en=0 rd_data=xx
# [2661500000] DBG rx_done=0 count=0 wr_ptr=2 rd_ptr=2 rx_empty=1 rd_en=0 rd_data=xx
# [2662500000] DBG rx_done=0 count=0 wr_ptr=2 rd_ptr=2 rx_empty=1 rd_en=0 rd_data=xx
# [2663500000] DBG rx_done=0 count=0 wr_ptr=2 rd_ptr=2 rx_empty=1 rd_en=0 rd_data=xx
# [2664500000] DBG rx_done=0 count=0 wr_ptr=2 rd_ptr=2 rx_empty=1 rd_en=0 rd_data=xx
# [2665500000] DBG rx_done=0 count=0 wr_ptr=2 rd_ptr=2 rx_empty=1 rd_en=0 rd_data=xx
# [2666500000] DBG rx_done=0 count=0 wr_ptr=2 rd_ptr=2 rx_empty=1 rd_en=0 rd_data=xx
# [2667500000] DBG rx_done=0 count=0 wr_ptr=2 rd_ptr=2 rx_empty=1 rd_en=0 rd_data=xx
# [2668500000] DBG rx_done=0 count=0 wr_ptr=2 rd_ptr=2 rx_empty=1 rd_en=0 rd_data=xx
# [2669500000] DBG rx_done=0 count=0 wr_ptr=2 rd_ptr=2 rx_empty=1 rd_en=0 rd_data=xx
# [2670500000] DBG rx_done=0 count=0 wr_ptr=2 rd_ptr=2 rx_empty=1 rd_en=0 rd_data=xx
# [2671500000] DBG rx_done=0 count=0 wr_ptr=2 rd_ptr=2 rx_empty=1 rd_en=0 rd_data=xx
# [2672500000] DBG rx_done=0 count=0 wr_ptr=2 rd_ptr=2 rx_empty=1 rd_en=0 rd_data=xx
# [2673500000] DBG rx_done=0 count=0 wr_ptr=2 rd_ptr=2 rx_empty=1 rd_en=0 rd_data=xx
# [2674500000] DBG rx_done=0 count=0 wr_ptr=2 rd_ptr=2 rx_empty=1 rd_en=0 rd_data=xx
# [2675500000] DBG rx_done=0 count=0 wr_ptr=2 rd_ptr=2 rx_empty=1 rd_en=0 rd_data=xx
# [2676500000] DBG rx_done=0 count=0 wr_ptr=2 rd_ptr=2 rx_empty=1 rd_en=0 rd_data=xx
# [2677500000] DBG rx_done=0 count=0 wr_ptr=2 rd_ptr=2 rx_empty=1 rd_en=0 rd_data=xx
# [2678500000] DBG rx_done=0 count=0 wr_ptr=2 rd_ptr=2 rx_empty=1 rd_en=0 rd_data=xx
# [2679500000] DBG rx_done=0 count=0 wr_ptr=2 rd_ptr=2 rx_empty=1 rd_en=0 rd_data=xx
# [2680500000] DBG rx_done=0 count=0 wr_ptr=2 rd_ptr=2 rx_empty=1 rd_en=0 rd_data=xx
# [2681500000] DBG rx_done=0 count=0 wr_ptr=2 rd_ptr=2 rx_empty=1 rd_en=0 rd_data=xx
# [2682500000] DBG rx_done=0 count=0 wr_ptr=2 rd_ptr=2 rx_empty=1 rd_en=0 rd_data=xx
# [2683500000] DBG rx_done=0 count=0 wr_ptr=2 rd_ptr=2 rx_empty=1 rd_en=0 rd_data=xx
# [2684500000] DBG rx_done=0 count=0 wr_ptr=2 rd_ptr=2 rx_empty=1 rd_en=0 rd_data=xx
# [2685500000] DBG rx_done=0 count=0 wr_ptr=2 rd_ptr=2 rx_empty=1 rd_en=0 rd_data=xx
# [2686500000] DBG rx_done=0 count=0 wr_ptr=2 rd_ptr=2 rx_empty=1 rd_en=0 rd_data=xx
# [2687500000] DBG rx_done=0 count=0 wr_ptr=2 rd_ptr=2 rx_empty=1 rd_en=0 rd_data=xx
# [2688500000] DBG rx_done=0 count=0 wr_ptr=2 rd_ptr=2 rx_empty=1 rd_en=0 rd_data=xx
# [2689500000] DBG rx_done=0 count=0 wr_ptr=2 rd_ptr=2 rx_empty=1 rd_en=0 rd_data=xx
# [2690500000] DBG rx_done=0 count=0 wr_ptr=2 rd_ptr=2 rx_empty=1 rd_en=0 rd_data=xx
# [2691500000] DBG rx_done=0 count=0 wr_ptr=2 rd_ptr=2 rx_empty=1 rd_en=0 rd_data=xx
# [2692500000] DBG rx_done=0 count=0 wr_ptr=2 rd_ptr=2 rx_empty=1 rd_en=0 rd_data=xx
# [2693500000] DBG rx_done=0 count=0 wr_ptr=2 rd_ptr=2 rx_empty=1 rd_en=0 rd_data=xx
# [2694500000] DBG rx_done=0 count=0 wr_ptr=2 rd_ptr=2 rx_empty=1 rd_en=0 rd_data=xx
# [2695500000] DBG rx_done=0 count=0 wr_ptr=2 rd_ptr=2 rx_empty=1 rd_en=0 rd_data=xx
# [2696500000] DBG rx_done=0 count=0 wr_ptr=2 rd_ptr=2 rx_empty=1 rd_en=0 rd_data=xx
# [2697500000] DBG rx_done=0 count=0 wr_ptr=2 rd_ptr=2 rx_empty=1 rd_en=0 rd_data=xx
# [2698500000] DBG rx_done=0 count=0 wr_ptr=2 rd_ptr=2 rx_empty=1 rd_en=0 rd_data=xx
# [2699500000] DBG rx_done=0 count=0 wr_ptr=2 rd_ptr=2 rx_empty=1 rd_en=0 rd_data=xx
# [2700500000] DBG rx_done=0 count=0 wr_ptr=2 rd_ptr=2 rx_empty=1 rd_en=0 rd_data=xx
# [2701500000] DBG rx_done=0 count=0 wr_ptr=2 rd_ptr=2 rx_empty=1 rd_en=0 rd_data=xx
# [2702500000] DBG rx_done=0 count=0 wr_ptr=2 rd_ptr=2 rx_empty=1 rd_en=0 rd_data=xx
# [2703500000] DBG rx_done=0 count=0 wr_ptr=2 rd_ptr=2 rx_empty=1 rd_en=0 rd_data=xx
# [2704500000] DBG rx_done=0 count=0 wr_ptr=2 rd_ptr=2 rx_empty=1 rd_en=0 rd_data=xx
# [2705500000] DBG rx_done=0 count=0 wr_ptr=2 rd_ptr=2 rx_empty=1 rd_en=0 rd_data=xx
# [2706500000] DBG rx_done=0 count=0 wr_ptr=2 rd_ptr=2 rx_empty=1 rd_en=0 rd_data=xx
# [2707500000] DBG rx_done=0 count=0 wr_ptr=2 rd_ptr=2 rx_empty=1 rd_en=0 rd_data=xx
# [2708500000] DBG rx_done=0 count=0 wr_ptr=2 rd_ptr=2 rx_empty=1 rd_en=0 rd_data=xx
# [2709500000] DBG rx_done=0 count=0 wr_ptr=2 rd_ptr=2 rx_empty=1 rd_en=0 rd_data=xx
# [2710500000] DBG rx_done=0 count=0 wr_ptr=2 rd_ptr=2 rx_empty=1 rd_en=0 rd_data=xx
# [2711500000] DBG rx_done=0 count=0 wr_ptr=2 rd_ptr=2 rx_empty=1 rd_en=0 rd_data=xx
# [2712500000] DBG rx_done=0 count=0 wr_ptr=2 rd_ptr=2 rx_empty=1 rd_en=0 rd_data=xx
# [2713500000] DBG rx_done=0 count=0 wr_ptr=2 rd_ptr=2 rx_empty=1 rd_en=0 rd_data=xx
# [2714500000] DBG rx_done=0 count=0 wr_ptr=2 rd_ptr=2 rx_empty=1 rd_en=0 rd_data=xx
# [2715500000] DBG rx_done=0 count=0 wr_ptr=2 rd_ptr=2 rx_empty=1 rd_en=0 rd_data=xx
# [2716500000] DBG rx_done=0 count=0 wr_ptr=2 rd_ptr=2 rx_empty=1 rd_en=0 rd_data=xx
# [2717500000] DBG rx_done=0 count=0 wr_ptr=2 rd_ptr=2 rx_empty=1 rd_en=0 rd_data=xx
# [2718500000] DBG rx_done=0 count=0 wr_ptr=2 rd_ptr=2 rx_empty=1 rd_en=0 rd_data=xx
# [2719500000] DBG rx_done=0 count=0 wr_ptr=2 rd_ptr=2 rx_empty=1 rd_en=0 rd_data=xx
# [2720500000] DBG rx_done=0 count=0 wr_ptr=2 rd_ptr=2 rx_empty=1 rd_en=0 rd_data=xx
# [2721500000] DBG rx_done=0 count=0 wr_ptr=2 rd_ptr=2 rx_empty=1 rd_en=0 rd_data=xx
# [2722500000] DBG rx_done=0 count=0 wr_ptr=2 rd_ptr=2 rx_empty=1 rd_en=0 rd_data=xx
# [2723500000] DBG rx_done=0 count=0 wr_ptr=2 rd_ptr=2 rx_empty=1 rd_en=0 rd_data=xx
# [2724500000] DBG rx_done=0 count=0 wr_ptr=2 rd_ptr=2 rx_empty=1 rd_en=0 rd_data=xx
# [2725500000] DBG rx_done=0 count=0 wr_ptr=2 rd_ptr=2 rx_empty=1 rd_en=0 rd_data=xx
# [2726500000] DBG rx_done=0 count=0 wr_ptr=2 rd_ptr=2 rx_empty=1 rd_en=0 rd_data=xx
# [2727500000] DBG rx_done=0 count=0 wr_ptr=2 rd_ptr=2 rx_empty=1 rd_en=0 rd_data=xx
# [2728500000] DBG rx_done=0 count=0 wr_ptr=2 rd_ptr=2 rx_empty=1 rd_en=0 rd_data=xx
# [2729500000] DBG rx_done=0 count=0 wr_ptr=2 rd_ptr=2 rx_empty=1 rd_en=0 rd_data=xx
# [2730500000] DBG rx_done=0 count=0 wr_ptr=2 rd_ptr=2 rx_empty=1 rd_en=0 rd_data=xx
# [2731500000] DBG rx_done=0 count=0 wr_ptr=2 rd_ptr=2 rx_empty=1 rd_en=0 rd_data=xx
# [2732500000] DBG rx_done=0 count=0 wr_ptr=2 rd_ptr=2 rx_empty=1 rd_en=0 rd_data=xx
# [2733500000] DBG rx_done=0 count=0 wr_ptr=2 rd_ptr=2 rx_empty=1 rd_en=0 rd_data=xx
# [2734500000] DBG rx_done=0 count=0 wr_ptr=2 rd_ptr=2 rx_empty=1 rd_en=0 rd_data=xx
# [2735500000] DBG rx_done=0 count=0 wr_ptr=2 rd_ptr=2 rx_empty=1 rd_en=0 rd_data=xx
# [2736500000] DBG rx_done=0 count=0 wr_ptr=2 rd_ptr=2 rx_empty=1 rd_en=0 rd_data=xx
# [2737500000] DBG rx_done=0 count=0 wr_ptr=2 rd_ptr=2 rx_empty=1 rd_en=0 rd_data=xx
# [2738500000] DBG rx_done=0 count=0 wr_ptr=2 rd_ptr=2 rx_empty=1 rd_en=0 rd_data=xx
# [2739500000] DBG rx_done=0 count=0 wr_ptr=2 rd_ptr=2 rx_empty=1 rd_en=0 rd_data=xx
# [2740500000] DBG rx_done=0 count=0 wr_ptr=2 rd_ptr=2 rx_empty=1 rd_en=0 rd_data=xx
# [2741500000] DBG rx_done=0 count=0 wr_ptr=2 rd_ptr=2 rx_empty=1 rd_en=0 rd_data=xx
# [2742500000] DBG rx_done=0 count=0 wr_ptr=2 rd_ptr=2 rx_empty=1 rd_en=0 rd_data=xx
# [2743500000] DBG rx_done=0 count=0 wr_ptr=2 rd_ptr=2 rx_empty=1 rd_en=0 rd_data=xx
# [2744500000] DBG rx_done=0 count=0 wr_ptr=2 rd_ptr=2 rx_empty=1 rd_en=0 rd_data=xx
# [2745500000] DBG rx_done=0 count=0 wr_ptr=2 rd_ptr=2 rx_empty=1 rd_en=0 rd_data=xx
# [2746500000] DBG rx_done=0 count=0 wr_ptr=2 rd_ptr=2 rx_empty=1 rd_en=0 rd_data=xx
# [2747500000] DBG rx_done=0 count=0 wr_ptr=2 rd_ptr=2 rx_empty=1 rd_en=0 rd_data=xx
# [2748500000] DBG rx_done=0 count=0 wr_ptr=2 rd_ptr=2 rx_empty=1 rd_en=0 rd_data=xx
# [2749500000] DBG rx_done=0 count=0 wr_ptr=2 rd_ptr=2 rx_empty=1 rd_en=0 rd_data=xx
# [2750500000] DBG rx_done=0 count=0 wr_ptr=2 rd_ptr=2 rx_empty=1 rd_en=0 rd_data=xx
# [2751500000] DBG rx_done=0 count=0 wr_ptr=2 rd_ptr=2 rx_empty=1 rd_en=0 rd_data=xx
# [2752500000] DBG rx_done=0 count=0 wr_ptr=2 rd_ptr=2 rx_empty=1 rd_en=0 rd_data=xx
# [2753500000] DBG rx_done=0 count=0 wr_ptr=2 rd_ptr=2 rx_empty=1 rd_en=0 rd_data=xx
# [2754500000] DBG rx_done=0 count=0 wr_ptr=2 rd_ptr=2 rx_empty=1 rd_en=0 rd_data=xx
# [2755500000] DBG rx_done=0 count=0 wr_ptr=2 rd_ptr=2 rx_empty=1 rd_en=0 rd_data=xx
# [2756500000] DBG rx_done=0 count=0 wr_ptr=2 rd_ptr=2 rx_empty=1 rd_en=0 rd_data=xx
# [2757500000] DBG rx_done=0 count=0 wr_ptr=2 rd_ptr=2 rx_empty=1 rd_en=0 rd_data=xx
# [2758500000] DBG rx_done=0 count=0 wr_ptr=2 rd_ptr=2 rx_empty=1 rd_en=0 rd_data=xx
# [2759500000] DBG rx_done=0 count=0 wr_ptr=2 rd_ptr=2 rx_empty=1 rd_en=0 rd_data=xx
# [2760500000] DBG rx_done=0 count=0 wr_ptr=2 rd_ptr=2 rx_empty=1 rd_en=0 rd_data=xx
# [2761500000] DBG rx_done=0 count=0 wr_ptr=2 rd_ptr=2 rx_empty=1 rd_en=0 rd_data=xx
# [2762500000] DBG rx_done=0 count=0 wr_ptr=2 rd_ptr=2 rx_empty=1 rd_en=0 rd_data=xx
# [2763500000] DBG rx_done=0 count=0 wr_ptr=2 rd_ptr=2 rx_empty=1 rd_en=0 rd_data=xx
# [2764500000] DBG rx_done=0 count=0 wr_ptr=2 rd_ptr=2 rx_empty=1 rd_en=0 rd_data=xx
# [2765500000] DBG rx_done=0 count=0 wr_ptr=2 rd_ptr=2 rx_empty=1 rd_en=0 rd_data=xx
# [2766500000] DBG rx_done=0 count=0 wr_ptr=2 rd_ptr=2 rx_empty=1 rd_en=0 rd_data=xx
# [2767500000] DBG rx_done=0 count=0 wr_ptr=2 rd_ptr=2 rx_empty=1 rd_en=0 rd_data=xx
# [2768500000] DBG rx_done=0 count=0 wr_ptr=2 rd_ptr=2 rx_empty=1 rd_en=0 rd_data=xx
# [2769500000] DBG rx_done=0 count=0 wr_ptr=2 rd_ptr=2 rx_empty=1 rd_en=0 rd_data=xx
# [2770500000] DBG rx_done=0 count=0 wr_ptr=2 rd_ptr=2 rx_empty=1 rd_en=0 rd_data=xx
# [2771500000] DBG rx_done=0 count=0 wr_ptr=2 rd_ptr=2 rx_empty=1 rd_en=0 rd_data=xx
# [2772500000] DBG rx_done=0 count=0 wr_ptr=2 rd_ptr=2 rx_empty=1 rd_en=0 rd_data=xx
# [2773500000] DBG rx_done=0 count=0 wr_ptr=2 rd_ptr=2 rx_empty=1 rd_en=0 rd_data=xx
# [2774500000] DBG rx_done=0 count=0 wr_ptr=2 rd_ptr=2 rx_empty=1 rd_en=0 rd_data=xx
# [2775500000] DBG rx_done=0 count=0 wr_ptr=2 rd_ptr=2 rx_empty=1 rd_en=0 rd_data=xx
# [2776500000] DBG rx_done=0 count=0 wr_ptr=2 rd_ptr=2 rx_empty=1 rd_en=0 rd_data=xx
# [2777500000] DBG rx_done=0 count=0 wr_ptr=2 rd_ptr=2 rx_empty=1 rd_en=0 rd_data=xx
# [2778500000] DBG rx_done=0 count=0 wr_ptr=2 rd_ptr=2 rx_empty=1 rd_en=0 rd_data=xx
# [2779500000] DBG rx_done=0 count=0 wr_ptr=2 rd_ptr=2 rx_empty=1 rd_en=0 rd_data=xx
# [2780500000] DBG rx_done=0 count=0 wr_ptr=2 rd_ptr=2 rx_empty=1 rd_en=0 rd_data=xx
# [2781500000] DBG rx_done=0 count=0 wr_ptr=2 rd_ptr=2 rx_empty=1 rd_en=0 rd_data=xx
# [2782500000] DBG rx_done=0 count=0 wr_ptr=2 rd_ptr=2 rx_empty=1 rd_en=0 rd_data=xx
# [2783500000] DBG rx_done=0 count=0 wr_ptr=2 rd_ptr=2 rx_empty=1 rd_en=0 rd_data=xx
# [2784500000] DBG rx_done=0 count=0 wr_ptr=2 rd_ptr=2 rx_empty=1 rd_en=0 rd_data=xx
# [2785500000] DBG rx_done=0 count=0 wr_ptr=2 rd_ptr=2 rx_empty=1 rd_en=0 rd_data=xx
# [2786500000] DBG rx_done=0 count=0 wr_ptr=2 rd_ptr=2 rx_empty=1 rd_en=0 rd_data=xx
# [2787500000] DBG rx_done=0 count=0 wr_ptr=2 rd_ptr=2 rx_empty=1 rd_en=0 rd_data=xx
# [2788500000] DBG rx_done=0 count=0 wr_ptr=2 rd_ptr=2 rx_empty=1 rd_en=0 rd_data=xx
# [2789500000] DBG rx_done=0 count=0 wr_ptr=2 rd_ptr=2 rx_empty=1 rd_en=0 rd_data=xx
# [2790500000] DBG rx_done=0 count=0 wr_ptr=2 rd_ptr=2 rx_empty=1 rd_en=0 rd_data=xx
# [2791500000] DBG rx_done=0 count=0 wr_ptr=2 rd_ptr=2 rx_empty=1 rd_en=0 rd_data=xx
# [2792500000] DBG rx_done=0 count=0 wr_ptr=2 rd_ptr=2 rx_empty=1 rd_en=0 rd_data=xx
# [2793500000] DBG rx_done=0 count=0 wr_ptr=2 rd_ptr=2 rx_empty=1 rd_en=0 rd_data=xx
# [2794500000] DBG rx_done=0 count=0 wr_ptr=2 rd_ptr=2 rx_empty=1 rd_en=0 rd_data=xx
# [2795500000] DBG rx_done=0 count=0 wr_ptr=2 rd_ptr=2 rx_empty=1 rd_en=0 rd_data=xx
# [2796500000] DBG rx_done=0 count=0 wr_ptr=2 rd_ptr=2 rx_empty=1 rd_en=0 rd_data=xx
# [2797500000] DBG rx_done=0 count=0 wr_ptr=2 rd_ptr=2 rx_empty=1 rd_en=0 rd_data=xx
# [2798500000] DBG rx_done=0 count=0 wr_ptr=2 rd_ptr=2 rx_empty=1 rd_en=0 rd_data=xx
# [2799500000] DBG rx_done=0 count=0 wr_ptr=2 rd_ptr=2 rx_empty=1 rd_en=0 rd_data=xx
# [2800500000] DBG rx_done=0 count=0 wr_ptr=2 rd_ptr=2 rx_empty=1 rd_en=0 rd_data=xx
# [2801500000] DBG rx_done=0 count=0 wr_ptr=2 rd_ptr=2 rx_empty=1 rd_en=0 rd_data=xx
# [2802500000] DBG rx_done=0 count=0 wr_ptr=2 rd_ptr=2 rx_empty=1 rd_en=0 rd_data=xx
# [2803500000] DBG rx_done=0 count=0 wr_ptr=2 rd_ptr=2 rx_empty=1 rd_en=0 rd_data=xx
# [2804500000] DBG rx_done=0 count=0 wr_ptr=2 rd_ptr=2 rx_empty=1 rd_en=0 rd_data=xx
# [2805500000] DBG rx_done=0 count=0 wr_ptr=2 rd_ptr=2 rx_empty=1 rd_en=0 rd_data=xx
# [2806500000] DBG rx_done=0 count=0 wr_ptr=2 rd_ptr=2 rx_empty=1 rd_en=0 rd_data=xx
# [2807500000] DBG rx_done=0 count=0 wr_ptr=2 rd_ptr=2 rx_empty=1 rd_en=0 rd_data=xx
# [2808500000] DBG rx_done=0 count=0 wr_ptr=2 rd_ptr=2 rx_empty=1 rd_en=0 rd_data=xx
# [2809500000] DBG rx_done=0 count=0 wr_ptr=2 rd_ptr=2 rx_empty=1 rd_en=0 rd_data=xx
# [2810500000] DBG rx_done=0 count=0 wr_ptr=2 rd_ptr=2 rx_empty=1 rd_en=0 rd_data=xx
# [2811500000] DBG rx_done=0 count=0 wr_ptr=2 rd_ptr=2 rx_empty=1 rd_en=0 rd_data=xx
# [2812500000] DBG rx_done=0 count=0 wr_ptr=2 rd_ptr=2 rx_empty=1 rd_en=0 rd_data=xx
# [2813500000] DBG rx_done=0 count=0 wr_ptr=2 rd_ptr=2 rx_empty=1 rd_en=0 rd_data=xx
# [2814500000] DBG rx_done=0 count=0 wr_ptr=2 rd_ptr=2 rx_empty=1 rd_en=0 rd_data=xx
# [2815500000] DBG rx_done=0 count=0 wr_ptr=2 rd_ptr=2 rx_empty=1 rd_en=0 rd_data=xx
# [2816500000] DBG rx_done=0 count=0 wr_ptr=2 rd_ptr=2 rx_empty=1 rd_en=0 rd_data=xx
# [2817500000] DBG rx_done=0 count=0 wr_ptr=2 rd_ptr=2 rx_empty=1 rd_en=0 rd_data=xx
# [2818500000] DBG rx_done=0 count=0 wr_ptr=2 rd_ptr=2 rx_empty=1 rd_en=0 rd_data=xx
# [2819500000] DBG rx_done=0 count=0 wr_ptr=2 rd_ptr=2 rx_empty=1 rd_en=0 rd_data=xx
# [2820500000] DBG rx_done=0 count=0 wr_ptr=2 rd_ptr=2 rx_empty=1 rd_en=0 rd_data=xx
# [2821500000] DBG rx_done=0 count=0 wr_ptr=2 rd_ptr=2 rx_empty=1 rd_en=0 rd_data=xx
# [2822500000] DBG rx_done=0 count=0 wr_ptr=2 rd_ptr=2 rx_empty=1 rd_en=0 rd_data=xx
# [2823500000] DBG rx_done=0 count=0 wr_ptr=2 rd_ptr=2 rx_empty=1 rd_en=0 rd_data=xx
# [2824500000] DBG rx_done=0 count=0 wr_ptr=2 rd_ptr=2 rx_empty=1 rd_en=0 rd_data=xx
# [2825500000] DBG rx_done=0 count=0 wr_ptr=2 rd_ptr=2 rx_empty=1 rd_en=0 rd_data=xx
# [2826500000] DBG rx_done=0 count=0 wr_ptr=2 rd_ptr=2 rx_empty=1 rd_en=0 rd_data=xx
# [2827500000] DBG rx_done=0 count=0 wr_ptr=2 rd_ptr=2 rx_empty=1 rd_en=0 rd_data=xx
# [2828500000] DBG rx_done=0 count=0 wr_ptr=2 rd_ptr=2 rx_empty=1 rd_en=0 rd_data=xx
# [2829500000] DBG rx_done=0 count=0 wr_ptr=2 rd_ptr=2 rx_empty=1 rd_en=0 rd_data=xx
# [2830500000] DBG rx_done=0 count=0 wr_ptr=2 rd_ptr=2 rx_empty=1 rd_en=0 rd_data=xx
# [2831500000] DBG rx_done=0 count=0 wr_ptr=2 rd_ptr=2 rx_empty=1 rd_en=0 rd_data=xx
# [2832500000] DBG rx_done=0 count=0 wr_ptr=2 rd_ptr=2 rx_empty=1 rd_en=0 rd_data=xx
# [2833500000] DBG rx_done=0 count=0 wr_ptr=2 rd_ptr=2 rx_empty=1 rd_en=0 rd_data=xx
# [2834500000] DBG rx_done=0 count=0 wr_ptr=2 rd_ptr=2 rx_empty=1 rd_en=0 rd_data=xx
# [2835500000] DBG rx_done=0 count=0 wr_ptr=2 rd_ptr=2 rx_empty=1 rd_en=0 rd_data=xx
# [2836500000] DBG rx_done=0 count=0 wr_ptr=2 rd_ptr=2 rx_empty=1 rd_en=0 rd_data=xx
# [2837500000] DBG rx_done=0 count=0 wr_ptr=2 rd_ptr=2 rx_empty=1 rd_en=0 rd_data=xx
# [2838500000] DBG rx_done=0 count=0 wr_ptr=2 rd_ptr=2 rx_empty=1 rd_en=0 rd_data=xx
# [2839500000] DBG rx_done=0 count=0 wr_ptr=2 rd_ptr=2 rx_empty=1 rd_en=0 rd_data=xx
# [2840500000] DBG rx_done=0 count=0 wr_ptr=2 rd_ptr=2 rx_empty=1 rd_en=0 rd_data=xx
# [2841500000] DBG rx_done=0 count=0 wr_ptr=2 rd_ptr=2 rx_empty=1 rd_en=0 rd_data=xx
# [2842500000] DBG rx_done=0 count=0 wr_ptr=2 rd_ptr=2 rx_empty=1 rd_en=0 rd_data=xx
# [2843500000] DBG rx_done=0 count=0 wr_ptr=2 rd_ptr=2 rx_empty=1 rd_en=0 rd_data=xx
# [2844500000] DBG rx_done=0 count=0 wr_ptr=2 rd_ptr=2 rx_empty=1 rd_en=0 rd_data=xx
# [2845500000] DBG rx_done=0 count=0 wr_ptr=2 rd_ptr=2 rx_empty=1 rd_en=0 rd_data=xx
# [2846500000] DBG rx_done=0 count=0 wr_ptr=2 rd_ptr=2 rx_empty=1 rd_en=0 rd_data=xx
# [2847500000] DBG rx_done=0 count=0 wr_ptr=2 rd_ptr=2 rx_empty=1 rd_en=0 rd_data=xx
# [2848500000] DBG rx_done=0 count=0 wr_ptr=2 rd_ptr=2 rx_empty=1 rd_en=0 rd_data=xx
# [2849500000] DBG rx_done=0 count=0 wr_ptr=2 rd_ptr=2 rx_empty=1 rd_en=0 rd_data=xx
# [2850500000] DBG rx_done=0 count=0 wr_ptr=2 rd_ptr=2 rx_empty=1 rd_en=0 rd_data=xx
# [2851500000] DBG rx_done=0 count=0 wr_ptr=2 rd_ptr=2 rx_empty=1 rd_en=0 rd_data=xx
# [2852500000] DBG rx_done=0 count=0 wr_ptr=2 rd_ptr=2 rx_empty=1 rd_en=0 rd_data=xx
# [2853500000] DBG rx_done=0 count=0 wr_ptr=2 rd_ptr=2 rx_empty=1 rd_en=0 rd_data=xx
# [2854500000] DBG rx_done=0 count=0 wr_ptr=2 rd_ptr=2 rx_empty=1 rd_en=0 rd_data=xx
# [2855500000] DBG rx_done=0 count=0 wr_ptr=2 rd_ptr=2 rx_empty=1 rd_en=0 rd_data=xx
# [2856500000] DBG rx_done=0 count=0 wr_ptr=2 rd_ptr=2 rx_empty=1 rd_en=0 rd_data=xx
# [2857500000] DBG rx_done=0 count=0 wr_ptr=2 rd_ptr=2 rx_empty=1 rd_en=0 rd_data=xx
# [2858500000] DBG rx_done=0 count=0 wr_ptr=2 rd_ptr=2 rx_empty=1 rd_en=0 rd_data=xx
# [2859500000] DBG rx_done=0 count=0 wr_ptr=2 rd_ptr=2 rx_empty=1 rd_en=0 rd_data=xx
# [2860500000] DBG rx_done=0 count=0 wr_ptr=2 rd_ptr=2 rx_empty=1 rd_en=0 rd_data=xx
# [2861500000] DBG rx_done=0 count=0 wr_ptr=2 rd_ptr=2 rx_empty=1 rd_en=0 rd_data=xx
# [2862500000] DBG rx_done=0 count=0 wr_ptr=2 rd_ptr=2 rx_empty=1 rd_en=0 rd_data=xx
# [2863500000] DBG rx_done=0 count=0 wr_ptr=2 rd_ptr=2 rx_empty=1 rd_en=0 rd_data=xx
# [2864500000] DBG rx_done=0 count=0 wr_ptr=2 rd_ptr=2 rx_empty=1 rd_en=0 rd_data=xx
# [2865500000] DBG rx_done=0 count=0 wr_ptr=2 rd_ptr=2 rx_empty=1 rd_en=0 rd_data=xx
# [2866500000] DBG rx_done=0 count=0 wr_ptr=2 rd_ptr=2 rx_empty=1 rd_en=0 rd_data=xx
# [2867500000] DBG rx_done=0 count=0 wr_ptr=2 rd_ptr=2 rx_empty=1 rd_en=0 rd_data=xx
# [2868500000] DBG rx_done=0 count=0 wr_ptr=2 rd_ptr=2 rx_empty=1 rd_en=0 rd_data=xx
# [2869500000] DBG rx_done=0 count=0 wr_ptr=2 rd_ptr=2 rx_empty=1 rd_en=0 rd_data=xx
# [2870500000] DBG rx_done=0 count=0 wr_ptr=2 rd_ptr=2 rx_empty=1 rd_en=0 rd_data=xx
# [2871500000] DBG rx_done=0 count=0 wr_ptr=2 rd_ptr=2 rx_empty=1 rd_en=0 rd_data=xx
# [2872500000] DBG rx_done=0 count=0 wr_ptr=2 rd_ptr=2 rx_empty=1 rd_en=0 rd_data=xx
# [2873500000] DBG rx_done=0 count=0 wr_ptr=2 rd_ptr=2 rx_empty=1 rd_en=0 rd_data=xx
# [2874500000] DBG rx_done=0 count=0 wr_ptr=2 rd_ptr=2 rx_empty=1 rd_en=0 rd_data=xx
# [2875500000] DBG rx_done=0 count=0 wr_ptr=2 rd_ptr=2 rx_empty=1 rd_en=0 rd_data=xx
# [2876500000] DBG rx_done=0 count=0 wr_ptr=2 rd_ptr=2 rx_empty=1 rd_en=0 rd_data=xx
# [2877500000] DBG rx_done=0 count=0 wr_ptr=2 rd_ptr=2 rx_empty=1 rd_en=0 rd_data=xx
# [2878500000] DBG rx_done=0 count=0 wr_ptr=2 rd_ptr=2 rx_empty=1 rd_en=0 rd_data=xx
# [2879500000] DBG rx_done=0 count=0 wr_ptr=2 rd_ptr=2 rx_empty=1 rd_en=0 rd_data=xx
# [2880500000] DBG rx_done=0 count=0 wr_ptr=2 rd_ptr=2 rx_empty=1 rd_en=0 rd_data=xx
# [2881500000] DBG rx_done=0 count=0 wr_ptr=2 rd_ptr=2 rx_empty=1 rd_en=0 rd_data=xx
# [2882500000] DBG rx_done=0 count=0 wr_ptr=2 rd_ptr=2 rx_empty=1 rd_en=0 rd_data=xx
# [2883500000] DBG rx_done=0 count=0 wr_ptr=2 rd_ptr=2 rx_empty=1 rd_en=0 rd_data=xx
# [2884500000] DBG rx_done=0 count=0 wr_ptr=2 rd_ptr=2 rx_empty=1 rd_en=0 rd_data=xx
# [2885500000] DBG rx_done=0 count=0 wr_ptr=2 rd_ptr=2 rx_empty=1 rd_en=0 rd_data=xx
# [2886500000] DBG rx_done=0 count=0 wr_ptr=2 rd_ptr=2 rx_empty=1 rd_en=0 rd_data=xx
# [2887500000] DBG rx_done=0 count=0 wr_ptr=2 rd_ptr=2 rx_empty=1 rd_en=0 rd_data=xx
# [2888500000] DBG rx_done=0 count=0 wr_ptr=2 rd_ptr=2 rx_empty=1 rd_en=0 rd_data=xx
# [2889500000] DBG rx_done=0 count=0 wr_ptr=2 rd_ptr=2 rx_empty=1 rd_en=0 rd_data=xx
# [2890500000] DBG rx_done=0 count=0 wr_ptr=2 rd_ptr=2 rx_empty=1 rd_en=0 rd_data=xx
# [2891500000] DBG rx_done=0 count=0 wr_ptr=2 rd_ptr=2 rx_empty=1 rd_en=0 rd_data=xx
# [2892500000] DBG rx_done=0 count=0 wr_ptr=2 rd_ptr=2 rx_empty=1 rd_en=0 rd_data=xx
# [2893500000] DBG rx_done=0 count=0 wr_ptr=2 rd_ptr=2 rx_empty=1 rd_en=0 rd_data=xx
# [2894500000] DBG rx_done=0 count=0 wr_ptr=2 rd_ptr=2 rx_empty=1 rd_en=0 rd_data=xx
# [2895500000] DBG rx_done=0 count=0 wr_ptr=2 rd_ptr=2 rx_empty=1 rd_en=0 rd_data=xx
# [2896500000] DBG rx_done=0 count=0 wr_ptr=2 rd_ptr=2 rx_empty=1 rd_en=0 rd_data=xx
# [2897500000] DBG rx_done=0 count=0 wr_ptr=2 rd_ptr=2 rx_empty=1 rd_en=0 rd_data=xx
# [2898500000] DBG rx_done=0 count=0 wr_ptr=2 rd_ptr=2 rx_empty=1 rd_en=0 rd_data=xx
# [2899500000] DBG rx_done=0 count=0 wr_ptr=2 rd_ptr=2 rx_empty=1 rd_en=0 rd_data=xx
# [2900500000] DBG rx_done=0 count=0 wr_ptr=2 rd_ptr=2 rx_empty=1 rd_en=0 rd_data=xx
# [2901500000] DBG rx_done=0 count=0 wr_ptr=2 rd_ptr=2 rx_empty=1 rd_en=0 rd_data=xx
# [2902500000] DBG rx_done=0 count=0 wr_ptr=2 rd_ptr=2 rx_empty=1 rd_en=0 rd_data=xx
# [2903500000] DBG rx_done=0 count=0 wr_ptr=2 rd_ptr=2 rx_empty=1 rd_en=0 rd_data=xx
# [2904500000] DBG rx_done=0 count=0 wr_ptr=2 rd_ptr=2 rx_empty=1 rd_en=0 rd_data=xx
# [2905500000] DBG rx_done=0 count=0 wr_ptr=2 rd_ptr=2 rx_empty=1 rd_en=0 rd_data=xx
# [2906500000] DBG rx_done=0 count=0 wr_ptr=2 rd_ptr=2 rx_empty=1 rd_en=0 rd_data=xx
# [2907500000] DBG rx_done=0 count=0 wr_ptr=2 rd_ptr=2 rx_empty=1 rd_en=0 rd_data=xx
# [2908500000] DBG rx_done=0 count=0 wr_ptr=2 rd_ptr=2 rx_empty=1 rd_en=0 rd_data=xx
# [2909500000] DBG rx_done=0 count=0 wr_ptr=2 rd_ptr=2 rx_empty=1 rd_en=0 rd_data=xx
# [2910500000] DBG rx_done=0 count=0 wr_ptr=2 rd_ptr=2 rx_empty=1 rd_en=0 rd_data=xx
# [2911500000] DBG rx_done=0 count=0 wr_ptr=2 rd_ptr=2 rx_empty=1 rd_en=0 rd_data=xx
# [2912500000] DBG rx_done=0 count=0 wr_ptr=2 rd_ptr=2 rx_empty=1 rd_en=0 rd_data=xx
# [2913500000] DBG rx_done=0 count=0 wr_ptr=2 rd_ptr=2 rx_empty=1 rd_en=0 rd_data=xx
# [2914500000] DBG rx_done=0 count=0 wr_ptr=2 rd_ptr=2 rx_empty=1 rd_en=0 rd_data=xx
# [2915500000] DBG rx_done=0 count=0 wr_ptr=2 rd_ptr=2 rx_empty=1 rd_en=0 rd_data=xx
# [2916500000] DBG rx_done=0 count=0 wr_ptr=2 rd_ptr=2 rx_empty=1 rd_en=0 rd_data=xx
# [2917500000] DBG rx_done=0 count=0 wr_ptr=2 rd_ptr=2 rx_empty=1 rd_en=0 rd_data=xx
# [2918500000] DBG rx_done=0 count=0 wr_ptr=2 rd_ptr=2 rx_empty=1 rd_en=0 rd_data=xx
# [2919500000] DBG rx_done=0 count=0 wr_ptr=2 rd_ptr=2 rx_empty=1 rd_en=0 rd_data=xx
# [2920500000] DBG rx_done=0 count=0 wr_ptr=2 rd_ptr=2 rx_empty=1 rd_en=0 rd_data=xx
# [2921500000] DBG rx_done=0 count=0 wr_ptr=2 rd_ptr=2 rx_empty=1 rd_en=0 rd_data=xx
# [2922500000] DBG rx_done=0 count=0 wr_ptr=2 rd_ptr=2 rx_empty=1 rd_en=0 rd_data=xx
# [2923500000] DBG rx_done=0 count=0 wr_ptr=2 rd_ptr=2 rx_empty=1 rd_en=0 rd_data=xx
# [2924500000] DBG rx_done=0 count=0 wr_ptr=2 rd_ptr=2 rx_empty=1 rd_en=0 rd_data=xx
# [2925500000] DBG rx_done=0 count=0 wr_ptr=2 rd_ptr=2 rx_empty=1 rd_en=0 rd_data=xx
# [2926500000] DBG rx_done=0 count=0 wr_ptr=2 rd_ptr=2 rx_empty=1 rd_en=0 rd_data=xx
# [2927500000] DBG rx_done=0 count=0 wr_ptr=2 rd_ptr=2 rx_empty=1 rd_en=0 rd_data=xx
# [2928500000] DBG rx_done=0 count=0 wr_ptr=2 rd_ptr=2 rx_empty=1 rd_en=0 rd_data=xx
# [2929500000] DBG rx_done=0 count=0 wr_ptr=2 rd_ptr=2 rx_empty=1 rd_en=0 rd_data=xx
# [2930500000] DBG rx_done=0 count=0 wr_ptr=2 rd_ptr=2 rx_empty=1 rd_en=0 rd_data=xx
# [2931500000] DBG rx_done=0 count=0 wr_ptr=2 rd_ptr=2 rx_empty=1 rd_en=0 rd_data=xx
# [2932500000] DBG rx_done=0 count=0 wr_ptr=2 rd_ptr=2 rx_empty=1 rd_en=0 rd_data=xx
# [2933500000] DBG rx_done=1 count=0 wr_ptr=2 rd_ptr=2 rx_empty=1 rd_en=0 rd_data=xx
# [2934500000] DBG rx_done=0 count=1 wr_ptr=3 rd_ptr=2 rx_empty=0 rd_en=0 rd_data=12
# [2935500000] DBG rx_done=0 count=1 wr_ptr=3 rd_ptr=2 rx_empty=0 rd_en=1 rd_data=12
# [2935500000] ERROR: popped 0x12, expected 0x40
# [2936500000] DBG rx_done=0 count=0 wr_ptr=3 rd_ptr=3 rx_empty=1 rd_en=0 rd_data=xx
# [2937500000] DBG rx_done=0 count=0 wr_ptr=3 rd_ptr=3 rx_empty=1 rd_en=1 rd_data=xx
# [2937500000] ERROR: popped 0xxx, expected 0x41
# [2938500000] DBG rx_done=0 count=0 wr_ptr=3 rd_ptr=3 rx_empty=1 rd_en=0 rd_data=xx
# [2939500000] DBG rx_done=0 count=0 wr_ptr=3 rd_ptr=3 rx_empty=1 rd_en=0 rd_data=xx
# [2940500000] DBG rx_done=0 count=0 wr_ptr=3 rd_ptr=3 rx_empty=1 rd_en=0 rd_data=xx
# [2941500000] DBG rx_done=0 count=0 wr_ptr=3 rd_ptr=3 rx_empty=1 rd_en=0 rd_data=xx
# [2942500000] DBG rx_done=0 count=0 wr_ptr=3 rd_ptr=3 rx_empty=1 rd_en=0 rd_data=xx
# [2943500000] DBG rx_done=0 count=0 wr_ptr=3 rd_ptr=3 rx_empty=1 rd_en=0 rd_data=xx
# [2944500000] DBG rx_done=0 count=0 wr_ptr=3 rd_ptr=3 rx_empty=1 rd_en=0 rd_data=xx
# [2945500000] DBG rx_done=0 count=0 wr_ptr=3 rd_ptr=3 rx_empty=1 rd_en=0 rd_data=xx
# [2946500000] DBG rx_done=0 count=0 wr_ptr=3 rd_ptr=3 rx_empty=1 rd_en=0 rd_data=xx
# [2947500000] DBG rx_done=0 count=0 wr_ptr=3 rd_ptr=3 rx_empty=1 rd_en=0 rd_data=xx
# [2948500000] DBG rx_done=0 count=0 wr_ptr=3 rd_ptr=3 rx_empty=1 rd_en=0 rd_data=xx
# [2949500000] DBG rx_done=0 count=0 wr_ptr=3 rd_ptr=3 rx_empty=1 rd_en=0 rd_data=xx
# [2950500000] DBG rx_done=0 count=0 wr_ptr=3 rd_ptr=3 rx_empty=1 rd_en=0 rd_data=xx
# [2951500000] DBG rx_done=0 count=0 wr_ptr=3 rd_ptr=3 rx_empty=1 rd_en=0 rd_data=xx
# [2952500000] DBG rx_done=0 count=0 wr_ptr=3 rd_ptr=3 rx_empty=1 rd_en=0 rd_data=xx
# [2953500000] DBG rx_done=0 count=0 wr_ptr=3 rd_ptr=3 rx_empty=1 rd_en=0 rd_data=xx
# [2954500000] DBG rx_done=0 count=0 wr_ptr=3 rd_ptr=3 rx_empty=1 rd_en=0 rd_data=xx
# [2955500000] DBG rx_done=0 count=0 wr_ptr=3 rd_ptr=3 rx_empty=1 rd_en=0 rd_data=xx
# [2956500000] DBG rx_done=0 count=0 wr_ptr=3 rd_ptr=3 rx_empty=1 rd_en=0 rd_data=xx
# [2957500000] DBG rx_done=0 count=0 wr_ptr=3 rd_ptr=3 rx_empty=1 rd_en=0 rd_data=xx
# [2958500000] DBG rx_done=0 count=0 wr_ptr=3 rd_ptr=3 rx_empty=1 rd_en=0 rd_data=xx
# [2959500000] DBG rx_done=0 count=0 wr_ptr=3 rd_ptr=3 rx_empty=1 rd_en=0 rd_data=xx
# [2960500000] DBG rx_done=0 count=0 wr_ptr=3 rd_ptr=3 rx_empty=1 rd_en=0 rd_data=xx
# [2961500000] DBG rx_done=0 count=0 wr_ptr=3 rd_ptr=3 rx_empty=1 rd_en=0 rd_data=xx
# [2962500000] DBG rx_done=0 count=0 wr_ptr=3 rd_ptr=3 rx_empty=1 rd_en=0 rd_data=xx
# [2963500000] DBG rx_done=0 count=0 wr_ptr=3 rd_ptr=3 rx_empty=1 rd_en=0 rd_data=xx
# [2964500000] DBG rx_done=0 count=0 wr_ptr=3 rd_ptr=3 rx_empty=1 rd_en=0 rd_data=xx
# [2965500000] DBG rx_done=0 count=0 wr_ptr=3 rd_ptr=3 rx_empty=1 rd_en=0 rd_data=xx
# [2966500000] DBG rx_done=0 count=0 wr_ptr=3 rd_ptr=3 rx_empty=1 rd_en=0 rd_data=xx
# [2967500000] DBG rx_done=0 count=0 wr_ptr=3 rd_ptr=3 rx_empty=1 rd_en=0 rd_data=xx
# [2968500000] DBG rx_done=0 count=0 wr_ptr=3 rd_ptr=3 rx_empty=1 rd_en=0 rd_data=xx
# [2969500000] DBG rx_done=0 count=0 wr_ptr=3 rd_ptr=3 rx_empty=1 rd_en=0 rd_data=xx
# [2970500000] DBG rx_done=0 count=0 wr_ptr=3 rd_ptr=3 rx_empty=1 rd_en=0 rd_data=xx
# [2971500000] DBG rx_done=0 count=0 wr_ptr=3 rd_ptr=3 rx_empty=1 rd_en=0 rd_data=xx
# [2972500000] DBG rx_done=0 count=0 wr_ptr=3 rd_ptr=3 rx_empty=1 rd_en=0 rd_data=xx
# [2973500000] DBG rx_done=0 count=0 wr_ptr=3 rd_ptr=3 rx_empty=1 rd_en=0 rd_data=xx
# [2974500000] DBG rx_done=0 count=0 wr_ptr=3 rd_ptr=3 rx_empty=1 rd_en=0 rd_data=xx
# [2975500000] DBG rx_done=0 count=0 wr_ptr=3 rd_ptr=3 rx_empty=1 rd_en=0 rd_data=xx
# [2976500000] DBG rx_done=0 count=0 wr_ptr=3 rd_ptr=3 rx_empty=1 rd_en=0 rd_data=xx
# [2977500000] DBG rx_done=0 count=0 wr_ptr=3 rd_ptr=3 rx_empty=1 rd_en=0 rd_data=xx
# [2978500000] DBG rx_done=0 count=0 wr_ptr=3 rd_ptr=3 rx_empty=1 rd_en=0 rd_data=xx
# [2979500000] DBG rx_done=0 count=0 wr_ptr=3 rd_ptr=3 rx_empty=1 rd_en=0 rd_data=xx
# [2980500000] DBG rx_done=0 count=0 wr_ptr=3 rd_ptr=3 rx_empty=1 rd_en=0 rd_data=xx
# [2981500000] DBG rx_done=0 count=0 wr_ptr=3 rd_ptr=3 rx_empty=1 rd_en=0 rd_data=xx
# [2982500000] DBG rx_done=0 count=0 wr_ptr=3 rd_ptr=3 rx_empty=1 rd_en=0 rd_data=xx
# [2983500000] DBG rx_done=0 count=0 wr_ptr=3 rd_ptr=3 rx_empty=1 rd_en=0 rd_data=xx
# [2984500000] DBG rx_done=0 count=0 wr_ptr=3 rd_ptr=3 rx_empty=1 rd_en=0 rd_data=xx
# [2985500000] DBG rx_done=0 count=0 wr_ptr=3 rd_ptr=3 rx_empty=1 rd_en=0 rd_data=xx
# [2986500000] DBG rx_done=0 count=0 wr_ptr=3 rd_ptr=3 rx_empty=1 rd_en=0 rd_data=xx
# [2987500000] DBG rx_done=0 count=0 wr_ptr=3 rd_ptr=3 rx_empty=1 rd_en=0 rd_data=xx
# [2988500000] DBG rx_done=0 count=0 wr_ptr=3 rd_ptr=3 rx_empty=1 rd_en=0 rd_data=xx
# [2989500000] DBG rx_done=0 count=0 wr_ptr=3 rd_ptr=3 rx_empty=1 rd_en=0 rd_data=xx
# [2990500000] DBG rx_done=0 count=0 wr_ptr=3 rd_ptr=3 rx_empty=1 rd_en=0 rd_data=xx
# [2991500000] DBG rx_done=0 count=0 wr_ptr=3 rd_ptr=3 rx_empty=1 rd_en=0 rd_data=xx
# [2992500000] DBG rx_done=0 count=0 wr_ptr=3 rd_ptr=3 rx_empty=1 rd_en=0 rd_data=xx
# [2993500000] DBG rx_done=0 count=0 wr_ptr=3 rd_ptr=3 rx_empty=1 rd_en=0 rd_data=xx
# [2994500000] DBG rx_done=0 count=0 wr_ptr=3 rd_ptr=3 rx_empty=1 rd_en=0 rd_data=xx
# [2995500000] DBG rx_done=0 count=0 wr_ptr=3 rd_ptr=3 rx_empty=1 rd_en=0 rd_data=xx
# [2996500000] DBG rx_done=0 count=0 wr_ptr=3 rd_ptr=3 rx_empty=1 rd_en=0 rd_data=xx
# [2997500000] DBG rx_done=0 count=0 wr_ptr=3 rd_ptr=3 rx_empty=1 rd_en=0 rd_data=xx
# [2998500000] DBG rx_done=0 count=0 wr_ptr=3 rd_ptr=3 rx_empty=1 rd_en=0 rd_data=xx
# [2999500000] DBG rx_done=0 count=0 wr_ptr=3 rd_ptr=3 rx_empty=1 rd_en=0 rd_data=xx
# [3000500000] DBG rx_done=0 count=0 wr_ptr=3 rd_ptr=3 rx_empty=1 rd_en=0 rd_data=xx
# [3001500000] DBG rx_done=0 count=0 wr_ptr=3 rd_ptr=3 rx_empty=1 rd_en=0 rd_data=xx
# [3002500000] DBG rx_done=0 count=0 wr_ptr=3 rd_ptr=3 rx_empty=1 rd_en=0 rd_data=xx
# [3003500000] DBG rx_done=0 count=0 wr_ptr=3 rd_ptr=3 rx_empty=1 rd_en=0 rd_data=xx
# [3004500000] DBG rx_done=0 count=0 wr_ptr=3 rd_ptr=3 rx_empty=1 rd_en=0 rd_data=xx
# [3005500000] DBG rx_done=0 count=0 wr_ptr=3 rd_ptr=3 rx_empty=1 rd_en=0 rd_data=xx
# [3006500000] DBG rx_done=0 count=0 wr_ptr=3 rd_ptr=3 rx_empty=1 rd_en=0 rd_data=xx
# [3007500000] DBG rx_done=0 count=0 wr_ptr=3 rd_ptr=3 rx_empty=1 rd_en=0 rd_data=xx
# [3008500000] DBG rx_done=0 count=0 wr_ptr=3 rd_ptr=3 rx_empty=1 rd_en=0 rd_data=xx
# [3009500000] DBG rx_done=0 count=0 wr_ptr=3 rd_ptr=3 rx_empty=1 rd_en=0 rd_data=xx
# [3010500000] DBG rx_done=0 count=0 wr_ptr=3 rd_ptr=3 rx_empty=1 rd_en=0 rd_data=xx
# [3011500000] DBG rx_done=0 count=0 wr_ptr=3 rd_ptr=3 rx_empty=1 rd_en=0 rd_data=xx
# [3012500000] DBG rx_done=0 count=0 wr_ptr=3 rd_ptr=3 rx_empty=1 rd_en=0 rd_data=xx
# [3013500000] DBG rx_done=0 count=0 wr_ptr=3 rd_ptr=3 rx_empty=1 rd_en=0 rd_data=xx
# [3014500000] DBG rx_done=0 count=0 wr_ptr=3 rd_ptr=3 rx_empty=1 rd_en=0 rd_data=xx
# [3015500000] DBG rx_done=0 count=0 wr_ptr=3 rd_ptr=3 rx_empty=1 rd_en=0 rd_data=xx
# [3016500000] DBG rx_done=0 count=0 wr_ptr=3 rd_ptr=3 rx_empty=1 rd_en=0 rd_data=xx
# [3017500000] DBG rx_done=0 count=0 wr_ptr=3 rd_ptr=3 rx_empty=1 rd_en=0 rd_data=xx
# [3018500000] DBG rx_done=0 count=0 wr_ptr=3 rd_ptr=3 rx_empty=1 rd_en=0 rd_data=xx
# [3019500000] DBG rx_done=0 count=0 wr_ptr=3 rd_ptr=3 rx_empty=1 rd_en=0 rd_data=xx
# [3020500000] DBG rx_done=0 count=0 wr_ptr=3 rd_ptr=3 rx_empty=1 rd_en=0 rd_data=xx
# [3021500000] DBG rx_done=0 count=0 wr_ptr=3 rd_ptr=3 rx_empty=1 rd_en=0 rd_data=xx
# [3022500000] DBG rx_done=0 count=0 wr_ptr=3 rd_ptr=3 rx_empty=1 rd_en=0 rd_data=xx
# [3023500000] DBG rx_done=0 count=0 wr_ptr=3 rd_ptr=3 rx_empty=1 rd_en=0 rd_data=xx
# [3024500000] DBG rx_done=0 count=0 wr_ptr=3 rd_ptr=3 rx_empty=1 rd_en=0 rd_data=xx
# [3025500000] DBG rx_done=0 count=0 wr_ptr=3 rd_ptr=3 rx_empty=1 rd_en=0 rd_data=xx
# [3026500000] DBG rx_done=0 count=0 wr_ptr=3 rd_ptr=3 rx_empty=1 rd_en=0 rd_data=xx
# [3027500000] DBG rx_done=0 count=0 wr_ptr=3 rd_ptr=3 rx_empty=1 rd_en=0 rd_data=xx
# [3028500000] DBG rx_done=0 count=0 wr_ptr=3 rd_ptr=3 rx_empty=1 rd_en=0 rd_data=xx
# [3029500000] DBG rx_done=0 count=0 wr_ptr=3 rd_ptr=3 rx_empty=1 rd_en=0 rd_data=xx
# [3030500000] DBG rx_done=0 count=0 wr_ptr=3 rd_ptr=3 rx_empty=1 rd_en=0 rd_data=xx
# [3031500000] DBG rx_done=0 count=0 wr_ptr=3 rd_ptr=3 rx_empty=1 rd_en=0 rd_data=xx
# [3032500000] DBG rx_done=0 count=0 wr_ptr=3 rd_ptr=3 rx_empty=1 rd_en=0 rd_data=xx
# [3033500000] DBG rx_done=0 count=0 wr_ptr=3 rd_ptr=3 rx_empty=1 rd_en=0 rd_data=xx
# [3034500000] DBG rx_done=0 count=0 wr_ptr=3 rd_ptr=3 rx_empty=1 rd_en=0 rd_data=xx
# [3035500000] DBG rx_done=0 count=0 wr_ptr=3 rd_ptr=3 rx_empty=1 rd_en=0 rd_data=xx
# [3036500000] DBG rx_done=0 count=0 wr_ptr=3 rd_ptr=3 rx_empty=1 rd_en=0 rd_data=xx
# [3037500000] DBG rx_done=0 count=0 wr_ptr=3 rd_ptr=3 rx_empty=1 rd_en=0 rd_data=xx
# [3038500000] DBG rx_done=0 count=0 wr_ptr=3 rd_ptr=3 rx_empty=1 rd_en=0 rd_data=xx
# [3039500000] DBG rx_done=0 count=0 wr_ptr=3 rd_ptr=3 rx_empty=1 rd_en=0 rd_data=xx
# [3040500000] DBG rx_done=0 count=0 wr_ptr=3 rd_ptr=3 rx_empty=1 rd_en=0 rd_data=xx
# [3041500000] DBG rx_done=0 count=0 wr_ptr=3 rd_ptr=3 rx_empty=1 rd_en=0 rd_data=xx
# [3042500000] DBG rx_done=0 count=0 wr_ptr=3 rd_ptr=3 rx_empty=1 rd_en=0 rd_data=xx
# [3043500000] DBG rx_done=0 count=0 wr_ptr=3 rd_ptr=3 rx_empty=1 rd_en=0 rd_data=xx
# [3044500000] DBG rx_done=0 count=0 wr_ptr=3 rd_ptr=3 rx_empty=1 rd_en=0 rd_data=xx
# [3045500000] DBG rx_done=0 count=0 wr_ptr=3 rd_ptr=3 rx_empty=1 rd_en=0 rd_data=xx
# [3046500000] DBG rx_done=0 count=0 wr_ptr=3 rd_ptr=3 rx_empty=1 rd_en=0 rd_data=xx
# [3047500000] DBG rx_done=0 count=0 wr_ptr=3 rd_ptr=3 rx_empty=1 rd_en=0 rd_data=xx
# [3048500000] DBG rx_done=0 count=0 wr_ptr=3 rd_ptr=3 rx_empty=1 rd_en=0 rd_data=xx
# [3049500000] DBG rx_done=0 count=0 wr_ptr=3 rd_ptr=3 rx_empty=1 rd_en=0 rd_data=xx
# [3050500000] DBG rx_done=0 count=0 wr_ptr=3 rd_ptr=3 rx_empty=1 rd_en=0 rd_data=xx
# [3051500000] DBG rx_done=0 count=0 wr_ptr=3 rd_ptr=3 rx_empty=1 rd_en=0 rd_data=xx
# [3052500000] DBG rx_done=0 count=0 wr_ptr=3 rd_ptr=3 rx_empty=1 rd_en=0 rd_data=xx
# [3053500000] DBG rx_done=0 count=0 wr_ptr=3 rd_ptr=3 rx_empty=1 rd_en=0 rd_data=xx
# [3054500000] DBG rx_done=0 count=0 wr_ptr=3 rd_ptr=3 rx_empty=1 rd_en=0 rd_data=xx
# [3055500000] DBG rx_done=0 count=0 wr_ptr=3 rd_ptr=3 rx_empty=1 rd_en=0 rd_data=xx
# [3056500000] DBG rx_done=0 count=0 wr_ptr=3 rd_ptr=3 rx_empty=1 rd_en=0 rd_data=xx
# [3057500000] DBG rx_done=0 count=0 wr_ptr=3 rd_ptr=3 rx_empty=1 rd_en=0 rd_data=xx
# [3058500000] DBG rx_done=0 count=0 wr_ptr=3 rd_ptr=3 rx_empty=1 rd_en=0 rd_data=xx
# [3059500000] DBG rx_done=0 count=0 wr_ptr=3 rd_ptr=3 rx_empty=1 rd_en=0 rd_data=xx
# [3060500000] DBG rx_done=0 count=0 wr_ptr=3 rd_ptr=3 rx_empty=1 rd_en=0 rd_data=xx
# [3061500000] DBG rx_done=0 count=0 wr_ptr=3 rd_ptr=3 rx_empty=1 rd_en=0 rd_data=xx
# [3062500000] DBG rx_done=0 count=0 wr_ptr=3 rd_ptr=3 rx_empty=1 rd_en=0 rd_data=xx
# [3063500000] DBG rx_done=0 count=0 wr_ptr=3 rd_ptr=3 rx_empty=1 rd_en=0 rd_data=xx
# [3064500000] DBG rx_done=0 count=0 wr_ptr=3 rd_ptr=3 rx_empty=1 rd_en=0 rd_data=xx
# [3065500000] DBG rx_done=0 count=0 wr_ptr=3 rd_ptr=3 rx_empty=1 rd_en=0 rd_data=xx
# [3066500000] DBG rx_done=0 count=0 wr_ptr=3 rd_ptr=3 rx_empty=1 rd_en=0 rd_data=xx
# [3067500000] DBG rx_done=0 count=0 wr_ptr=3 rd_ptr=3 rx_empty=1 rd_en=0 rd_data=xx
# [3068500000] DBG rx_done=0 count=0 wr_ptr=3 rd_ptr=3 rx_empty=1 rd_en=0 rd_data=xx
# [3069500000] DBG rx_done=0 count=0 wr_ptr=3 rd_ptr=3 rx_empty=1 rd_en=0 rd_data=xx
# [3070500000] DBG rx_done=0 count=0 wr_ptr=3 rd_ptr=3 rx_empty=1 rd_en=0 rd_data=xx
# [3071500000] DBG rx_done=0 count=0 wr_ptr=3 rd_ptr=3 rx_empty=1 rd_en=0 rd_data=xx
# [3072500000] DBG rx_done=0 count=0 wr_ptr=3 rd_ptr=3 rx_empty=1 rd_en=0 rd_data=xx
# [3073500000] DBG rx_done=0 count=0 wr_ptr=3 rd_ptr=3 rx_empty=1 rd_en=0 rd_data=xx
# [3074500000] DBG rx_done=0 count=0 wr_ptr=3 rd_ptr=3 rx_empty=1 rd_en=0 rd_data=xx
# [3075500000] DBG rx_done=0 count=0 wr_ptr=3 rd_ptr=3 rx_empty=1 rd_en=0 rd_data=xx
# [3076500000] DBG rx_done=0 count=0 wr_ptr=3 rd_ptr=3 rx_empty=1 rd_en=0 rd_data=xx
# [3077500000] DBG rx_done=0 count=0 wr_ptr=3 rd_ptr=3 rx_empty=1 rd_en=0 rd_data=xx
# [3078500000] DBG rx_done=0 count=0 wr_ptr=3 rd_ptr=3 rx_empty=1 rd_en=0 rd_data=xx
# [3079500000] DBG rx_done=0 count=0 wr_ptr=3 rd_ptr=3 rx_empty=1 rd_en=0 rd_data=xx
# [3080500000] DBG rx_done=0 count=0 wr_ptr=3 rd_ptr=3 rx_empty=1 rd_en=0 rd_data=xx
# [3081500000] DBG rx_done=0 count=0 wr_ptr=3 rd_ptr=3 rx_empty=1 rd_en=0 rd_data=xx
# [3082500000] DBG rx_done=0 count=0 wr_ptr=3 rd_ptr=3 rx_empty=1 rd_en=0 rd_data=xx
# [3083500000] DBG rx_done=0 count=0 wr_ptr=3 rd_ptr=3 rx_empty=1 rd_en=0 rd_data=xx
# [3084500000] DBG rx_done=0 count=0 wr_ptr=3 rd_ptr=3 rx_empty=1 rd_en=0 rd_data=xx
# [3085500000] DBG rx_done=0 count=0 wr_ptr=3 rd_ptr=3 rx_empty=1 rd_en=0 rd_data=xx
# [3086500000] DBG rx_done=0 count=0 wr_ptr=3 rd_ptr=3 rx_empty=1 rd_en=0 rd_data=xx
# [3087500000] DBG rx_done=0 count=0 wr_ptr=3 rd_ptr=3 rx_empty=1 rd_en=0 rd_data=xx
# [3088500000] DBG rx_done=0 count=0 wr_ptr=3 rd_ptr=3 rx_empty=1 rd_en=0 rd_data=xx
# [3089500000] DBG rx_done=0 count=0 wr_ptr=3 rd_ptr=3 rx_empty=1 rd_en=0 rd_data=xx
# [3090500000] DBG rx_done=0 count=0 wr_ptr=3 rd_ptr=3 rx_empty=1 rd_en=0 rd_data=xx
# [3091500000] DBG rx_done=0 count=0 wr_ptr=3 rd_ptr=3 rx_empty=1 rd_en=0 rd_data=xx
# [3092500000] DBG rx_done=0 count=0 wr_ptr=3 rd_ptr=3 rx_empty=1 rd_en=0 rd_data=xx
# [3093500000] DBG rx_done=0 count=0 wr_ptr=3 rd_ptr=3 rx_empty=1 rd_en=0 rd_data=xx
# [3094500000] DBG rx_done=0 count=0 wr_ptr=3 rd_ptr=3 rx_empty=1 rd_en=0 rd_data=xx
# [3095500000] DBG rx_done=0 count=0 wr_ptr=3 rd_ptr=3 rx_empty=1 rd_en=0 rd_data=xx
# [3096500000] DBG rx_done=0 count=0 wr_ptr=3 rd_ptr=3 rx_empty=1 rd_en=0 rd_data=xx
# [3097500000] DBG rx_done=0 count=0 wr_ptr=3 rd_ptr=3 rx_empty=1 rd_en=0 rd_data=xx
# [3098500000] DBG rx_done=0 count=0 wr_ptr=3 rd_ptr=3 rx_empty=1 rd_en=0 rd_data=xx
# [3099500000] DBG rx_done=0 count=0 wr_ptr=3 rd_ptr=3 rx_empty=1 rd_en=0 rd_data=xx
# [3100500000] DBG rx_done=0 count=0 wr_ptr=3 rd_ptr=3 rx_empty=1 rd_en=0 rd_data=xx
# [3101500000] DBG rx_done=0 count=0 wr_ptr=3 rd_ptr=3 rx_empty=1 rd_en=0 rd_data=xx
# [3102500000] DBG rx_done=0 count=0 wr_ptr=3 rd_ptr=3 rx_empty=1 rd_en=0 rd_data=xx
# [3103500000] DBG rx_done=0 count=0 wr_ptr=3 rd_ptr=3 rx_empty=1 rd_en=0 rd_data=xx
# [3104500000] DBG rx_done=0 count=0 wr_ptr=3 rd_ptr=3 rx_empty=1 rd_en=0 rd_data=xx
# [3105500000] DBG rx_done=0 count=0 wr_ptr=3 rd_ptr=3 rx_empty=1 rd_en=0 rd_data=xx
# [3106500000] DBG rx_done=0 count=0 wr_ptr=3 rd_ptr=3 rx_empty=1 rd_en=0 rd_data=xx
# [3107500000] DBG rx_done=0 count=0 wr_ptr=3 rd_ptr=3 rx_empty=1 rd_en=0 rd_data=xx
# [3108500000] DBG rx_done=0 count=0 wr_ptr=3 rd_ptr=3 rx_empty=1 rd_en=0 rd_data=xx
# [3109500000] DBG rx_done=0 count=0 wr_ptr=3 rd_ptr=3 rx_empty=1 rd_en=0 rd_data=xx
# [3110500000] DBG rx_done=0 count=0 wr_ptr=3 rd_ptr=3 rx_empty=1 rd_en=0 rd_data=xx
# [3111500000] DBG rx_done=0 count=0 wr_ptr=3 rd_ptr=3 rx_empty=1 rd_en=0 rd_data=xx
# [3112500000] DBG rx_done=0 count=0 wr_ptr=3 rd_ptr=3 rx_empty=1 rd_en=0 rd_data=xx
# [3113500000] DBG rx_done=0 count=0 wr_ptr=3 rd_ptr=3 rx_empty=1 rd_en=0 rd_data=xx
# [3114500000] DBG rx_done=0 count=0 wr_ptr=3 rd_ptr=3 rx_empty=1 rd_en=0 rd_data=xx
# [3115500000] DBG rx_done=0 count=0 wr_ptr=3 rd_ptr=3 rx_empty=1 rd_en=0 rd_data=xx
# [3116500000] DBG rx_done=0 count=0 wr_ptr=3 rd_ptr=3 rx_empty=1 rd_en=0 rd_data=xx
# [3117500000] DBG rx_done=0 count=0 wr_ptr=3 rd_ptr=3 rx_empty=1 rd_en=0 rd_data=xx
# [3118500000] DBG rx_done=0 count=0 wr_ptr=3 rd_ptr=3 rx_empty=1 rd_en=0 rd_data=xx
# [3119500000] DBG rx_done=0 count=0 wr_ptr=3 rd_ptr=3 rx_empty=1 rd_en=0 rd_data=xx
# [3120500000] DBG rx_done=0 count=0 wr_ptr=3 rd_ptr=3 rx_empty=1 rd_en=0 rd_data=xx
# [3121500000] DBG rx_done=0 count=0 wr_ptr=3 rd_ptr=3 rx_empty=1 rd_en=0 rd_data=xx
# [3122500000] DBG rx_done=0 count=0 wr_ptr=3 rd_ptr=3 rx_empty=1 rd_en=0 rd_data=xx
# [3123500000] DBG rx_done=0 count=0 wr_ptr=3 rd_ptr=3 rx_empty=1 rd_en=0 rd_data=xx
# [3124500000] DBG rx_done=0 count=0 wr_ptr=3 rd_ptr=3 rx_empty=1 rd_en=0 rd_data=xx
# [3125500000] DBG rx_done=0 count=0 wr_ptr=3 rd_ptr=3 rx_empty=1 rd_en=0 rd_data=xx
# [3126500000] DBG rx_done=0 count=0 wr_ptr=3 rd_ptr=3 rx_empty=1 rd_en=0 rd_data=xx
# [3127500000] DBG rx_done=0 count=0 wr_ptr=3 rd_ptr=3 rx_empty=1 rd_en=0 rd_data=xx
# [3128500000] DBG rx_done=0 count=0 wr_ptr=3 rd_ptr=3 rx_empty=1 rd_en=0 rd_data=xx
# [3129500000] DBG rx_done=0 count=0 wr_ptr=3 rd_ptr=3 rx_empty=1 rd_en=0 rd_data=xx
# [3130500000] DBG rx_done=0 count=0 wr_ptr=3 rd_ptr=3 rx_empty=1 rd_en=0 rd_data=xx
# [3131500000] DBG rx_done=0 count=0 wr_ptr=3 rd_ptr=3 rx_empty=1 rd_en=0 rd_data=xx
# [3132500000] DBG rx_done=0 count=0 wr_ptr=3 rd_ptr=3 rx_empty=1 rd_en=0 rd_data=xx
# [3133500000] DBG rx_done=0 count=0 wr_ptr=3 rd_ptr=3 rx_empty=1 rd_en=0 rd_data=xx
# [3134500000] DBG rx_done=0 count=0 wr_ptr=3 rd_ptr=3 rx_empty=1 rd_en=0 rd_data=xx
# [3135500000] DBG rx_done=0 count=0 wr_ptr=3 rd_ptr=3 rx_empty=1 rd_en=0 rd_data=xx
# [3136500000] DBG rx_done=0 count=0 wr_ptr=3 rd_ptr=3 rx_empty=1 rd_en=0 rd_data=xx
# [3137500000] DBG rx_done=0 count=0 wr_ptr=3 rd_ptr=3 rx_empty=1 rd_en=0 rd_data=xx
# [3138500000] DBG rx_done=0 count=0 wr_ptr=3 rd_ptr=3 rx_empty=1 rd_en=0 rd_data=xx
# [3139500000] DBG rx_done=0 count=0 wr_ptr=3 rd_ptr=3 rx_empty=1 rd_en=0 rd_data=xx
# [3140500000] DBG rx_done=0 count=0 wr_ptr=3 rd_ptr=3 rx_empty=1 rd_en=0 rd_data=xx
# [3141500000] DBG rx_done=0 count=0 wr_ptr=3 rd_ptr=3 rx_empty=1 rd_en=0 rd_data=xx
# [3142500000] DBG rx_done=0 count=0 wr_ptr=3 rd_ptr=3 rx_empty=1 rd_en=0 rd_data=xx
# [3143500000] DBG rx_done=0 count=0 wr_ptr=3 rd_ptr=3 rx_empty=1 rd_en=0 rd_data=xx
# [3144500000] DBG rx_done=0 count=0 wr_ptr=3 rd_ptr=3 rx_empty=1 rd_en=0 rd_data=xx
# [3145500000] DBG rx_done=0 count=0 wr_ptr=3 rd_ptr=3 rx_empty=1 rd_en=0 rd_data=xx
# [3146500000] DBG rx_done=0 count=0 wr_ptr=3 rd_ptr=3 rx_empty=1 rd_en=0 rd_data=xx
# [3147500000] DBG rx_done=0 count=0 wr_ptr=3 rd_ptr=3 rx_empty=1 rd_en=0 rd_data=xx
# [3148500000] DBG rx_done=0 count=0 wr_ptr=3 rd_ptr=3 rx_empty=1 rd_en=0 rd_data=xx
# [3149500000] DBG rx_done=0 count=0 wr_ptr=3 rd_ptr=3 rx_empty=1 rd_en=0 rd_data=xx
# [3150500000] DBG rx_done=0 count=0 wr_ptr=3 rd_ptr=3 rx_empty=1 rd_en=0 rd_data=xx
# [3151500000] DBG rx_done=0 count=0 wr_ptr=3 rd_ptr=3 rx_empty=1 rd_en=0 rd_data=xx
# [3152500000] DBG rx_done=0 count=0 wr_ptr=3 rd_ptr=3 rx_empty=1 rd_en=0 rd_data=xx
# [3153500000] DBG rx_done=0 count=0 wr_ptr=3 rd_ptr=3 rx_empty=1 rd_en=0 rd_data=xx
# [3154500000] DBG rx_done=0 count=0 wr_ptr=3 rd_ptr=3 rx_empty=1 rd_en=0 rd_data=xx
# [3155500000] DBG rx_done=0 count=0 wr_ptr=3 rd_ptr=3 rx_empty=1 rd_en=0 rd_data=xx
# [3156500000] DBG rx_done=0 count=0 wr_ptr=3 rd_ptr=3 rx_empty=1 rd_en=0 rd_data=xx
# [3157500000] DBG rx_done=0 count=0 wr_ptr=3 rd_ptr=3 rx_empty=1 rd_en=0 rd_data=xx
# [3158500000] DBG rx_done=0 count=0 wr_ptr=3 rd_ptr=3 rx_empty=1 rd_en=0 rd_data=xx
# [3159500000] DBG rx_done=0 count=0 wr_ptr=3 rd_ptr=3 rx_empty=1 rd_en=0 rd_data=xx
# [3160500000] DBG rx_done=0 count=0 wr_ptr=3 rd_ptr=3 rx_empty=1 rd_en=0 rd_data=xx
# [3161500000] DBG rx_done=0 count=0 wr_ptr=3 rd_ptr=3 rx_empty=1 rd_en=0 rd_data=xx
# [3162500000] DBG rx_done=0 count=0 wr_ptr=3 rd_ptr=3 rx_empty=1 rd_en=0 rd_data=xx
# [3163500000] DBG rx_done=0 count=0 wr_ptr=3 rd_ptr=3 rx_empty=1 rd_en=0 rd_data=xx
# [3164500000] DBG rx_done=0 count=0 wr_ptr=3 rd_ptr=3 rx_empty=1 rd_en=0 rd_data=xx
# [3165500000] DBG rx_done=0 count=0 wr_ptr=3 rd_ptr=3 rx_empty=1 rd_en=0 rd_data=xx
# [3166500000] DBG rx_done=0 count=0 wr_ptr=3 rd_ptr=3 rx_empty=1 rd_en=0 rd_data=xx
# [3167500000] DBG rx_done=0 count=0 wr_ptr=3 rd_ptr=3 rx_empty=1 rd_en=0 rd_data=xx
# [3168500000] DBG rx_done=0 count=0 wr_ptr=3 rd_ptr=3 rx_empty=1 rd_en=0 rd_data=xx
# [3169500000] DBG rx_done=0 count=0 wr_ptr=3 rd_ptr=3 rx_empty=1 rd_en=0 rd_data=xx
# [3170500000] DBG rx_done=0 count=0 wr_ptr=3 rd_ptr=3 rx_empty=1 rd_en=0 rd_data=xx
# [3171500000] DBG rx_done=0 count=0 wr_ptr=3 rd_ptr=3 rx_empty=1 rd_en=0 rd_data=xx
# [3172500000] DBG rx_done=0 count=0 wr_ptr=3 rd_ptr=3 rx_empty=1 rd_en=0 rd_data=xx
# [3173500000] DBG rx_done=0 count=0 wr_ptr=3 rd_ptr=3 rx_empty=1 rd_en=0 rd_data=xx
# [3174500000] DBG rx_done=0 count=0 wr_ptr=3 rd_ptr=3 rx_empty=1 rd_en=0 rd_data=xx
# [3175500000] DBG rx_done=0 count=0 wr_ptr=3 rd_ptr=3 rx_empty=1 rd_en=0 rd_data=xx
# [3176500000] DBG rx_done=0 count=0 wr_ptr=3 rd_ptr=3 rx_empty=1 rd_en=0 rd_data=xx
# [3177500000] DBG rx_done=0 count=0 wr_ptr=3 rd_ptr=3 rx_empty=1 rd_en=0 rd_data=xx
# [3178500000] DBG rx_done=0 count=0 wr_ptr=3 rd_ptr=3 rx_empty=1 rd_en=0 rd_data=xx
# [3179500000] DBG rx_done=0 count=0 wr_ptr=3 rd_ptr=3 rx_empty=1 rd_en=0 rd_data=xx
# [3180500000] DBG rx_done=0 count=0 wr_ptr=3 rd_ptr=3 rx_empty=1 rd_en=0 rd_data=xx
# [3181500000] DBG rx_done=0 count=0 wr_ptr=3 rd_ptr=3 rx_empty=1 rd_en=0 rd_data=xx
# [3182500000] DBG rx_done=0 count=0 wr_ptr=3 rd_ptr=3 rx_empty=1 rd_en=0 rd_data=xx
# [3183500000] DBG rx_done=0 count=0 wr_ptr=3 rd_ptr=3 rx_empty=1 rd_en=0 rd_data=xx
# [3184500000] DBG rx_done=0 count=0 wr_ptr=3 rd_ptr=3 rx_empty=1 rd_en=0 rd_data=xx
# [3185500000] DBG rx_done=0 count=0 wr_ptr=3 rd_ptr=3 rx_empty=1 rd_en=0 rd_data=xx
# [3186500000] DBG rx_done=0 count=0 wr_ptr=3 rd_ptr=3 rx_empty=1 rd_en=0 rd_data=xx
# [3187500000] DBG rx_done=0 count=0 wr_ptr=3 rd_ptr=3 rx_empty=1 rd_en=0 rd_data=xx
# [3188500000] DBG rx_done=0 count=0 wr_ptr=3 rd_ptr=3 rx_empty=1 rd_en=0 rd_data=xx
# [3189500000] DBG rx_done=0 count=0 wr_ptr=3 rd_ptr=3 rx_empty=1 rd_en=0 rd_data=xx
# [3190500000] DBG rx_done=0 count=0 wr_ptr=3 rd_ptr=3 rx_empty=1 rd_en=0 rd_data=xx
# [3191500000] DBG rx_done=0 count=0 wr_ptr=3 rd_ptr=3 rx_empty=1 rd_en=0 rd_data=xx
# [3192500000] DBG rx_done=0 count=0 wr_ptr=3 rd_ptr=3 rx_empty=1 rd_en=0 rd_data=xx
# [3193500000] DBG rx_done=0 count=0 wr_ptr=3 rd_ptr=3 rx_empty=1 rd_en=0 rd_data=xx
# [3194500000] DBG rx_done=0 count=0 wr_ptr=3 rd_ptr=3 rx_empty=1 rd_en=0 rd_data=xx
# [3195500000] DBG rx_done=0 count=0 wr_ptr=3 rd_ptr=3 rx_empty=1 rd_en=0 rd_data=xx
# [3196500000] DBG rx_done=0 count=0 wr_ptr=3 rd_ptr=3 rx_empty=1 rd_en=0 rd_data=xx
# [3197500000] DBG rx_done=0 count=0 wr_ptr=3 rd_ptr=3 rx_empty=1 rd_en=0 rd_data=xx
# [3198500000] DBG rx_done=0 count=0 wr_ptr=3 rd_ptr=3 rx_empty=1 rd_en=0 rd_data=xx
# [3199500000] DBG rx_done=0 count=0 wr_ptr=3 rd_ptr=3 rx_empty=1 rd_en=0 rd_data=xx
# [3200500000] DBG rx_done=0 count=0 wr_ptr=3 rd_ptr=3 rx_empty=1 rd_en=0 rd_data=xx
# [3201500000] DBG rx_done=0 count=0 wr_ptr=3 rd_ptr=3 rx_empty=1 rd_en=0 rd_data=xx
# [3202500000] DBG rx_done=0 count=0 wr_ptr=3 rd_ptr=3 rx_empty=1 rd_en=0 rd_data=xx
# [3203500000] DBG rx_done=0 count=0 wr_ptr=3 rd_ptr=3 rx_empty=1 rd_en=0 rd_data=xx
# [3204500000] DBG rx_done=0 count=0 wr_ptr=3 rd_ptr=3 rx_empty=1 rd_en=0 rd_data=xx
# [3205500000] DBG rx_done=0 count=0 wr_ptr=3 rd_ptr=3 rx_empty=1 rd_en=0 rd_data=xx
# [3206500000] DBG rx_done=0 count=0 wr_ptr=3 rd_ptr=3 rx_empty=1 rd_en=0 rd_data=xx
# [3207500000] DBG rx_done=0 count=0 wr_ptr=3 rd_ptr=3 rx_empty=1 rd_en=0 rd_data=xx
# [3208500000] DBG rx_done=0 count=0 wr_ptr=3 rd_ptr=3 rx_empty=1 rd_en=0 rd_data=xx
# [3209500000] DBG rx_done=0 count=0 wr_ptr=3 rd_ptr=3 rx_empty=1 rd_en=0 rd_data=xx
# [3210500000] DBG rx_done=0 count=0 wr_ptr=3 rd_ptr=3 rx_empty=1 rd_en=0 rd_data=xx
# [3211500000] DBG rx_done=0 count=0 wr_ptr=3 rd_ptr=3 rx_empty=1 rd_en=0 rd_data=xx
# [3212500000] DBG rx_done=0 count=0 wr_ptr=3 rd_ptr=3 rx_empty=1 rd_en=0 rd_data=xx
# [3213500000] DBG rx_done=0 count=0 wr_ptr=3 rd_ptr=3 rx_empty=1 rd_en=0 rd_data=xx
# [3214500000] DBG rx_done=0 count=0 wr_ptr=3 rd_ptr=3 rx_empty=1 rd_en=0 rd_data=xx
# [3215500000] DBG rx_done=0 count=0 wr_ptr=3 rd_ptr=3 rx_empty=1 rd_en=0 rd_data=xx
# [3216500000] DBG rx_done=0 count=0 wr_ptr=3 rd_ptr=3 rx_empty=1 rd_en=0 rd_data=xx
# [3217500000] DBG rx_done=0 count=0 wr_ptr=3 rd_ptr=3 rx_empty=1 rd_en=0 rd_data=xx
# [3218500000] DBG rx_done=0 count=0 wr_ptr=3 rd_ptr=3 rx_empty=1 rd_en=0 rd_data=xx
# [3219500000] DBG rx_done=0 count=0 wr_ptr=3 rd_ptr=3 rx_empty=1 rd_en=0 rd_data=xx
# [3220500000] DBG rx_done=0 count=0 wr_ptr=3 rd_ptr=3 rx_empty=1 rd_en=0 rd_data=xx
# [3221500000] DBG rx_done=0 count=0 wr_ptr=3 rd_ptr=3 rx_empty=1 rd_en=0 rd_data=xx
# [3222500000] DBG rx_done=0 count=0 wr_ptr=3 rd_ptr=3 rx_empty=1 rd_en=0 rd_data=xx
# [3223500000] DBG rx_done=0 count=0 wr_ptr=3 rd_ptr=3 rx_empty=1 rd_en=0 rd_data=xx
# [3224500000] DBG rx_done=0 count=0 wr_ptr=3 rd_ptr=3 rx_empty=1 rd_en=0 rd_data=xx
# [3225500000] DBG rx_done=0 count=0 wr_ptr=3 rd_ptr=3 rx_empty=1 rd_en=0 rd_data=xx
# [3226500000] DBG rx_done=0 count=0 wr_ptr=3 rd_ptr=3 rx_empty=1 rd_en=0 rd_data=xx
# [3227500000] DBG rx_done=0 count=0 wr_ptr=3 rd_ptr=3 rx_empty=1 rd_en=0 rd_data=xx
# [3228500000] DBG rx_done=0 count=0 wr_ptr=3 rd_ptr=3 rx_empty=1 rd_en=0 rd_data=xx
# [3229500000] DBG rx_done=0 count=0 wr_ptr=3 rd_ptr=3 rx_empty=1 rd_en=0 rd_data=xx
# [3230500000] DBG rx_done=0 count=0 wr_ptr=3 rd_ptr=3 rx_empty=1 rd_en=0 rd_data=xx
# [3231500000] DBG rx_done=0 count=0 wr_ptr=3 rd_ptr=3 rx_empty=1 rd_en=0 rd_data=xx
# [3232500000] DBG rx_done=0 count=0 wr_ptr=3 rd_ptr=3 rx_empty=1 rd_en=0 rd_data=xx
# [3233500000] DBG rx_done=0 count=0 wr_ptr=3 rd_ptr=3 rx_empty=1 rd_en=0 rd_data=xx
# [3234500000] DBG rx_done=0 count=0 wr_ptr=3 rd_ptr=3 rx_empty=1 rd_en=0 rd_data=xx
# [3235500000] DBG rx_done=0 count=0 wr_ptr=3 rd_ptr=3 rx_empty=1 rd_en=0 rd_data=xx
# [3236500000] DBG rx_done=0 count=0 wr_ptr=3 rd_ptr=3 rx_empty=1 rd_en=0 rd_data=xx
# [3237500000] DBG rx_done=0 count=0 wr_ptr=3 rd_ptr=3 rx_empty=1 rd_en=0 rd_data=xx
# [3238500000] DBG rx_done=0 count=0 wr_ptr=3 rd_ptr=3 rx_empty=1 rd_en=0 rd_data=xx
# [3239500000] DBG rx_done=0 count=0 wr_ptr=3 rd_ptr=3 rx_empty=1 rd_en=0 rd_data=xx
# [3240500000] DBG rx_done=0 count=0 wr_ptr=3 rd_ptr=3 rx_empty=1 rd_en=0 rd_data=xx
# [3241500000] DBG rx_done=0 count=0 wr_ptr=3 rd_ptr=3 rx_empty=1 rd_en=0 rd_data=xx
# [3242500000] DBG rx_done=0 count=0 wr_ptr=3 rd_ptr=3 rx_empty=1 rd_en=0 rd_data=xx
# [3243500000] DBG rx_done=0 count=0 wr_ptr=3 rd_ptr=3 rx_empty=1 rd_en=0 rd_data=xx
# [3244500000] DBG rx_done=0 count=0 wr_ptr=3 rd_ptr=3 rx_empty=1 rd_en=0 rd_data=xx
# [3245500000] DBG rx_done=0 count=0 wr_ptr=3 rd_ptr=3 rx_empty=1 rd_en=0 rd_data=xx
# [3246500000] DBG rx_done=0 count=0 wr_ptr=3 rd_ptr=3 rx_empty=1 rd_en=0 rd_data=xx
# [3247500000] DBG rx_done=0 count=0 wr_ptr=3 rd_ptr=3 rx_empty=1 rd_en=0 rd_data=xx
# [3248500000] DBG rx_done=0 count=0 wr_ptr=3 rd_ptr=3 rx_empty=1 rd_en=0 rd_data=xx
# [3249500000] DBG rx_done=0 count=0 wr_ptr=3 rd_ptr=3 rx_empty=1 rd_en=0 rd_data=xx
# [3250500000] DBG rx_done=0 count=0 wr_ptr=3 rd_ptr=3 rx_empty=1 rd_en=0 rd_data=xx
# [3251500000] DBG rx_done=0 count=0 wr_ptr=3 rd_ptr=3 rx_empty=1 rd_en=0 rd_data=xx
# [3252500000] DBG rx_done=0 count=0 wr_ptr=3 rd_ptr=3 rx_empty=1 rd_en=0 rd_data=xx
# [3253500000] DBG rx_done=0 count=0 wr_ptr=3 rd_ptr=3 rx_empty=1 rd_en=0 rd_data=xx
# [3254500000] DBG rx_done=0 count=0 wr_ptr=3 rd_ptr=3 rx_empty=1 rd_en=0 rd_data=xx
# [3255500000] DBG rx_done=0 count=0 wr_ptr=3 rd_ptr=3 rx_empty=1 rd_en=0 rd_data=xx
# [3256500000] DBG rx_done=0 count=0 wr_ptr=3 rd_ptr=3 rx_empty=1 rd_en=0 rd_data=xx
# [3257500000] DBG rx_done=0 count=0 wr_ptr=3 rd_ptr=3 rx_empty=1 rd_en=0 rd_data=xx
# [3258500000] DBG rx_done=0 count=0 wr_ptr=3 rd_ptr=3 rx_empty=1 rd_en=0 rd_data=xx
# [3259500000] DBG rx_done=0 count=0 wr_ptr=3 rd_ptr=3 rx_empty=1 rd_en=0 rd_data=xx
# [3260500000] DBG rx_done=0 count=0 wr_ptr=3 rd_ptr=3 rx_empty=1 rd_en=0 rd_data=xx
# [3261500000] DBG rx_done=0 count=0 wr_ptr=3 rd_ptr=3 rx_empty=1 rd_en=0 rd_data=xx
# [3262500000] DBG rx_done=0 count=0 wr_ptr=3 rd_ptr=3 rx_empty=1 rd_en=0 rd_data=xx
# [3263500000] DBG rx_done=0 count=0 wr_ptr=3 rd_ptr=3 rx_empty=1 rd_en=0 rd_data=xx
# [3264500000] DBG rx_done=0 count=0 wr_ptr=3 rd_ptr=3 rx_empty=1 rd_en=0 rd_data=xx
# [3265500000] DBG rx_done=0 count=0 wr_ptr=3 rd_ptr=3 rx_empty=1 rd_en=0 rd_data=xx
# [3266500000] DBG rx_done=0 count=0 wr_ptr=3 rd_ptr=3 rx_empty=1 rd_en=0 rd_data=xx
# [3267500000] DBG rx_done=0 count=0 wr_ptr=3 rd_ptr=3 rx_empty=1 rd_en=0 rd_data=xx
# [3268500000] DBG rx_done=0 count=0 wr_ptr=3 rd_ptr=3 rx_empty=1 rd_en=0 rd_data=xx
# [3269500000] DBG rx_done=0 count=0 wr_ptr=3 rd_ptr=3 rx_empty=1 rd_en=0 rd_data=xx
# [3270500000] DBG rx_done=0 count=0 wr_ptr=3 rd_ptr=3 rx_empty=1 rd_en=0 rd_data=xx
# [3271500000] DBG rx_done=0 count=0 wr_ptr=3 rd_ptr=3 rx_empty=1 rd_en=0 rd_data=xx
# [3272500000] DBG rx_done=0 count=0 wr_ptr=3 rd_ptr=3 rx_empty=1 rd_en=0 rd_data=xx
# [3273500000] DBG rx_done=0 count=0 wr_ptr=3 rd_ptr=3 rx_empty=1 rd_en=0 rd_data=xx
# [3274500000] DBG rx_done=0 count=0 wr_ptr=3 rd_ptr=3 rx_empty=1 rd_en=0 rd_data=xx
# [3275500000] DBG rx_done=0 count=0 wr_ptr=3 rd_ptr=3 rx_empty=1 rd_en=0 rd_data=xx
# [3276500000] DBG rx_done=0 count=0 wr_ptr=3 rd_ptr=3 rx_empty=1 rd_en=0 rd_data=xx
# [3277500000] DBG rx_done=0 count=0 wr_ptr=3 rd_ptr=3 rx_empty=1 rd_en=0 rd_data=xx
# [3278500000] DBG rx_done=0 count=0 wr_ptr=3 rd_ptr=3 rx_empty=1 rd_en=0 rd_data=xx
# [3279500000] DBG rx_done=0 count=0 wr_ptr=3 rd_ptr=3 rx_empty=1 rd_en=0 rd_data=xx
# [3280500000] DBG rx_done=0 count=0 wr_ptr=3 rd_ptr=3 rx_empty=1 rd_en=0 rd_data=xx
# [3281500000] DBG rx_done=0 count=0 wr_ptr=3 rd_ptr=3 rx_empty=1 rd_en=0 rd_data=xx
# [3282500000] DBG rx_done=0 count=0 wr_ptr=3 rd_ptr=3 rx_empty=1 rd_en=0 rd_data=xx
# [3283500000] DBG rx_done=0 count=0 wr_ptr=3 rd_ptr=3 rx_empty=1 rd_en=0 rd_data=xx
# [3284500000] DBG rx_done=0 count=0 wr_ptr=3 rd_ptr=3 rx_empty=1 rd_en=0 rd_data=xx
# [3285500000] DBG rx_done=0 count=0 wr_ptr=3 rd_ptr=3 rx_empty=1 rd_en=0 rd_data=xx
# [3286500000] DBG rx_done=0 count=0 wr_ptr=3 rd_ptr=3 rx_empty=1 rd_en=0 rd_data=xx
# [3287500000] DBG rx_done=0 count=0 wr_ptr=3 rd_ptr=3 rx_empty=1 rd_en=0 rd_data=xx
# [3288500000] DBG rx_done=0 count=0 wr_ptr=3 rd_ptr=3 rx_empty=1 rd_en=0 rd_data=xx
# [3289500000] DBG rx_done=0 count=0 wr_ptr=3 rd_ptr=3 rx_empty=1 rd_en=0 rd_data=xx
# [3290500000] DBG rx_done=0 count=0 wr_ptr=3 rd_ptr=3 rx_empty=1 rd_en=0 rd_data=xx
# [3291500000] DBG rx_done=0 count=0 wr_ptr=3 rd_ptr=3 rx_empty=1 rd_en=0 rd_data=xx
# [3292500000] DBG rx_done=0 count=0 wr_ptr=3 rd_ptr=3 rx_empty=1 rd_en=0 rd_data=xx
# [3293500000] DBG rx_done=0 count=0 wr_ptr=3 rd_ptr=3 rx_empty=1 rd_en=0 rd_data=xx
# [3294500000] DBG rx_done=0 count=0 wr_ptr=3 rd_ptr=3 rx_empty=1 rd_en=0 rd_data=xx
# [3295500000] DBG rx_done=0 count=0 wr_ptr=3 rd_ptr=3 rx_empty=1 rd_en=0 rd_data=xx
# [3296500000] DBG rx_done=0 count=0 wr_ptr=3 rd_ptr=3 rx_empty=1 rd_en=0 rd_data=xx
# [3297500000] DBG rx_done=0 count=0 wr_ptr=3 rd_ptr=3 rx_empty=1 rd_en=0 rd_data=xx
# [3298500000] DBG rx_done=0 count=0 wr_ptr=3 rd_ptr=3 rx_empty=1 rd_en=0 rd_data=xx
# [3299500000] DBG rx_done=0 count=0 wr_ptr=3 rd_ptr=3 rx_empty=1 rd_en=0 rd_data=xx
# [3300500000] DBG rx_done=0 count=0 wr_ptr=3 rd_ptr=3 rx_empty=1 rd_en=0 rd_data=xx
# [3301500000] DBG rx_done=0 count=0 wr_ptr=3 rd_ptr=3 rx_empty=1 rd_en=0 rd_data=xx
# [3302500000] DBG rx_done=0 count=0 wr_ptr=3 rd_ptr=3 rx_empty=1 rd_en=0 rd_data=xx
# [3303500000] DBG rx_done=0 count=0 wr_ptr=3 rd_ptr=3 rx_empty=1 rd_en=0 rd_data=xx
# [3304500000] DBG rx_done=0 count=0 wr_ptr=3 rd_ptr=3 rx_empty=1 rd_en=0 rd_data=xx
# [3305500000] DBG rx_done=0 count=0 wr_ptr=3 rd_ptr=3 rx_empty=1 rd_en=0 rd_data=xx
# [3306500000] DBG rx_done=0 count=0 wr_ptr=3 rd_ptr=3 rx_empty=1 rd_en=0 rd_data=xx
# [3307500000] DBG rx_done=0 count=0 wr_ptr=3 rd_ptr=3 rx_empty=1 rd_en=0 rd_data=xx
# [3308500000] DBG rx_done=0 count=0 wr_ptr=3 rd_ptr=3 rx_empty=1 rd_en=0 rd_data=xx
# [3309500000] DBG rx_done=0 count=0 wr_ptr=3 rd_ptr=3 rx_empty=1 rd_en=0 rd_data=xx
# [3310500000] DBG rx_done=0 count=0 wr_ptr=3 rd_ptr=3 rx_empty=1 rd_en=0 rd_data=xx
# [3311500000] DBG rx_done=0 count=0 wr_ptr=3 rd_ptr=3 rx_empty=1 rd_en=0 rd_data=xx
# [3312500000] DBG rx_done=0 count=0 wr_ptr=3 rd_ptr=3 rx_empty=1 rd_en=0 rd_data=xx
# [3313500000] DBG rx_done=0 count=0 wr_ptr=3 rd_ptr=3 rx_empty=1 rd_en=0 rd_data=xx
# [3314500000] DBG rx_done=0 count=0 wr_ptr=3 rd_ptr=3 rx_empty=1 rd_en=0 rd_data=xx
# [3315500000] DBG rx_done=0 count=0 wr_ptr=3 rd_ptr=3 rx_empty=1 rd_en=0 rd_data=xx
# [3316500000] DBG rx_done=0 count=0 wr_ptr=3 rd_ptr=3 rx_empty=1 rd_en=0 rd_data=xx
# [3317500000] DBG rx_done=0 count=0 wr_ptr=3 rd_ptr=3 rx_empty=1 rd_en=0 rd_data=xx
# [3318500000] DBG rx_done=0 count=0 wr_ptr=3 rd_ptr=3 rx_empty=1 rd_en=0 rd_data=xx
# [3319500000] DBG rx_done=0 count=0 wr_ptr=3 rd_ptr=3 rx_empty=1 rd_en=0 rd_data=xx
# [3320500000] DBG rx_done=0 count=0 wr_ptr=3 rd_ptr=3 rx_empty=1 rd_en=0 rd_data=xx
# [3321500000] DBG rx_done=0 count=0 wr_ptr=3 rd_ptr=3 rx_empty=1 rd_en=0 rd_data=xx
# [3322500000] DBG rx_done=0 count=0 wr_ptr=3 rd_ptr=3 rx_empty=1 rd_en=0 rd_data=xx
# [3323500000] DBG rx_done=0 count=0 wr_ptr=3 rd_ptr=3 rx_empty=1 rd_en=0 rd_data=xx
# [3324500000] DBG rx_done=0 count=0 wr_ptr=3 rd_ptr=3 rx_empty=1 rd_en=0 rd_data=xx
# [3325500000] DBG rx_done=0 count=0 wr_ptr=3 rd_ptr=3 rx_empty=1 rd_en=0 rd_data=xx
# [3326500000] DBG rx_done=0 count=0 wr_ptr=3 rd_ptr=3 rx_empty=1 rd_en=0 rd_data=xx
# [3327500000] DBG rx_done=0 count=0 wr_ptr=3 rd_ptr=3 rx_empty=1 rd_en=0 rd_data=xx
# [3328500000] DBG rx_done=0 count=0 wr_ptr=3 rd_ptr=3 rx_empty=1 rd_en=0 rd_data=xx
# [3329500000] DBG rx_done=0 count=0 wr_ptr=3 rd_ptr=3 rx_empty=1 rd_en=0 rd_data=xx
# [3330500000] DBG rx_done=0 count=0 wr_ptr=3 rd_ptr=3 rx_empty=1 rd_en=0 rd_data=xx
# [3331500000] DBG rx_done=0 count=0 wr_ptr=3 rd_ptr=3 rx_empty=1 rd_en=0 rd_data=xx
# [3332500000] DBG rx_done=0 count=0 wr_ptr=3 rd_ptr=3 rx_empty=1 rd_en=0 rd_data=xx
# [3333500000] DBG rx_done=0 count=0 wr_ptr=3 rd_ptr=3 rx_empty=1 rd_en=0 rd_data=xx
# [3334500000] DBG rx_done=0 count=0 wr_ptr=3 rd_ptr=3 rx_empty=1 rd_en=0 rd_data=xx
# [3335500000] DBG rx_done=0 count=0 wr_ptr=3 rd_ptr=3 rx_empty=1 rd_en=0 rd_data=xx
# [3336500000] DBG rx_done=0 count=0 wr_ptr=3 rd_ptr=3 rx_empty=1 rd_en=0 rd_data=xx
# [3337500000] DBG rx_done=0 count=0 wr_ptr=3 rd_ptr=3 rx_empty=1 rd_en=0 rd_data=xx
# [3338500000] DBG rx_done=0 count=0 wr_ptr=3 rd_ptr=3 rx_empty=1 rd_en=0 rd_data=xx
# [3339500000] DBG rx_done=0 count=0 wr_ptr=3 rd_ptr=3 rx_empty=1 rd_en=0 rd_data=xx
# [3340500000] DBG rx_done=0 count=0 wr_ptr=3 rd_ptr=3 rx_empty=1 rd_en=0 rd_data=xx
# [3341500000] DBG rx_done=0 count=0 wr_ptr=3 rd_ptr=3 rx_empty=1 rd_en=0 rd_data=xx
# [3342500000] DBG rx_done=0 count=0 wr_ptr=3 rd_ptr=3 rx_empty=1 rd_en=0 rd_data=xx
# [3343500000] DBG rx_done=0 count=0 wr_ptr=3 rd_ptr=3 rx_empty=1 rd_en=0 rd_data=xx
# [3344500000] DBG rx_done=0 count=0 wr_ptr=3 rd_ptr=3 rx_empty=1 rd_en=0 rd_data=xx
# [3345500000] DBG rx_done=0 count=0 wr_ptr=3 rd_ptr=3 rx_empty=1 rd_en=0 rd_data=xx
# [3346500000] DBG rx_done=0 count=0 wr_ptr=3 rd_ptr=3 rx_empty=1 rd_en=0 rd_data=xx
# [3347500000] DBG rx_done=0 count=0 wr_ptr=3 rd_ptr=3 rx_empty=1 rd_en=0 rd_data=xx
# [3348500000] DBG rx_done=0 count=0 wr_ptr=3 rd_ptr=3 rx_empty=1 rd_en=0 rd_data=xx
# [3349500000] DBG rx_done=0 count=0 wr_ptr=3 rd_ptr=3 rx_empty=1 rd_en=0 rd_data=xx
# [3350500000] DBG rx_done=0 count=0 wr_ptr=3 rd_ptr=3 rx_empty=1 rd_en=0 rd_data=xx
# [3351500000] DBG rx_done=0 count=0 wr_ptr=3 rd_ptr=3 rx_empty=1 rd_en=0 rd_data=xx
# [3352500000] DBG rx_done=0 count=0 wr_ptr=3 rd_ptr=3 rx_empty=1 rd_en=0 rd_data=xx
# [3353500000] DBG rx_done=0 count=0 wr_ptr=3 rd_ptr=3 rx_empty=1 rd_en=0 rd_data=xx
# [3354500000] DBG rx_done=0 count=0 wr_ptr=3 rd_ptr=3 rx_empty=1 rd_en=0 rd_data=xx
# [3355500000] DBG rx_done=0 count=0 wr_ptr=3 rd_ptr=3 rx_empty=1 rd_en=0 rd_data=xx
# [3356500000] DBG rx_done=0 count=0 wr_ptr=3 rd_ptr=3 rx_empty=1 rd_en=0 rd_data=xx
# [3357500000] DBG rx_done=0 count=0 wr_ptr=3 rd_ptr=3 rx_empty=1 rd_en=0 rd_data=xx
# [3358500000] DBG rx_done=0 count=0 wr_ptr=3 rd_ptr=3 rx_empty=1 rd_en=0 rd_data=xx
# [3359500000] DBG rx_done=0 count=0 wr_ptr=3 rd_ptr=3 rx_empty=1 rd_en=0 rd_data=xx
# [3360500000] DBG rx_done=0 count=0 wr_ptr=3 rd_ptr=3 rx_empty=1 rd_en=0 rd_data=xx
# [3361500000] DBG rx_done=0 count=0 wr_ptr=3 rd_ptr=3 rx_empty=1 rd_en=0 rd_data=xx
# [3362500000] DBG rx_done=0 count=0 wr_ptr=3 rd_ptr=3 rx_empty=1 rd_en=0 rd_data=xx
# [3363500000] DBG rx_done=0 count=0 wr_ptr=3 rd_ptr=3 rx_empty=1 rd_en=0 rd_data=xx
# [3364500000] DBG rx_done=0 count=0 wr_ptr=3 rd_ptr=3 rx_empty=1 rd_en=0 rd_data=xx
# [3365500000] DBG rx_done=0 count=0 wr_ptr=3 rd_ptr=3 rx_empty=1 rd_en=0 rd_data=xx
# [3366500000] DBG rx_done=0 count=0 wr_ptr=3 rd_ptr=3 rx_empty=1 rd_en=0 rd_data=xx
# [3367500000] DBG rx_done=0 count=0 wr_ptr=3 rd_ptr=3 rx_empty=1 rd_en=0 rd_data=xx
# [3368500000] DBG rx_done=0 count=0 wr_ptr=3 rd_ptr=3 rx_empty=1 rd_en=0 rd_data=xx
# [3369500000] DBG rx_done=0 count=0 wr_ptr=3 rd_ptr=3 rx_empty=1 rd_en=0 rd_data=xx
# [3370500000] DBG rx_done=0 count=0 wr_ptr=3 rd_ptr=3 rx_empty=1 rd_en=0 rd_data=xx
# [3371500000] DBG rx_done=0 count=0 wr_ptr=3 rd_ptr=3 rx_empty=1 rd_en=0 rd_data=xx
# [3372500000] DBG rx_done=0 count=0 wr_ptr=3 rd_ptr=3 rx_empty=1 rd_en=0 rd_data=xx
# [3373500000] DBG rx_done=0 count=0 wr_ptr=3 rd_ptr=3 rx_empty=1 rd_en=0 rd_data=xx
# [3374500000] DBG rx_done=0 count=0 wr_ptr=3 rd_ptr=3 rx_empty=1 rd_en=0 rd_data=xx
# [3375500000] DBG rx_done=0 count=0 wr_ptr=3 rd_ptr=3 rx_empty=1 rd_en=0 rd_data=xx
# [3376500000] DBG rx_done=0 count=0 wr_ptr=3 rd_ptr=3 rx_empty=1 rd_en=0 rd_data=xx
# [3377500000] DBG rx_done=0 count=0 wr_ptr=3 rd_ptr=3 rx_empty=1 rd_en=0 rd_data=xx
# [3378500000] DBG rx_done=0 count=0 wr_ptr=3 rd_ptr=3 rx_empty=1 rd_en=0 rd_data=xx
# [3379500000] DBG rx_done=0 count=0 wr_ptr=3 rd_ptr=3 rx_empty=1 rd_en=0 rd_data=xx
# [3380500000] DBG rx_done=0 count=0 wr_ptr=3 rd_ptr=3 rx_empty=1 rd_en=0 rd_data=xx
# [3381500000] DBG rx_done=0 count=0 wr_ptr=3 rd_ptr=3 rx_empty=1 rd_en=0 rd_data=xx
# [3382500000] DBG rx_done=0 count=0 wr_ptr=3 rd_ptr=3 rx_empty=1 rd_en=0 rd_data=xx
# [3383500000] DBG rx_done=0 count=0 wr_ptr=3 rd_ptr=3 rx_empty=1 rd_en=0 rd_data=xx
# [3384500000] DBG rx_done=0 count=0 wr_ptr=3 rd_ptr=3 rx_empty=1 rd_en=0 rd_data=xx
# [3385500000] DBG rx_done=0 count=0 wr_ptr=3 rd_ptr=3 rx_empty=1 rd_en=0 rd_data=xx
# [3386500000] DBG rx_done=0 count=0 wr_ptr=3 rd_ptr=3 rx_empty=1 rd_en=0 rd_data=xx
# [3387500000] DBG rx_done=0 count=0 wr_ptr=3 rd_ptr=3 rx_empty=1 rd_en=0 rd_data=xx
# [3388500000] DBG rx_done=0 count=0 wr_ptr=3 rd_ptr=3 rx_empty=1 rd_en=0 rd_data=xx
# [3389500000] DBG rx_done=0 count=0 wr_ptr=3 rd_ptr=3 rx_empty=1 rd_en=0 rd_data=xx
# [3390500000] DBG rx_done=0 count=0 wr_ptr=3 rd_ptr=3 rx_empty=1 rd_en=0 rd_data=xx
# [3391500000] DBG rx_done=0 count=0 wr_ptr=3 rd_ptr=3 rx_empty=1 rd_en=0 rd_data=xx
# [3392500000] DBG rx_done=0 count=0 wr_ptr=3 rd_ptr=3 rx_empty=1 rd_en=0 rd_data=xx
# [3393500000] DBG rx_done=0 count=0 wr_ptr=3 rd_ptr=3 rx_empty=1 rd_en=0 rd_data=xx
# [3394500000] DBG rx_done=0 count=0 wr_ptr=3 rd_ptr=3 rx_empty=1 rd_en=0 rd_data=xx
# [3395500000] DBG rx_done=0 count=0 wr_ptr=3 rd_ptr=3 rx_empty=1 rd_en=0 rd_data=xx
# [3396500000] DBG rx_done=0 count=0 wr_ptr=3 rd_ptr=3 rx_empty=1 rd_en=0 rd_data=xx
# [3397500000] DBG rx_done=0 count=0 wr_ptr=3 rd_ptr=3 rx_empty=1 rd_en=0 rd_data=xx
# [3398500000] DBG rx_done=0 count=0 wr_ptr=3 rd_ptr=3 rx_empty=1 rd_en=0 rd_data=xx
# [3399500000] DBG rx_done=0 count=0 wr_ptr=3 rd_ptr=3 rx_empty=1 rd_en=0 rd_data=xx
# [3400500000] DBG rx_done=0 count=0 wr_ptr=3 rd_ptr=3 rx_empty=1 rd_en=0 rd_data=xx
# [3401500000] DBG rx_done=0 count=0 wr_ptr=3 rd_ptr=3 rx_empty=1 rd_en=0 rd_data=xx
# [3402500000] DBG rx_done=0 count=0 wr_ptr=3 rd_ptr=3 rx_empty=1 rd_en=0 rd_data=xx
# [3403500000] DBG rx_done=0 count=0 wr_ptr=3 rd_ptr=3 rx_empty=1 rd_en=0 rd_data=xx
# [3404500000] DBG rx_done=0 count=0 wr_ptr=3 rd_ptr=3 rx_empty=1 rd_en=0 rd_data=xx
# [3405500000] DBG rx_done=0 count=0 wr_ptr=3 rd_ptr=3 rx_empty=1 rd_en=0 rd_data=xx
# [3406500000] DBG rx_done=0 count=0 wr_ptr=3 rd_ptr=3 rx_empty=1 rd_en=0 rd_data=xx
# [3407500000] DBG rx_done=0 count=0 wr_ptr=3 rd_ptr=3 rx_empty=1 rd_en=0 rd_data=xx
# [3408500000] DBG rx_done=0 count=0 wr_ptr=3 rd_ptr=3 rx_empty=1 rd_en=0 rd_data=xx
# [3409500000] DBG rx_done=0 count=0 wr_ptr=3 rd_ptr=3 rx_empty=1 rd_en=0 rd_data=xx
# [3410500000] DBG rx_done=0 count=0 wr_ptr=3 rd_ptr=3 rx_empty=1 rd_en=0 rd_data=xx
# [3411500000] DBG rx_done=0 count=0 wr_ptr=3 rd_ptr=3 rx_empty=1 rd_en=0 rd_data=xx
# [3412500000] DBG rx_done=0 count=0 wr_ptr=3 rd_ptr=3 rx_empty=1 rd_en=0 rd_data=xx
# [3413500000] DBG rx_done=0 count=0 wr_ptr=3 rd_ptr=3 rx_empty=1 rd_en=0 rd_data=xx
# [3414500000] DBG rx_done=0 count=0 wr_ptr=3 rd_ptr=3 rx_empty=1 rd_en=0 rd_data=xx
# [3415500000] DBG rx_done=0 count=0 wr_ptr=3 rd_ptr=3 rx_empty=1 rd_en=0 rd_data=xx
# [3416500000] DBG rx_done=0 count=0 wr_ptr=3 rd_ptr=3 rx_empty=1 rd_en=0 rd_data=xx
# [3417500000] DBG rx_done=0 count=0 wr_ptr=3 rd_ptr=3 rx_empty=1 rd_en=0 rd_data=xx
# [3418500000] DBG rx_done=0 count=0 wr_ptr=3 rd_ptr=3 rx_empty=1 rd_en=0 rd_data=xx
# [3419500000] DBG rx_done=0 count=0 wr_ptr=3 rd_ptr=3 rx_empty=1 rd_en=0 rd_data=xx
# [3420500000] DBG rx_done=0 count=0 wr_ptr=3 rd_ptr=3 rx_empty=1 rd_en=0 rd_data=xx
# [3421500000] DBG rx_done=0 count=0 wr_ptr=3 rd_ptr=3 rx_empty=1 rd_en=0 rd_data=xx
# [3422500000] DBG rx_done=0 count=0 wr_ptr=3 rd_ptr=3 rx_empty=1 rd_en=0 rd_data=xx
# [3423500000] DBG rx_done=0 count=0 wr_ptr=3 rd_ptr=3 rx_empty=1 rd_en=0 rd_data=xx
# [3424500000] DBG rx_done=0 count=0 wr_ptr=3 rd_ptr=3 rx_empty=1 rd_en=0 rd_data=xx
# [3425500000] DBG rx_done=0 count=0 wr_ptr=3 rd_ptr=3 rx_empty=1 rd_en=0 rd_data=xx
# [3426500000] DBG rx_done=0 count=0 wr_ptr=3 rd_ptr=3 rx_empty=1 rd_en=0 rd_data=xx
# [3427500000] DBG rx_done=0 count=0 wr_ptr=3 rd_ptr=3 rx_empty=1 rd_en=0 rd_data=xx
# [3428500000] DBG rx_done=0 count=0 wr_ptr=3 rd_ptr=3 rx_empty=1 rd_en=0 rd_data=xx
# [3429500000] DBG rx_done=0 count=0 wr_ptr=3 rd_ptr=3 rx_empty=1 rd_en=0 rd_data=xx
# [3430500000] DBG rx_done=0 count=0 wr_ptr=3 rd_ptr=3 rx_empty=1 rd_en=0 rd_data=xx
# [3431500000] DBG rx_done=0 count=0 wr_ptr=3 rd_ptr=3 rx_empty=1 rd_en=0 rd_data=xx
# [3432500000] DBG rx_done=0 count=0 wr_ptr=3 rd_ptr=3 rx_empty=1 rd_en=0 rd_data=xx
# [3433500000] DBG rx_done=0 count=0 wr_ptr=3 rd_ptr=3 rx_empty=1 rd_en=0 rd_data=xx
# [3434500000] DBG rx_done=0 count=0 wr_ptr=3 rd_ptr=3 rx_empty=1 rd_en=0 rd_data=xx
# [3435500000] DBG rx_done=0 count=0 wr_ptr=3 rd_ptr=3 rx_empty=1 rd_en=0 rd_data=xx
# [3436500000] DBG rx_done=0 count=0 wr_ptr=3 rd_ptr=3 rx_empty=1 rd_en=0 rd_data=xx
# [3437500000] DBG rx_done=0 count=0 wr_ptr=3 rd_ptr=3 rx_empty=1 rd_en=0 rd_data=xx
# [3438500000] DBG rx_done=0 count=0 wr_ptr=3 rd_ptr=3 rx_empty=1 rd_en=0 rd_data=xx
# [3439500000] DBG rx_done=0 count=0 wr_ptr=3 rd_ptr=3 rx_empty=1 rd_en=0 rd_data=xx
# [3440500000] DBG rx_done=0 count=0 wr_ptr=3 rd_ptr=3 rx_empty=1 rd_en=0 rd_data=xx
# [3441500000] DBG rx_done=0 count=0 wr_ptr=3 rd_ptr=3 rx_empty=1 rd_en=0 rd_data=xx
# [3442500000] DBG rx_done=0 count=0 wr_ptr=3 rd_ptr=3 rx_empty=1 rd_en=0 rd_data=xx
# [3443500000] DBG rx_done=0 count=0 wr_ptr=3 rd_ptr=3 rx_empty=1 rd_en=0 rd_data=xx
# [3444500000] DBG rx_done=0 count=0 wr_ptr=3 rd_ptr=3 rx_empty=1 rd_en=0 rd_data=xx
# [3445500000] DBG rx_done=0 count=0 wr_ptr=3 rd_ptr=3 rx_empty=1 rd_en=0 rd_data=xx
# [3446500000] DBG rx_done=0 count=0 wr_ptr=3 rd_ptr=3 rx_empty=1 rd_en=0 rd_data=xx
# [3447500000] DBG rx_done=0 count=0 wr_ptr=3 rd_ptr=3 rx_empty=1 rd_en=0 rd_data=xx
# [3448500000] DBG rx_done=0 count=0 wr_ptr=3 rd_ptr=3 rx_empty=1 rd_en=0 rd_data=xx
# [3449500000] DBG rx_done=0 count=0 wr_ptr=3 rd_ptr=3 rx_empty=1 rd_en=0 rd_data=xx
# [3450500000] DBG rx_done=0 count=0 wr_ptr=3 rd_ptr=3 rx_empty=1 rd_en=0 rd_data=xx
# [3451500000] DBG rx_done=0 count=0 wr_ptr=3 rd_ptr=3 rx_empty=1 rd_en=0 rd_data=xx
# [3452500000] DBG rx_done=0 count=0 wr_ptr=3 rd_ptr=3 rx_empty=1 rd_en=0 rd_data=xx
# [3453500000] DBG rx_done=0 count=0 wr_ptr=3 rd_ptr=3 rx_empty=1 rd_en=0 rd_data=xx
# [3454500000] DBG rx_done=0 count=0 wr_ptr=3 rd_ptr=3 rx_empty=1 rd_en=0 rd_data=xx
# [3455500000] DBG rx_done=0 count=0 wr_ptr=3 rd_ptr=3 rx_empty=1 rd_en=0 rd_data=xx
# [3456500000] DBG rx_done=0 count=0 wr_ptr=3 rd_ptr=3 rx_empty=1 rd_en=0 rd_data=xx
# [3457500000] DBG rx_done=0 count=0 wr_ptr=3 rd_ptr=3 rx_empty=1 rd_en=0 rd_data=xx
# [3458500000] DBG rx_done=0 count=0 wr_ptr=3 rd_ptr=3 rx_empty=1 rd_en=0 rd_data=xx
# [3459500000] DBG rx_done=0 count=0 wr_ptr=3 rd_ptr=3 rx_empty=1 rd_en=0 rd_data=xx
# [3460500000] DBG rx_done=0 count=0 wr_ptr=3 rd_ptr=3 rx_empty=1 rd_en=0 rd_data=xx
# [3461500000] DBG rx_done=0 count=0 wr_ptr=3 rd_ptr=3 rx_empty=1 rd_en=0 rd_data=xx
# [3462500000] DBG rx_done=0 count=0 wr_ptr=3 rd_ptr=3 rx_empty=1 rd_en=0 rd_data=xx
# [3463500000] DBG rx_done=0 count=0 wr_ptr=3 rd_ptr=3 rx_empty=1 rd_en=0 rd_data=xx
# [3464500000] DBG rx_done=0 count=0 wr_ptr=3 rd_ptr=3 rx_empty=1 rd_en=0 rd_data=xx
# [3465500000] DBG rx_done=0 count=0 wr_ptr=3 rd_ptr=3 rx_empty=1 rd_en=0 rd_data=xx
# [3466500000] DBG rx_done=0 count=0 wr_ptr=3 rd_ptr=3 rx_empty=1 rd_en=0 rd_data=xx
# [3467500000] DBG rx_done=0 count=0 wr_ptr=3 rd_ptr=3 rx_empty=1 rd_en=0 rd_data=xx
# [3468500000] DBG rx_done=0 count=0 wr_ptr=3 rd_ptr=3 rx_empty=1 rd_en=0 rd_data=xx
# [3469500000] DBG rx_done=0 count=0 wr_ptr=3 rd_ptr=3 rx_empty=1 rd_en=0 rd_data=xx
# [3470500000] DBG rx_done=0 count=0 wr_ptr=3 rd_ptr=3 rx_empty=1 rd_en=0 rd_data=xx
# [3471500000] DBG rx_done=0 count=0 wr_ptr=3 rd_ptr=3 rx_empty=1 rd_en=0 rd_data=xx
# [3472500000] DBG rx_done=0 count=0 wr_ptr=3 rd_ptr=3 rx_empty=1 rd_en=0 rd_data=xx
# [3473500000] DBG rx_done=0 count=0 wr_ptr=3 rd_ptr=3 rx_empty=1 rd_en=0 rd_data=xx
# [3474500000] DBG rx_done=0 count=0 wr_ptr=3 rd_ptr=3 rx_empty=1 rd_en=0 rd_data=xx
# [3475500000] DBG rx_done=0 count=0 wr_ptr=3 rd_ptr=3 rx_empty=1 rd_en=0 rd_data=xx
# [3476500000] DBG rx_done=0 count=0 wr_ptr=3 rd_ptr=3 rx_empty=1 rd_en=0 rd_data=xx
# [3477500000] DBG rx_done=0 count=0 wr_ptr=3 rd_ptr=3 rx_empty=1 rd_en=0 rd_data=xx
# [3478500000] DBG rx_done=0 count=0 wr_ptr=3 rd_ptr=3 rx_empty=1 rd_en=0 rd_data=xx
# [3479500000] DBG rx_done=0 count=0 wr_ptr=3 rd_ptr=3 rx_empty=1 rd_en=0 rd_data=xx
# [3480500000] DBG rx_done=0 count=0 wr_ptr=3 rd_ptr=3 rx_empty=1 rd_en=0 rd_data=xx
# [3481500000] DBG rx_done=0 count=0 wr_ptr=3 rd_ptr=3 rx_empty=1 rd_en=0 rd_data=xx
# [3482500000] DBG rx_done=0 count=0 wr_ptr=3 rd_ptr=3 rx_empty=1 rd_en=0 rd_data=xx
# [3483500000] DBG rx_done=0 count=0 wr_ptr=3 rd_ptr=3 rx_empty=1 rd_en=0 rd_data=xx
# [3484500000] DBG rx_done=0 count=0 wr_ptr=3 rd_ptr=3 rx_empty=1 rd_en=0 rd_data=xx
# [3485500000] DBG rx_done=0 count=0 wr_ptr=3 rd_ptr=3 rx_empty=1 rd_en=0 rd_data=xx
# [3486500000] DBG rx_done=0 count=0 wr_ptr=3 rd_ptr=3 rx_empty=1 rd_en=0 rd_data=xx
# [3487500000] DBG rx_done=0 count=0 wr_ptr=3 rd_ptr=3 rx_empty=1 rd_en=0 rd_data=xx
# [3488500000] DBG rx_done=0 count=0 wr_ptr=3 rd_ptr=3 rx_empty=1 rd_en=0 rd_data=xx
# [3489500000] DBG rx_done=0 count=0 wr_ptr=3 rd_ptr=3 rx_empty=1 rd_en=0 rd_data=xx
# [3490500000] DBG rx_done=0 count=0 wr_ptr=3 rd_ptr=3 rx_empty=1 rd_en=0 rd_data=xx
# [3491500000] DBG rx_done=0 count=0 wr_ptr=3 rd_ptr=3 rx_empty=1 rd_en=0 rd_data=xx
# [3492500000] DBG rx_done=0 count=0 wr_ptr=3 rd_ptr=3 rx_empty=1 rd_en=0 rd_data=xx
# [3493500000] DBG rx_done=0 count=0 wr_ptr=3 rd_ptr=3 rx_empty=1 rd_en=0 rd_data=xx
# [3494500000] DBG rx_done=0 count=0 wr_ptr=3 rd_ptr=3 rx_empty=1 rd_en=0 rd_data=xx
# [3495500000] DBG rx_done=0 count=0 wr_ptr=3 rd_ptr=3 rx_empty=1 rd_en=0 rd_data=xx
# [3496500000] DBG rx_done=0 count=0 wr_ptr=3 rd_ptr=3 rx_empty=1 rd_en=0 rd_data=xx
# [3497500000] DBG rx_done=0 count=0 wr_ptr=3 rd_ptr=3 rx_empty=1 rd_en=0 rd_data=xx
# [3498500000] DBG rx_done=0 count=0 wr_ptr=3 rd_ptr=3 rx_empty=1 rd_en=0 rd_data=xx
# [3499500000] DBG rx_done=0 count=0 wr_ptr=3 rd_ptr=3 rx_empty=1 rd_en=0 rd_data=xx
# [3500500000] DBG rx_done=0 count=0 wr_ptr=3 rd_ptr=3 rx_empty=1 rd_en=0 rd_data=xx
# [3501500000] DBG rx_done=0 count=0 wr_ptr=3 rd_ptr=3 rx_empty=1 rd_en=0 rd_data=xx
# [3502500000] DBG rx_done=0 count=0 wr_ptr=3 rd_ptr=3 rx_empty=1 rd_en=0 rd_data=xx
# [3503500000] DBG rx_done=0 count=0 wr_ptr=3 rd_ptr=3 rx_empty=1 rd_en=0 rd_data=xx
# [3504500000] DBG rx_done=0 count=0 wr_ptr=3 rd_ptr=3 rx_empty=1 rd_en=0 rd_data=xx
# [3505500000] DBG rx_done=0 count=0 wr_ptr=3 rd_ptr=3 rx_empty=1 rd_en=0 rd_data=xx
# [3506500000] DBG rx_done=0 count=0 wr_ptr=3 rd_ptr=3 rx_empty=1 rd_en=0 rd_data=xx
# [3507500000] DBG rx_done=0 count=0 wr_ptr=3 rd_ptr=3 rx_empty=1 rd_en=0 rd_data=xx
# [3508500000] DBG rx_done=0 count=0 wr_ptr=3 rd_ptr=3 rx_empty=1 rd_en=0 rd_data=xx
# [3509500000] DBG rx_done=0 count=0 wr_ptr=3 rd_ptr=3 rx_empty=1 rd_en=0 rd_data=xx
# [3510500000] DBG rx_done=0 count=0 wr_ptr=3 rd_ptr=3 rx_empty=1 rd_en=0 rd_data=xx
# [3511500000] DBG rx_done=0 count=0 wr_ptr=3 rd_ptr=3 rx_empty=1 rd_en=0 rd_data=xx
# [3512500000] DBG rx_done=0 count=0 wr_ptr=3 rd_ptr=3 rx_empty=1 rd_en=0 rd_data=xx
# [3513500000] DBG rx_done=0 count=0 wr_ptr=3 rd_ptr=3 rx_empty=1 rd_en=0 rd_data=xx
# [3514500000] DBG rx_done=0 count=0 wr_ptr=3 rd_ptr=3 rx_empty=1 rd_en=0 rd_data=xx
# [3515500000] DBG rx_done=0 count=0 wr_ptr=3 rd_ptr=3 rx_empty=1 rd_en=0 rd_data=xx
# [3516500000] DBG rx_done=0 count=0 wr_ptr=3 rd_ptr=3 rx_empty=1 rd_en=0 rd_data=xx
# [3517500000] DBG rx_done=0 count=0 wr_ptr=3 rd_ptr=3 rx_empty=1 rd_en=0 rd_data=xx
# [3518500000] DBG rx_done=0 count=0 wr_ptr=3 rd_ptr=3 rx_empty=1 rd_en=0 rd_data=xx
# [3519500000] DBG rx_done=0 count=0 wr_ptr=3 rd_ptr=3 rx_empty=1 rd_en=0 rd_data=xx
# [3520500000] DBG rx_done=0 count=0 wr_ptr=3 rd_ptr=3 rx_empty=1 rd_en=0 rd_data=xx
# [3521500000] DBG rx_done=0 count=0 wr_ptr=3 rd_ptr=3 rx_empty=1 rd_en=0 rd_data=xx
# [3522500000] DBG rx_done=0 count=0 wr_ptr=3 rd_ptr=3 rx_empty=1 rd_en=0 rd_data=xx
# [3523500000] DBG rx_done=0 count=0 wr_ptr=3 rd_ptr=3 rx_empty=1 rd_en=0 rd_data=xx
# [3524500000] DBG rx_done=0 count=0 wr_ptr=3 rd_ptr=3 rx_empty=1 rd_en=0 rd_data=xx
# [3525500000] DBG rx_done=0 count=0 wr_ptr=3 rd_ptr=3 rx_empty=1 rd_en=0 rd_data=xx
# [3526500000] DBG rx_done=0 count=0 wr_ptr=3 rd_ptr=3 rx_empty=1 rd_en=0 rd_data=xx
# [3527500000] DBG rx_done=0 count=0 wr_ptr=3 rd_ptr=3 rx_empty=1 rd_en=0 rd_data=xx
# [3528500000] DBG rx_done=0 count=0 wr_ptr=3 rd_ptr=3 rx_empty=1 rd_en=0 rd_data=xx
# [3529500000] DBG rx_done=0 count=0 wr_ptr=3 rd_ptr=3 rx_empty=1 rd_en=0 rd_data=xx
# [3530500000] DBG rx_done=0 count=0 wr_ptr=3 rd_ptr=3 rx_empty=1 rd_en=0 rd_data=xx
# [3531500000] DBG rx_done=0 count=0 wr_ptr=3 rd_ptr=3 rx_empty=1 rd_en=0 rd_data=xx
# [3532500000] DBG rx_done=0 count=0 wr_ptr=3 rd_ptr=3 rx_empty=1 rd_en=0 rd_data=xx
# [3533500000] DBG rx_done=0 count=0 wr_ptr=3 rd_ptr=3 rx_empty=1 rd_en=0 rd_data=xx
# [3534500000] DBG rx_done=0 count=0 wr_ptr=3 rd_ptr=3 rx_empty=1 rd_en=0 rd_data=xx
# [3535500000] DBG rx_done=0 count=0 wr_ptr=3 rd_ptr=3 rx_empty=1 rd_en=0 rd_data=xx
# [3536500000] DBG rx_done=0 count=0 wr_ptr=3 rd_ptr=3 rx_empty=1 rd_en=0 rd_data=xx
# [3537500000] DBG rx_done=0 count=0 wr_ptr=3 rd_ptr=3 rx_empty=1 rd_en=0 rd_data=xx
# [3538500000] DBG rx_done=0 count=0 wr_ptr=3 rd_ptr=3 rx_empty=1 rd_en=0 rd_data=xx
# [3539500000] DBG rx_done=0 count=0 wr_ptr=3 rd_ptr=3 rx_empty=1 rd_en=0 rd_data=xx
# [3540500000] DBG rx_done=0 count=0 wr_ptr=3 rd_ptr=3 rx_empty=1 rd_en=0 rd_data=xx
# [3541500000] DBG rx_done=0 count=0 wr_ptr=3 rd_ptr=3 rx_empty=1 rd_en=0 rd_data=xx
# [3542500000] DBG rx_done=0 count=0 wr_ptr=3 rd_ptr=3 rx_empty=1 rd_en=0 rd_data=xx
# [3543500000] DBG rx_done=0 count=0 wr_ptr=3 rd_ptr=3 rx_empty=1 rd_en=0 rd_data=xx
# [3544500000] DBG rx_done=0 count=0 wr_ptr=3 rd_ptr=3 rx_empty=1 rd_en=0 rd_data=xx
# [3545500000] DBG rx_done=0 count=0 wr_ptr=3 rd_ptr=3 rx_empty=1 rd_en=0 rd_data=xx
# [3546500000] DBG rx_done=0 count=0 wr_ptr=3 rd_ptr=3 rx_empty=1 rd_en=0 rd_data=xx
# [3547500000] DBG rx_done=0 count=0 wr_ptr=3 rd_ptr=3 rx_empty=1 rd_en=0 rd_data=xx
# [3548500000] DBG rx_done=0 count=0 wr_ptr=3 rd_ptr=3 rx_empty=1 rd_en=0 rd_data=xx
# [3549500000] DBG rx_done=0 count=0 wr_ptr=3 rd_ptr=3 rx_empty=1 rd_en=0 rd_data=xx
# [3550500000] DBG rx_done=0 count=0 wr_ptr=3 rd_ptr=3 rx_empty=1 rd_en=0 rd_data=xx
# [3551500000] DBG rx_done=0 count=0 wr_ptr=3 rd_ptr=3 rx_empty=1 rd_en=0 rd_data=xx
# [3552500000] DBG rx_done=0 count=0 wr_ptr=3 rd_ptr=3 rx_empty=1 rd_en=0 rd_data=xx
# [3553500000] DBG rx_done=0 count=0 wr_ptr=3 rd_ptr=3 rx_empty=1 rd_en=0 rd_data=xx
# [3554500000] DBG rx_done=0 count=0 wr_ptr=3 rd_ptr=3 rx_empty=1 rd_en=0 rd_data=xx
# [3555500000] DBG rx_done=0 count=0 wr_ptr=3 rd_ptr=3 rx_empty=1 rd_en=0 rd_data=xx
# [3556500000] DBG rx_done=0 count=0 wr_ptr=3 rd_ptr=3 rx_empty=1 rd_en=0 rd_data=xx
# [3557500000] DBG rx_done=0 count=0 wr_ptr=3 rd_ptr=3 rx_empty=1 rd_en=0 rd_data=xx
# [3558500000] DBG rx_done=0 count=0 wr_ptr=3 rd_ptr=3 rx_empty=1 rd_en=0 rd_data=xx
# [3559500000] DBG rx_done=0 count=0 wr_ptr=3 rd_ptr=3 rx_empty=1 rd_en=0 rd_data=xx
# [3560500000] DBG rx_done=0 count=0 wr_ptr=3 rd_ptr=3 rx_empty=1 rd_en=0 rd_data=xx
# [3561500000] DBG rx_done=0 count=0 wr_ptr=3 rd_ptr=3 rx_empty=1 rd_en=0 rd_data=xx
# [3562500000] DBG rx_done=0 count=0 wr_ptr=3 rd_ptr=3 rx_empty=1 rd_en=0 rd_data=xx
# [3563500000] DBG rx_done=0 count=0 wr_ptr=3 rd_ptr=3 rx_empty=1 rd_en=0 rd_data=xx
# [3564500000] DBG rx_done=0 count=0 wr_ptr=3 rd_ptr=3 rx_empty=1 rd_en=0 rd_data=xx
# [3565500000] DBG rx_done=0 count=0 wr_ptr=3 rd_ptr=3 rx_empty=1 rd_en=0 rd_data=xx
# [3566500000] DBG rx_done=0 count=0 wr_ptr=3 rd_ptr=3 rx_empty=1 rd_en=0 rd_data=xx
# [3567500000] DBG rx_done=0 count=0 wr_ptr=3 rd_ptr=3 rx_empty=1 rd_en=0 rd_data=xx
# [3568500000] DBG rx_done=0 count=0 wr_ptr=3 rd_ptr=3 rx_empty=1 rd_en=0 rd_data=xx
# [3569500000] DBG rx_done=0 count=0 wr_ptr=3 rd_ptr=3 rx_empty=1 rd_en=0 rd_data=xx
# [3570500000] DBG rx_done=0 count=0 wr_ptr=3 rd_ptr=3 rx_empty=1 rd_en=0 rd_data=xx
# [3571500000] DBG rx_done=0 count=0 wr_ptr=3 rd_ptr=3 rx_empty=1 rd_en=0 rd_data=xx
# [3572500000] DBG rx_done=0 count=0 wr_ptr=3 rd_ptr=3 rx_empty=1 rd_en=0 rd_data=xx
# [3573500000] DBG rx_done=0 count=0 wr_ptr=3 rd_ptr=3 rx_empty=1 rd_en=0 rd_data=xx
# [3574500000] DBG rx_done=0 count=0 wr_ptr=3 rd_ptr=3 rx_empty=1 rd_en=0 rd_data=xx
# [3575500000] DBG rx_done=0 count=0 wr_ptr=3 rd_ptr=3 rx_empty=1 rd_en=0 rd_data=xx
# [3576500000] DBG rx_done=0 count=0 wr_ptr=3 rd_ptr=3 rx_empty=1 rd_en=0 rd_data=xx
# [3577500000] DBG rx_done=0 count=0 wr_ptr=3 rd_ptr=3 rx_empty=1 rd_en=0 rd_data=xx
# [3578500000] DBG rx_done=0 count=0 wr_ptr=3 rd_ptr=3 rx_empty=1 rd_en=0 rd_data=xx
# [3579500000] DBG rx_done=0 count=0 wr_ptr=3 rd_ptr=3 rx_empty=1 rd_en=0 rd_data=xx
# [3580500000] DBG rx_done=0 count=0 wr_ptr=3 rd_ptr=3 rx_empty=1 rd_en=0 rd_data=xx
# [3581500000] DBG rx_done=0 count=0 wr_ptr=3 rd_ptr=3 rx_empty=1 rd_en=0 rd_data=xx
# [3582500000] DBG rx_done=0 count=0 wr_ptr=3 rd_ptr=3 rx_empty=1 rd_en=0 rd_data=xx
# [3583500000] DBG rx_done=0 count=0 wr_ptr=3 rd_ptr=3 rx_empty=1 rd_en=0 rd_data=xx
# [3584500000] DBG rx_done=0 count=0 wr_ptr=3 rd_ptr=3 rx_empty=1 rd_en=0 rd_data=xx
# [3585500000] DBG rx_done=0 count=0 wr_ptr=3 rd_ptr=3 rx_empty=1 rd_en=0 rd_data=xx
# [3586500000] DBG rx_done=0 count=0 wr_ptr=3 rd_ptr=3 rx_empty=1 rd_en=0 rd_data=xx
# [3587500000] DBG rx_done=0 count=0 wr_ptr=3 rd_ptr=3 rx_empty=1 rd_en=0 rd_data=xx
# [3588500000] DBG rx_done=0 count=0 wr_ptr=3 rd_ptr=3 rx_empty=1 rd_en=0 rd_data=xx
# [3589500000] DBG rx_done=0 count=0 wr_ptr=3 rd_ptr=3 rx_empty=1 rd_en=0 rd_data=xx
# [3590500000] DBG rx_done=0 count=0 wr_ptr=3 rd_ptr=3 rx_empty=1 rd_en=0 rd_data=xx
# [3591500000] DBG rx_done=0 count=0 wr_ptr=3 rd_ptr=3 rx_empty=1 rd_en=0 rd_data=xx
# [3592500000] DBG rx_done=0 count=0 wr_ptr=3 rd_ptr=3 rx_empty=1 rd_en=0 rd_data=xx
# [3593500000] DBG rx_done=0 count=0 wr_ptr=3 rd_ptr=3 rx_empty=1 rd_en=0 rd_data=xx
# [3594500000] DBG rx_done=0 count=0 wr_ptr=3 rd_ptr=3 rx_empty=1 rd_en=0 rd_data=xx
# [3595500000] DBG rx_done=0 count=0 wr_ptr=3 rd_ptr=3 rx_empty=1 rd_en=0 rd_data=xx
# [3596500000] DBG rx_done=0 count=0 wr_ptr=3 rd_ptr=3 rx_empty=1 rd_en=0 rd_data=xx
# [3597500000] DBG rx_done=0 count=0 wr_ptr=3 rd_ptr=3 rx_empty=1 rd_en=0 rd_data=xx
# [3598500000] DBG rx_done=0 count=0 wr_ptr=3 rd_ptr=3 rx_empty=1 rd_en=0 rd_data=xx
# [3599500000] DBG rx_done=0 count=0 wr_ptr=3 rd_ptr=3 rx_empty=1 rd_en=0 rd_data=xx
# [3600500000] DBG rx_done=0 count=0 wr_ptr=3 rd_ptr=3 rx_empty=1 rd_en=0 rd_data=xx
# [3601500000] DBG rx_done=0 count=0 wr_ptr=3 rd_ptr=3 rx_empty=1 rd_en=0 rd_data=xx
# [3602500000] DBG rx_done=0 count=0 wr_ptr=3 rd_ptr=3 rx_empty=1 rd_en=0 rd_data=xx
# [3603500000] DBG rx_done=0 count=0 wr_ptr=3 rd_ptr=3 rx_empty=1 rd_en=0 rd_data=xx
# [3604500000] DBG rx_done=0 count=0 wr_ptr=3 rd_ptr=3 rx_empty=1 rd_en=0 rd_data=xx
# [3605500000] DBG rx_done=0 count=0 wr_ptr=3 rd_ptr=3 rx_empty=1 rd_en=0 rd_data=xx
# [3606500000] DBG rx_done=0 count=0 wr_ptr=3 rd_ptr=3 rx_empty=1 rd_en=0 rd_data=xx
# [3607500000] DBG rx_done=0 count=0 wr_ptr=3 rd_ptr=3 rx_empty=1 rd_en=0 rd_data=xx
# [3608500000] DBG rx_done=0 count=0 wr_ptr=3 rd_ptr=3 rx_empty=1 rd_en=0 rd_data=xx
# [3609500000] DBG rx_done=0 count=0 wr_ptr=3 rd_ptr=3 rx_empty=1 rd_en=0 rd_data=xx
# [3610500000] DBG rx_done=0 count=0 wr_ptr=3 rd_ptr=3 rx_empty=1 rd_en=0 rd_data=xx
# [3611500000] DBG rx_done=0 count=0 wr_ptr=3 rd_ptr=3 rx_empty=1 rd_en=0 rd_data=xx
# [3612500000] DBG rx_done=0 count=0 wr_ptr=3 rd_ptr=3 rx_empty=1 rd_en=0 rd_data=xx
# [3613500000] DBG rx_done=0 count=0 wr_ptr=3 rd_ptr=3 rx_empty=1 rd_en=0 rd_data=xx
# [3614500000] DBG rx_done=0 count=0 wr_ptr=3 rd_ptr=3 rx_empty=1 rd_en=0 rd_data=xx
# [3615500000] DBG rx_done=0 count=0 wr_ptr=3 rd_ptr=3 rx_empty=1 rd_en=0 rd_data=xx
# [3616500000] DBG rx_done=0 count=0 wr_ptr=3 rd_ptr=3 rx_empty=1 rd_en=0 rd_data=xx
# [3617500000] DBG rx_done=0 count=0 wr_ptr=3 rd_ptr=3 rx_empty=1 rd_en=0 rd_data=xx
# [3618500000] DBG rx_done=0 count=0 wr_ptr=3 rd_ptr=3 rx_empty=1 rd_en=0 rd_data=xx
# [3619500000] DBG rx_done=0 count=0 wr_ptr=3 rd_ptr=3 rx_empty=1 rd_en=0 rd_data=xx
# [3620500000] DBG rx_done=0 count=0 wr_ptr=3 rd_ptr=3 rx_empty=1 rd_en=0 rd_data=xx
# [3621500000] DBG rx_done=0 count=0 wr_ptr=3 rd_ptr=3 rx_empty=1 rd_en=0 rd_data=xx
# [3622500000] DBG rx_done=0 count=0 wr_ptr=3 rd_ptr=3 rx_empty=1 rd_en=0 rd_data=xx
# [3623500000] DBG rx_done=0 count=0 wr_ptr=3 rd_ptr=3 rx_empty=1 rd_en=0 rd_data=xx
# [3624500000] DBG rx_done=0 count=0 wr_ptr=3 rd_ptr=3 rx_empty=1 rd_en=0 rd_data=xx
# [3625500000] DBG rx_done=0 count=0 wr_ptr=3 rd_ptr=3 rx_empty=1 rd_en=0 rd_data=xx
# [3626500000] DBG rx_done=0 count=0 wr_ptr=3 rd_ptr=3 rx_empty=1 rd_en=0 rd_data=xx
# [3627500000] DBG rx_done=0 count=0 wr_ptr=3 rd_ptr=3 rx_empty=1 rd_en=0 rd_data=xx
# [3628500000] DBG rx_done=0 count=0 wr_ptr=3 rd_ptr=3 rx_empty=1 rd_en=0 rd_data=xx
# [3629500000] DBG rx_done=0 count=0 wr_ptr=3 rd_ptr=3 rx_empty=1 rd_en=0 rd_data=xx
# [3630500000] DBG rx_done=0 count=0 wr_ptr=3 rd_ptr=3 rx_empty=1 rd_en=0 rd_data=xx
# [3631500000] DBG rx_done=0 count=0 wr_ptr=3 rd_ptr=3 rx_empty=1 rd_en=0 rd_data=xx
# [3632500000] DBG rx_done=0 count=0 wr_ptr=3 rd_ptr=3 rx_empty=1 rd_en=0 rd_data=xx
# [3633500000] DBG rx_done=0 count=0 wr_ptr=3 rd_ptr=3 rx_empty=1 rd_en=0 rd_data=xx
# [3634500000] DBG rx_done=0 count=0 wr_ptr=3 rd_ptr=3 rx_empty=1 rd_en=0 rd_data=xx
# [3635500000] DBG rx_done=0 count=0 wr_ptr=3 rd_ptr=3 rx_empty=1 rd_en=0 rd_data=xx
# [3636500000] DBG rx_done=0 count=0 wr_ptr=3 rd_ptr=3 rx_empty=1 rd_en=0 rd_data=xx
# [3637500000] DBG rx_done=0 count=0 wr_ptr=3 rd_ptr=3 rx_empty=1 rd_en=0 rd_data=xx
# [3638500000] DBG rx_done=0 count=0 wr_ptr=3 rd_ptr=3 rx_empty=1 rd_en=0 rd_data=xx
# [3639500000] DBG rx_done=0 count=0 wr_ptr=3 rd_ptr=3 rx_empty=1 rd_en=0 rd_data=xx
# [3640500000] DBG rx_done=0 count=0 wr_ptr=3 rd_ptr=3 rx_empty=1 rd_en=0 rd_data=xx
# [3641500000] DBG rx_done=0 count=0 wr_ptr=3 rd_ptr=3 rx_empty=1 rd_en=0 rd_data=xx
# [3642500000] DBG rx_done=0 count=0 wr_ptr=3 rd_ptr=3 rx_empty=1 rd_en=0 rd_data=xx
# [3643500000] DBG rx_done=0 count=0 wr_ptr=3 rd_ptr=3 rx_empty=1 rd_en=0 rd_data=xx
# [3644500000] DBG rx_done=0 count=0 wr_ptr=3 rd_ptr=3 rx_empty=1 rd_en=0 rd_data=xx
# [3645500000] DBG rx_done=0 count=0 wr_ptr=3 rd_ptr=3 rx_empty=1 rd_en=0 rd_data=xx
# [3646500000] DBG rx_done=0 count=0 wr_ptr=3 rd_ptr=3 rx_empty=1 rd_en=0 rd_data=xx
# [3647500000] DBG rx_done=0 count=0 wr_ptr=3 rd_ptr=3 rx_empty=1 rd_en=0 rd_data=xx
# [3648500000] DBG rx_done=0 count=0 wr_ptr=3 rd_ptr=3 rx_empty=1 rd_en=0 rd_data=xx
# [3649500000] DBG rx_done=0 count=0 wr_ptr=3 rd_ptr=3 rx_empty=1 rd_en=0 rd_data=xx
# [3650500000] DBG rx_done=0 count=0 wr_ptr=3 rd_ptr=3 rx_empty=1 rd_en=0 rd_data=xx
# [3651500000] DBG rx_done=0 count=0 wr_ptr=3 rd_ptr=3 rx_empty=1 rd_en=0 rd_data=xx
# [3652500000] DBG rx_done=0 count=0 wr_ptr=3 rd_ptr=3 rx_empty=1 rd_en=0 rd_data=xx
# [3653500000] DBG rx_done=0 count=0 wr_ptr=3 rd_ptr=3 rx_empty=1 rd_en=0 rd_data=xx
# [3654500000] DBG rx_done=0 count=0 wr_ptr=3 rd_ptr=3 rx_empty=1 rd_en=0 rd_data=xx
# [3655500000] DBG rx_done=0 count=0 wr_ptr=3 rd_ptr=3 rx_empty=1 rd_en=0 rd_data=xx
# [3656500000] DBG rx_done=0 count=0 wr_ptr=3 rd_ptr=3 rx_empty=1 rd_en=0 rd_data=xx
# [3657500000] DBG rx_done=0 count=0 wr_ptr=3 rd_ptr=3 rx_empty=1 rd_en=0 rd_data=xx
# [3658500000] DBG rx_done=0 count=0 wr_ptr=3 rd_ptr=3 rx_empty=1 rd_en=0 rd_data=xx
# [3659500000] DBG rx_done=0 count=0 wr_ptr=3 rd_ptr=3 rx_empty=1 rd_en=0 rd_data=xx
# [3660500000] DBG rx_done=0 count=0 wr_ptr=3 rd_ptr=3 rx_empty=1 rd_en=0 rd_data=xx
# [3661500000] DBG rx_done=0 count=0 wr_ptr=3 rd_ptr=3 rx_empty=1 rd_en=0 rd_data=xx
# [3662500000] DBG rx_done=0 count=0 wr_ptr=3 rd_ptr=3 rx_empty=1 rd_en=0 rd_data=xx
# [3663500000] DBG rx_done=0 count=0 wr_ptr=3 rd_ptr=3 rx_empty=1 rd_en=0 rd_data=xx
# [3664500000] DBG rx_done=0 count=0 wr_ptr=3 rd_ptr=3 rx_empty=1 rd_en=0 rd_data=xx
# [3665500000] DBG rx_done=0 count=0 wr_ptr=3 rd_ptr=3 rx_empty=1 rd_en=0 rd_data=xx
# [3666500000] DBG rx_done=0 count=0 wr_ptr=3 rd_ptr=3 rx_empty=1 rd_en=0 rd_data=xx
# [3667500000] DBG rx_done=0 count=0 wr_ptr=3 rd_ptr=3 rx_empty=1 rd_en=0 rd_data=xx
# [3668500000] DBG rx_done=0 count=0 wr_ptr=3 rd_ptr=3 rx_empty=1 rd_en=0 rd_data=xx
# [3669500000] DBG rx_done=0 count=0 wr_ptr=3 rd_ptr=3 rx_empty=1 rd_en=0 rd_data=xx
# [3670500000] DBG rx_done=0 count=0 wr_ptr=3 rd_ptr=3 rx_empty=1 rd_en=0 rd_data=xx
# [3671500000] DBG rx_done=0 count=0 wr_ptr=3 rd_ptr=3 rx_empty=1 rd_en=0 rd_data=xx
# [3672500000] DBG rx_done=0 count=0 wr_ptr=3 rd_ptr=3 rx_empty=1 rd_en=0 rd_data=xx
# [3673500000] DBG rx_done=0 count=0 wr_ptr=3 rd_ptr=3 rx_empty=1 rd_en=0 rd_data=xx
# [3674500000] DBG rx_done=0 count=0 wr_ptr=3 rd_ptr=3 rx_empty=1 rd_en=0 rd_data=xx
# [3675500000] DBG rx_done=0 count=0 wr_ptr=3 rd_ptr=3 rx_empty=1 rd_en=0 rd_data=xx
# [3676500000] DBG rx_done=0 count=0 wr_ptr=3 rd_ptr=3 rx_empty=1 rd_en=0 rd_data=xx
# [3677500000] DBG rx_done=0 count=0 wr_ptr=3 rd_ptr=3 rx_empty=1 rd_en=0 rd_data=xx
# [3678500000] DBG rx_done=0 count=0 wr_ptr=3 rd_ptr=3 rx_empty=1 rd_en=0 rd_data=xx
# [3679500000] DBG rx_done=0 count=0 wr_ptr=3 rd_ptr=3 rx_empty=1 rd_en=0 rd_data=xx
# [3680500000] DBG rx_done=0 count=0 wr_ptr=3 rd_ptr=3 rx_empty=1 rd_en=0 rd_data=xx
# [3681500000] DBG rx_done=0 count=0 wr_ptr=3 rd_ptr=3 rx_empty=1 rd_en=0 rd_data=xx
# [3682500000] DBG rx_done=0 count=0 wr_ptr=3 rd_ptr=3 rx_empty=1 rd_en=0 rd_data=xx
# [3683500000] DBG rx_done=0 count=0 wr_ptr=3 rd_ptr=3 rx_empty=1 rd_en=0 rd_data=xx
# [3684500000] DBG rx_done=0 count=0 wr_ptr=3 rd_ptr=3 rx_empty=1 rd_en=0 rd_data=xx
# [3685500000] DBG rx_done=0 count=0 wr_ptr=3 rd_ptr=3 rx_empty=1 rd_en=0 rd_data=xx
# [3686500000] DBG rx_done=0 count=0 wr_ptr=3 rd_ptr=3 rx_empty=1 rd_en=0 rd_data=xx
# [3687500000] DBG rx_done=0 count=0 wr_ptr=3 rd_ptr=3 rx_empty=1 rd_en=0 rd_data=xx
# [3688500000] DBG rx_done=0 count=0 wr_ptr=3 rd_ptr=3 rx_empty=1 rd_en=0 rd_data=xx
# [3689500000] DBG rx_done=0 count=0 wr_ptr=3 rd_ptr=3 rx_empty=1 rd_en=0 rd_data=xx
# [3690500000] DBG rx_done=0 count=0 wr_ptr=3 rd_ptr=3 rx_empty=1 rd_en=0 rd_data=xx
# [3691500000] DBG rx_done=0 count=0 wr_ptr=3 rd_ptr=3 rx_empty=1 rd_en=0 rd_data=xx
# [3692500000] DBG rx_done=0 count=0 wr_ptr=3 rd_ptr=3 rx_empty=1 rd_en=0 rd_data=xx
# [3693500000] DBG rx_done=0 count=0 wr_ptr=3 rd_ptr=3 rx_empty=1 rd_en=0 rd_data=xx
# [3694500000] DBG rx_done=0 count=0 wr_ptr=3 rd_ptr=3 rx_empty=1 rd_en=0 rd_data=xx
# [3695500000] DBG rx_done=0 count=0 wr_ptr=3 rd_ptr=3 rx_empty=1 rd_en=0 rd_data=xx
# [3696500000] DBG rx_done=0 count=0 wr_ptr=3 rd_ptr=3 rx_empty=1 rd_en=0 rd_data=xx
# [3697500000] DBG rx_done=0 count=0 wr_ptr=3 rd_ptr=3 rx_empty=1 rd_en=0 rd_data=xx
# [3698500000] DBG rx_done=0 count=0 wr_ptr=3 rd_ptr=3 rx_empty=1 rd_en=0 rd_data=xx
# [3699500000] DBG rx_done=0 count=0 wr_ptr=3 rd_ptr=3 rx_empty=1 rd_en=0 rd_data=xx
# [3700500000] DBG rx_done=0 count=0 wr_ptr=3 rd_ptr=3 rx_empty=1 rd_en=0 rd_data=xx
# [3701500000] DBG rx_done=0 count=0 wr_ptr=3 rd_ptr=3 rx_empty=1 rd_en=0 rd_data=xx
# [3702500000] DBG rx_done=0 count=0 wr_ptr=3 rd_ptr=3 rx_empty=1 rd_en=0 rd_data=xx
# [3703500000] DBG rx_done=0 count=0 wr_ptr=3 rd_ptr=3 rx_empty=1 rd_en=0 rd_data=xx
# [3704500000] DBG rx_done=0 count=0 wr_ptr=3 rd_ptr=3 rx_empty=1 rd_en=0 rd_data=xx
# [3705500000] DBG rx_done=0 count=0 wr_ptr=3 rd_ptr=3 rx_empty=1 rd_en=0 rd_data=xx
# [3706500000] DBG rx_done=0 count=0 wr_ptr=3 rd_ptr=3 rx_empty=1 rd_en=0 rd_data=xx
# [3707500000] DBG rx_done=0 count=0 wr_ptr=3 rd_ptr=3 rx_empty=1 rd_en=0 rd_data=xx
# [3708500000] DBG rx_done=0 count=0 wr_ptr=3 rd_ptr=3 rx_empty=1 rd_en=0 rd_data=xx
# [3709500000] DBG rx_done=0 count=0 wr_ptr=3 rd_ptr=3 rx_empty=1 rd_en=0 rd_data=xx
# [3710500000] DBG rx_done=0 count=0 wr_ptr=3 rd_ptr=3 rx_empty=1 rd_en=0 rd_data=xx
# [3711500000] DBG rx_done=0 count=0 wr_ptr=3 rd_ptr=3 rx_empty=1 rd_en=0 rd_data=xx
# [3712500000] DBG rx_done=0 count=0 wr_ptr=3 rd_ptr=3 rx_empty=1 rd_en=0 rd_data=xx
# [3713500000] DBG rx_done=0 count=0 wr_ptr=3 rd_ptr=3 rx_empty=1 rd_en=0 rd_data=xx
# [3714500000] DBG rx_done=0 count=0 wr_ptr=3 rd_ptr=3 rx_empty=1 rd_en=0 rd_data=xx
# [3715500000] DBG rx_done=0 count=0 wr_ptr=3 rd_ptr=3 rx_empty=1 rd_en=0 rd_data=xx
# [3716500000] DBG rx_done=0 count=0 wr_ptr=3 rd_ptr=3 rx_empty=1 rd_en=0 rd_data=xx
# [3717500000] DBG rx_done=0 count=0 wr_ptr=3 rd_ptr=3 rx_empty=1 rd_en=0 rd_data=xx
# [3718500000] DBG rx_done=0 count=0 wr_ptr=3 rd_ptr=3 rx_empty=1 rd_en=0 rd_data=xx
# [3719500000] DBG rx_done=0 count=0 wr_ptr=3 rd_ptr=3 rx_empty=1 rd_en=0 rd_data=xx
# [3720500000] DBG rx_done=0 count=0 wr_ptr=3 rd_ptr=3 rx_empty=1 rd_en=0 rd_data=xx
# [3721500000] DBG rx_done=0 count=0 wr_ptr=3 rd_ptr=3 rx_empty=1 rd_en=0 rd_data=xx
# [3722500000] DBG rx_done=0 count=0 wr_ptr=3 rd_ptr=3 rx_empty=1 rd_en=0 rd_data=xx
# [3723500000] DBG rx_done=0 count=0 wr_ptr=3 rd_ptr=3 rx_empty=1 rd_en=0 rd_data=xx
# [3724500000] DBG rx_done=0 count=0 wr_ptr=3 rd_ptr=3 rx_empty=1 rd_en=0 rd_data=xx
# [3725500000] DBG rx_done=0 count=0 wr_ptr=3 rd_ptr=3 rx_empty=1 rd_en=0 rd_data=xx
# [3726500000] DBG rx_done=0 count=0 wr_ptr=3 rd_ptr=3 rx_empty=1 rd_en=0 rd_data=xx
# [3727500000] DBG rx_done=0 count=0 wr_ptr=3 rd_ptr=3 rx_empty=1 rd_en=0 rd_data=xx
# [3728500000] DBG rx_done=0 count=0 wr_ptr=3 rd_ptr=3 rx_empty=1 rd_en=0 rd_data=xx
# [3729500000] DBG rx_done=0 count=0 wr_ptr=3 rd_ptr=3 rx_empty=1 rd_en=0 rd_data=xx
# [3730500000] DBG rx_done=0 count=0 wr_ptr=3 rd_ptr=3 rx_empty=1 rd_en=0 rd_data=xx
# [3731500000] DBG rx_done=0 count=0 wr_ptr=3 rd_ptr=3 rx_empty=1 rd_en=0 rd_data=xx
# [3732500000] DBG rx_done=0 count=0 wr_ptr=3 rd_ptr=3 rx_empty=1 rd_en=0 rd_data=xx
# [3733500000] DBG rx_done=0 count=0 wr_ptr=3 rd_ptr=3 rx_empty=1 rd_en=0 rd_data=xx
# [3734500000] DBG rx_done=0 count=0 wr_ptr=3 rd_ptr=3 rx_empty=1 rd_en=0 rd_data=xx
# [3735500000] DBG rx_done=0 count=0 wr_ptr=3 rd_ptr=3 rx_empty=1 rd_en=0 rd_data=xx
# [3736500000] DBG rx_done=0 count=0 wr_ptr=3 rd_ptr=3 rx_empty=1 rd_en=0 rd_data=xx
# [3737500000] DBG rx_done=0 count=0 wr_ptr=3 rd_ptr=3 rx_empty=1 rd_en=0 rd_data=xx
# [3738500000] DBG rx_done=0 count=0 wr_ptr=3 rd_ptr=3 rx_empty=1 rd_en=0 rd_data=xx
# [3739500000] DBG rx_done=0 count=0 wr_ptr=3 rd_ptr=3 rx_empty=1 rd_en=0 rd_data=xx
# [3740500000] DBG rx_done=0 count=0 wr_ptr=3 rd_ptr=3 rx_empty=1 rd_en=0 rd_data=xx
# [3741500000] DBG rx_done=0 count=0 wr_ptr=3 rd_ptr=3 rx_empty=1 rd_en=0 rd_data=xx
# [3742500000] DBG rx_done=0 count=0 wr_ptr=3 rd_ptr=3 rx_empty=1 rd_en=0 rd_data=xx
# [3743500000] DBG rx_done=0 count=0 wr_ptr=3 rd_ptr=3 rx_empty=1 rd_en=0 rd_data=xx
# [3744500000] DBG rx_done=0 count=0 wr_ptr=3 rd_ptr=3 rx_empty=1 rd_en=0 rd_data=xx
# [3745500000] DBG rx_done=0 count=0 wr_ptr=3 rd_ptr=3 rx_empty=1 rd_en=0 rd_data=xx
# [3746500000] DBG rx_done=0 count=0 wr_ptr=3 rd_ptr=3 rx_empty=1 rd_en=0 rd_data=xx
# [3747500000] DBG rx_done=0 count=0 wr_ptr=3 rd_ptr=3 rx_empty=1 rd_en=0 rd_data=xx
# [3748500000] DBG rx_done=0 count=0 wr_ptr=3 rd_ptr=3 rx_empty=1 rd_en=0 rd_data=xx
# [3749500000] DBG rx_done=0 count=0 wr_ptr=3 rd_ptr=3 rx_empty=1 rd_en=0 rd_data=xx
# [3750500000] DBG rx_done=0 count=0 wr_ptr=3 rd_ptr=3 rx_empty=1 rd_en=0 rd_data=xx
# [3751500000] DBG rx_done=0 count=0 wr_ptr=3 rd_ptr=3 rx_empty=1 rd_en=0 rd_data=xx
# [3752500000] DBG rx_done=0 count=0 wr_ptr=3 rd_ptr=3 rx_empty=1 rd_en=0 rd_data=xx
# [3753500000] DBG rx_done=0 count=0 wr_ptr=3 rd_ptr=3 rx_empty=1 rd_en=0 rd_data=xx
# [3754500000] DBG rx_done=0 count=0 wr_ptr=3 rd_ptr=3 rx_empty=1 rd_en=0 rd_data=xx
# [3755500000] DBG rx_done=0 count=0 wr_ptr=3 rd_ptr=3 rx_empty=1 rd_en=0 rd_data=xx
# [3756500000] DBG rx_done=0 count=0 wr_ptr=3 rd_ptr=3 rx_empty=1 rd_en=0 rd_data=xx
# [3757500000] DBG rx_done=0 count=0 wr_ptr=3 rd_ptr=3 rx_empty=1 rd_en=0 rd_data=xx
# [3758500000] DBG rx_done=0 count=0 wr_ptr=3 rd_ptr=3 rx_empty=1 rd_en=0 rd_data=xx
# [3759500000] DBG rx_done=0 count=0 wr_ptr=3 rd_ptr=3 rx_empty=1 rd_en=0 rd_data=xx
# [3760500000] DBG rx_done=0 count=0 wr_ptr=3 rd_ptr=3 rx_empty=1 rd_en=0 rd_data=xx
# [3761500000] DBG rx_done=0 count=0 wr_ptr=3 rd_ptr=3 rx_empty=1 rd_en=0 rd_data=xx
# [3762500000] DBG rx_done=0 count=0 wr_ptr=3 rd_ptr=3 rx_empty=1 rd_en=0 rd_data=xx
# [3763500000] DBG rx_done=0 count=0 wr_ptr=3 rd_ptr=3 rx_empty=1 rd_en=0 rd_data=xx
# [3764500000] DBG rx_done=0 count=0 wr_ptr=3 rd_ptr=3 rx_empty=1 rd_en=0 rd_data=xx
# [3765500000] DBG rx_done=0 count=0 wr_ptr=3 rd_ptr=3 rx_empty=1 rd_en=0 rd_data=xx
# [3766500000] DBG rx_done=0 count=0 wr_ptr=3 rd_ptr=3 rx_empty=1 rd_en=0 rd_data=xx
# [3767500000] DBG rx_done=0 count=0 wr_ptr=3 rd_ptr=3 rx_empty=1 rd_en=0 rd_data=xx
# [3768500000] DBG rx_done=0 count=0 wr_ptr=3 rd_ptr=3 rx_empty=1 rd_en=0 rd_data=xx
# [3769500000] DBG rx_done=0 count=0 wr_ptr=3 rd_ptr=3 rx_empty=1 rd_en=0 rd_data=xx
# [3770500000] DBG rx_done=0 count=0 wr_ptr=3 rd_ptr=3 rx_empty=1 rd_en=0 rd_data=xx
# [3771500000] DBG rx_done=0 count=0 wr_ptr=3 rd_ptr=3 rx_empty=1 rd_en=0 rd_data=xx
# [3772500000] DBG rx_done=0 count=0 wr_ptr=3 rd_ptr=3 rx_empty=1 rd_en=0 rd_data=xx
# [3773500000] DBG rx_done=0 count=0 wr_ptr=3 rd_ptr=3 rx_empty=1 rd_en=0 rd_data=xx
# [3774500000] DBG rx_done=0 count=0 wr_ptr=3 rd_ptr=3 rx_empty=1 rd_en=0 rd_data=xx
# [3775500000] DBG rx_done=0 count=0 wr_ptr=3 rd_ptr=3 rx_empty=1 rd_en=0 rd_data=xx
# [3776500000] DBG rx_done=0 count=0 wr_ptr=3 rd_ptr=3 rx_empty=1 rd_en=0 rd_data=xx
# [3777500000] DBG rx_done=0 count=0 wr_ptr=3 rd_ptr=3 rx_empty=1 rd_en=0 rd_data=xx
# [3778500000] DBG rx_done=0 count=0 wr_ptr=3 rd_ptr=3 rx_empty=1 rd_en=0 rd_data=xx
# [3779500000] DBG rx_done=0 count=0 wr_ptr=3 rd_ptr=3 rx_empty=1 rd_en=0 rd_data=xx
# [3780500000] DBG rx_done=0 count=0 wr_ptr=3 rd_ptr=3 rx_empty=1 rd_en=0 rd_data=xx
# [3781500000] DBG rx_done=0 count=0 wr_ptr=3 rd_ptr=3 rx_empty=1 rd_en=0 rd_data=xx
# [3782500000] DBG rx_done=0 count=0 wr_ptr=3 rd_ptr=3 rx_empty=1 rd_en=0 rd_data=xx
# [3783500000] DBG rx_done=0 count=0 wr_ptr=3 rd_ptr=3 rx_empty=1 rd_en=0 rd_data=xx
# [3784500000] DBG rx_done=0 count=0 wr_ptr=3 rd_ptr=3 rx_empty=1 rd_en=0 rd_data=xx
# [3785500000] DBG rx_done=0 count=0 wr_ptr=3 rd_ptr=3 rx_empty=1 rd_en=0 rd_data=xx
# [3786500000] DBG rx_done=0 count=0 wr_ptr=3 rd_ptr=3 rx_empty=1 rd_en=0 rd_data=xx
# [3787500000] DBG rx_done=0 count=0 wr_ptr=3 rd_ptr=3 rx_empty=1 rd_en=0 rd_data=xx
# [3788500000] DBG rx_done=0 count=0 wr_ptr=3 rd_ptr=3 rx_empty=1 rd_en=0 rd_data=xx
# [3789500000] DBG rx_done=0 count=0 wr_ptr=3 rd_ptr=3 rx_empty=1 rd_en=0 rd_data=xx
# [3790500000] DBG rx_done=0 count=0 wr_ptr=3 rd_ptr=3 rx_empty=1 rd_en=0 rd_data=xx
# [3791500000] DBG rx_done=0 count=0 wr_ptr=3 rd_ptr=3 rx_empty=1 rd_en=0 rd_data=xx
# [3792500000] DBG rx_done=0 count=0 wr_ptr=3 rd_ptr=3 rx_empty=1 rd_en=0 rd_data=xx
# [3793500000] DBG rx_done=0 count=0 wr_ptr=3 rd_ptr=3 rx_empty=1 rd_en=0 rd_data=xx
# [3794500000] DBG rx_done=0 count=0 wr_ptr=3 rd_ptr=3 rx_empty=1 rd_en=0 rd_data=xx
# [3795500000] DBG rx_done=0 count=0 wr_ptr=3 rd_ptr=3 rx_empty=1 rd_en=0 rd_data=xx
# [3796500000] DBG rx_done=0 count=0 wr_ptr=3 rd_ptr=3 rx_empty=1 rd_en=0 rd_data=xx
# [3797500000] DBG rx_done=0 count=0 wr_ptr=3 rd_ptr=3 rx_empty=1 rd_en=0 rd_data=xx
# [3798500000] DBG rx_done=0 count=0 wr_ptr=3 rd_ptr=3 rx_empty=1 rd_en=0 rd_data=xx
# [3799500000] DBG rx_done=0 count=0 wr_ptr=3 rd_ptr=3 rx_empty=1 rd_en=0 rd_data=xx
# [3800500000] DBG rx_done=0 count=0 wr_ptr=3 rd_ptr=3 rx_empty=1 rd_en=0 rd_data=xx
# [3801500000] DBG rx_done=0 count=0 wr_ptr=3 rd_ptr=3 rx_empty=1 rd_en=0 rd_data=xx
# [3802500000] DBG rx_done=0 count=0 wr_ptr=3 rd_ptr=3 rx_empty=1 rd_en=0 rd_data=xx
# [3803500000] DBG rx_done=0 count=0 wr_ptr=3 rd_ptr=3 rx_empty=1 rd_en=0 rd_data=xx
# [3804500000] DBG rx_done=0 count=0 wr_ptr=3 rd_ptr=3 rx_empty=1 rd_en=0 rd_data=xx
# [3805500000] DBG rx_done=0 count=0 wr_ptr=3 rd_ptr=3 rx_empty=1 rd_en=0 rd_data=xx
# [3806500000] DBG rx_done=0 count=0 wr_ptr=3 rd_ptr=3 rx_empty=1 rd_en=0 rd_data=xx
# [3807500000] DBG rx_done=0 count=0 wr_ptr=3 rd_ptr=3 rx_empty=1 rd_en=0 rd_data=xx
# [3808500000] DBG rx_done=0 count=0 wr_ptr=3 rd_ptr=3 rx_empty=1 rd_en=0 rd_data=xx
# [3809500000] DBG rx_done=0 count=0 wr_ptr=3 rd_ptr=3 rx_empty=1 rd_en=0 rd_data=xx
# [3810500000] DBG rx_done=0 count=0 wr_ptr=3 rd_ptr=3 rx_empty=1 rd_en=0 rd_data=xx
# [3811500000] DBG rx_done=0 count=0 wr_ptr=3 rd_ptr=3 rx_empty=1 rd_en=0 rd_data=xx
# [3812500000] DBG rx_done=0 count=0 wr_ptr=3 rd_ptr=3 rx_empty=1 rd_en=0 rd_data=xx
# [3813500000] DBG rx_done=0 count=0 wr_ptr=3 rd_ptr=3 rx_empty=1 rd_en=0 rd_data=xx
# [3814500000] DBG rx_done=0 count=0 wr_ptr=3 rd_ptr=3 rx_empty=1 rd_en=0 rd_data=xx
# [3815500000] DBG rx_done=0 count=0 wr_ptr=3 rd_ptr=3 rx_empty=1 rd_en=0 rd_data=xx
# [3816500000] DBG rx_done=0 count=0 wr_ptr=3 rd_ptr=3 rx_empty=1 rd_en=0 rd_data=xx
# [3817500000] DBG rx_done=0 count=0 wr_ptr=3 rd_ptr=3 rx_empty=1 rd_en=0 rd_data=xx
# [3818500000] DBG rx_done=0 count=0 wr_ptr=3 rd_ptr=3 rx_empty=1 rd_en=0 rd_data=xx
# [3819500000] DBG rx_done=0 count=0 wr_ptr=3 rd_ptr=3 rx_empty=1 rd_en=0 rd_data=xx
# [3820500000] DBG rx_done=0 count=0 wr_ptr=3 rd_ptr=3 rx_empty=1 rd_en=0 rd_data=xx
# [3821500000] DBG rx_done=0 count=0 wr_ptr=3 rd_ptr=3 rx_empty=1 rd_en=0 rd_data=xx
# [3822500000] DBG rx_done=0 count=0 wr_ptr=3 rd_ptr=3 rx_empty=1 rd_en=0 rd_data=xx
# [3823500000] DBG rx_done=0 count=0 wr_ptr=3 rd_ptr=3 rx_empty=1 rd_en=0 rd_data=xx
# [3824500000] DBG rx_done=0 count=0 wr_ptr=3 rd_ptr=3 rx_empty=1 rd_en=0 rd_data=xx
# [3825500000] DBG rx_done=0 count=0 wr_ptr=3 rd_ptr=3 rx_empty=1 rd_en=0 rd_data=xx
# [3826500000] DBG rx_done=0 count=0 wr_ptr=3 rd_ptr=3 rx_empty=1 rd_en=0 rd_data=xx
# [3827500000] DBG rx_done=0 count=0 wr_ptr=3 rd_ptr=3 rx_empty=1 rd_en=0 rd_data=xx
# [3828500000] DBG rx_done=0 count=0 wr_ptr=3 rd_ptr=3 rx_empty=1 rd_en=0 rd_data=xx
# [3829500000] DBG rx_done=0 count=0 wr_ptr=3 rd_ptr=3 rx_empty=1 rd_en=0 rd_data=xx
# [3830500000] DBG rx_done=0 count=0 wr_ptr=3 rd_ptr=3 rx_empty=1 rd_en=0 rd_data=xx
# [3831500000] DBG rx_done=0 count=0 wr_ptr=3 rd_ptr=3 rx_empty=1 rd_en=0 rd_data=xx
# [3832500000] DBG rx_done=0 count=0 wr_ptr=3 rd_ptr=3 rx_empty=1 rd_en=0 rd_data=xx
# [3833500000] DBG rx_done=0 count=0 wr_ptr=3 rd_ptr=3 rx_empty=1 rd_en=0 rd_data=xx
# [3834500000] DBG rx_done=0 count=0 wr_ptr=3 rd_ptr=3 rx_empty=1 rd_en=0 rd_data=xx
# [3835500000] DBG rx_done=0 count=0 wr_ptr=3 rd_ptr=3 rx_empty=1 rd_en=0 rd_data=xx
# [3836500000] DBG rx_done=0 count=0 wr_ptr=3 rd_ptr=3 rx_empty=1 rd_en=0 rd_data=xx
# [3837500000] DBG rx_done=0 count=0 wr_ptr=3 rd_ptr=3 rx_empty=1 rd_en=0 rd_data=xx
# [3838500000] DBG rx_done=0 count=0 wr_ptr=3 rd_ptr=3 rx_empty=1 rd_en=0 rd_data=xx
# [3839500000] DBG rx_done=0 count=0 wr_ptr=3 rd_ptr=3 rx_empty=1 rd_en=0 rd_data=xx
# [3840500000] DBG rx_done=0 count=0 wr_ptr=3 rd_ptr=3 rx_empty=1 rd_en=0 rd_data=xx
# [3841500000] DBG rx_done=0 count=0 wr_ptr=3 rd_ptr=3 rx_empty=1 rd_en=0 rd_data=xx
# [3842500000] DBG rx_done=0 count=0 wr_ptr=3 rd_ptr=3 rx_empty=1 rd_en=0 rd_data=xx
# [3843500000] DBG rx_done=0 count=0 wr_ptr=3 rd_ptr=3 rx_empty=1 rd_en=0 rd_data=xx
# [3844500000] DBG rx_done=0 count=0 wr_ptr=3 rd_ptr=3 rx_empty=1 rd_en=0 rd_data=xx
# [3845500000] DBG rx_done=0 count=0 wr_ptr=3 rd_ptr=3 rx_empty=1 rd_en=0 rd_data=xx
# [3846500000] DBG rx_done=0 count=0 wr_ptr=3 rd_ptr=3 rx_empty=1 rd_en=0 rd_data=xx
# [3847500000] DBG rx_done=0 count=0 wr_ptr=3 rd_ptr=3 rx_empty=1 rd_en=0 rd_data=xx
# [3848500000] DBG rx_done=0 count=0 wr_ptr=3 rd_ptr=3 rx_empty=1 rd_en=0 rd_data=xx
# [3849500000] DBG rx_done=0 count=0 wr_ptr=3 rd_ptr=3 rx_empty=1 rd_en=0 rd_data=xx
# [3850500000] DBG rx_done=0 count=0 wr_ptr=3 rd_ptr=3 rx_empty=1 rd_en=0 rd_data=xx
# [3851500000] DBG rx_done=0 count=0 wr_ptr=3 rd_ptr=3 rx_empty=1 rd_en=0 rd_data=xx
# [3852500000] DBG rx_done=0 count=0 wr_ptr=3 rd_ptr=3 rx_empty=1 rd_en=0 rd_data=xx
# [3853500000] DBG rx_done=0 count=0 wr_ptr=3 rd_ptr=3 rx_empty=1 rd_en=0 rd_data=xx
# [3854500000] DBG rx_done=0 count=0 wr_ptr=3 rd_ptr=3 rx_empty=1 rd_en=0 rd_data=xx
# [3855500000] DBG rx_done=0 count=0 wr_ptr=3 rd_ptr=3 rx_empty=1 rd_en=0 rd_data=xx
# [3856500000] DBG rx_done=0 count=0 wr_ptr=3 rd_ptr=3 rx_empty=1 rd_en=0 rd_data=xx
# [3857500000] DBG rx_done=0 count=0 wr_ptr=3 rd_ptr=3 rx_empty=1 rd_en=0 rd_data=xx
# [3858500000] DBG rx_done=0 count=0 wr_ptr=3 rd_ptr=3 rx_empty=1 rd_en=0 rd_data=xx
# [3859500000] DBG rx_done=0 count=0 wr_ptr=3 rd_ptr=3 rx_empty=1 rd_en=0 rd_data=xx
# [3860500000] DBG rx_done=0 count=0 wr_ptr=3 rd_ptr=3 rx_empty=1 rd_en=0 rd_data=xx
# [3861500000] DBG rx_done=0 count=0 wr_ptr=3 rd_ptr=3 rx_empty=1 rd_en=0 rd_data=xx
# [3862500000] DBG rx_done=0 count=0 wr_ptr=3 rd_ptr=3 rx_empty=1 rd_en=0 rd_data=xx
# [3863500000] DBG rx_done=0 count=0 wr_ptr=3 rd_ptr=3 rx_empty=1 rd_en=0 rd_data=xx
# [3864500000] DBG rx_done=0 count=0 wr_ptr=3 rd_ptr=3 rx_empty=1 rd_en=0 rd_data=xx
# [3865500000] DBG rx_done=0 count=0 wr_ptr=3 rd_ptr=3 rx_empty=1 rd_en=0 rd_data=xx
# [3866500000] DBG rx_done=0 count=0 wr_ptr=3 rd_ptr=3 rx_empty=1 rd_en=0 rd_data=xx
# [3867500000] DBG rx_done=0 count=0 wr_ptr=3 rd_ptr=3 rx_empty=1 rd_en=0 rd_data=xx
# [3868500000] DBG rx_done=0 count=0 wr_ptr=3 rd_ptr=3 rx_empty=1 rd_en=0 rd_data=xx
# [3869500000] DBG rx_done=0 count=0 wr_ptr=3 rd_ptr=3 rx_empty=1 rd_en=0 rd_data=xx
# [3870500000] DBG rx_done=0 count=0 wr_ptr=3 rd_ptr=3 rx_empty=1 rd_en=0 rd_data=xx
# [3871500000] DBG rx_done=0 count=0 wr_ptr=3 rd_ptr=3 rx_empty=1 rd_en=0 rd_data=xx
# [3872500000] DBG rx_done=0 count=0 wr_ptr=3 rd_ptr=3 rx_empty=1 rd_en=0 rd_data=xx
# [3873500000] DBG rx_done=0 count=0 wr_ptr=3 rd_ptr=3 rx_empty=1 rd_en=0 rd_data=xx
# [3874500000] DBG rx_done=0 count=0 wr_ptr=3 rd_ptr=3 rx_empty=1 rd_en=0 rd_data=xx
# [3875500000] DBG rx_done=0 count=0 wr_ptr=3 rd_ptr=3 rx_empty=1 rd_en=0 rd_data=xx
# [3876500000] DBG rx_done=0 count=0 wr_ptr=3 rd_ptr=3 rx_empty=1 rd_en=0 rd_data=xx
# [3877500000] DBG rx_done=0 count=0 wr_ptr=3 rd_ptr=3 rx_empty=1 rd_en=0 rd_data=xx
# [3878500000] DBG rx_done=0 count=0 wr_ptr=3 rd_ptr=3 rx_empty=1 rd_en=0 rd_data=xx
# [3879500000] DBG rx_done=0 count=0 wr_ptr=3 rd_ptr=3 rx_empty=1 rd_en=0 rd_data=xx
# [3880500000] DBG rx_done=0 count=0 wr_ptr=3 rd_ptr=3 rx_empty=1 rd_en=0 rd_data=xx
# [3881500000] DBG rx_done=0 count=0 wr_ptr=3 rd_ptr=3 rx_empty=1 rd_en=0 rd_data=xx
# [3882500000] DBG rx_done=0 count=0 wr_ptr=3 rd_ptr=3 rx_empty=1 rd_en=0 rd_data=xx
# [3883500000] DBG rx_done=0 count=0 wr_ptr=3 rd_ptr=3 rx_empty=1 rd_en=0 rd_data=xx
# [3884500000] DBG rx_done=0 count=0 wr_ptr=3 rd_ptr=3 rx_empty=1 rd_en=0 rd_data=xx
# [3885500000] DBG rx_done=0 count=0 wr_ptr=3 rd_ptr=3 rx_empty=1 rd_en=0 rd_data=xx
# [3886500000] DBG rx_done=0 count=0 wr_ptr=3 rd_ptr=3 rx_empty=1 rd_en=0 rd_data=xx
# [3887500000] DBG rx_done=0 count=0 wr_ptr=3 rd_ptr=3 rx_empty=1 rd_en=0 rd_data=xx
# [3888500000] DBG rx_done=0 count=0 wr_ptr=3 rd_ptr=3 rx_empty=1 rd_en=0 rd_data=xx
# [3889500000] DBG rx_done=0 count=0 wr_ptr=3 rd_ptr=3 rx_empty=1 rd_en=0 rd_data=xx
# [3890500000] DBG rx_done=0 count=0 wr_ptr=3 rd_ptr=3 rx_empty=1 rd_en=0 rd_data=xx
# [3891500000] DBG rx_done=0 count=0 wr_ptr=3 rd_ptr=3 rx_empty=1 rd_en=0 rd_data=xx
# [3892500000] DBG rx_done=0 count=0 wr_ptr=3 rd_ptr=3 rx_empty=1 rd_en=0 rd_data=xx
# [3893500000] DBG rx_done=1 count=0 wr_ptr=3 rd_ptr=3 rx_empty=1 rd_en=0 rd_data=xx
# [3894500000] DBG rx_done=0 count=1 wr_ptr=4 rd_ptr=3 rx_empty=0 rd_en=0 rd_data=13
# [3895500000] DBG rx_done=0 count=1 wr_ptr=4 rd_ptr=3 rx_empty=0 rd_en=1 rd_data=13
# [3895500000] ERROR: popped 0x13, expected 0x42
# [3896500000] DBG rx_done=0 count=0 wr_ptr=4 rd_ptr=4 rx_empty=1 rd_en=0 rd_data=xx
# [3897500000] DBG rx_done=0 count=0 wr_ptr=4 rd_ptr=4 rx_empty=1 rd_en=1 rd_data=xx
# [3897500000] ERROR: popped 0xxx, expected 0x43
# [3898500000] DBG rx_done=0 count=0 wr_ptr=4 rd_ptr=4 rx_empty=1 rd_en=0 rd_data=xx
# [3899500000] DBG rx_done=0 count=0 wr_ptr=4 rd_ptr=4 rx_empty=1 rd_en=0 rd_data=xx
# [3900500000] DBG rx_done=0 count=0 wr_ptr=4 rd_ptr=4 rx_empty=1 rd_en=0 rd_data=xx
# [3901500000] DBG rx_done=0 count=0 wr_ptr=4 rd_ptr=4 rx_empty=1 rd_en=0 rd_data=xx
# [3902500000] DBG rx_done=0 count=0 wr_ptr=4 rd_ptr=4 rx_empty=1 rd_en=0 rd_data=xx
# [3903500000] DBG rx_done=0 count=0 wr_ptr=4 rd_ptr=4 rx_empty=1 rd_en=0 rd_data=xx
# [3904500000] DBG rx_done=0 count=0 wr_ptr=4 rd_ptr=4 rx_empty=1 rd_en=0 rd_data=xx
# [3905500000] DBG rx_done=0 count=0 wr_ptr=4 rd_ptr=4 rx_empty=1 rd_en=0 rd_data=xx
# [3906500000] DBG rx_done=0 count=0 wr_ptr=4 rd_ptr=4 rx_empty=1 rd_en=0 rd_data=xx
# [3907500000] DBG rx_done=0 count=0 wr_ptr=4 rd_ptr=4 rx_empty=1 rd_en=0 rd_data=xx
# [3908500000] DBG rx_done=0 count=0 wr_ptr=4 rd_ptr=4 rx_empty=1 rd_en=0 rd_data=xx
# [3909500000] DBG rx_done=0 count=0 wr_ptr=4 rd_ptr=4 rx_empty=1 rd_en=0 rd_data=xx
# [3910500000] DBG rx_done=0 count=0 wr_ptr=4 rd_ptr=4 rx_empty=1 rd_en=0 rd_data=xx
# [3911500000] DBG rx_done=0 count=0 wr_ptr=4 rd_ptr=4 rx_empty=1 rd_en=0 rd_data=xx
# [3912500000] DBG rx_done=0 count=0 wr_ptr=4 rd_ptr=4 rx_empty=1 rd_en=0 rd_data=xx
# [3913500000] DBG rx_done=0 count=0 wr_ptr=4 rd_ptr=4 rx_empty=1 rd_en=0 rd_data=xx
# [3914500000] DBG rx_done=0 count=0 wr_ptr=4 rd_ptr=4 rx_empty=1 rd_en=0 rd_data=xx
# [3915500000] DBG rx_done=0 count=0 wr_ptr=4 rd_ptr=4 rx_empty=1 rd_en=0 rd_data=xx
# [3916500000] DBG rx_done=0 count=0 wr_ptr=4 rd_ptr=4 rx_empty=1 rd_en=0 rd_data=xx
# [3917500000] DBG rx_done=0 count=0 wr_ptr=4 rd_ptr=4 rx_empty=1 rd_en=0 rd_data=xx
# [3918500000] DBG rx_done=0 count=0 wr_ptr=4 rd_ptr=4 rx_empty=1 rd_en=0 rd_data=xx
# [3919500000] DBG rx_done=0 count=0 wr_ptr=4 rd_ptr=4 rx_empty=1 rd_en=0 rd_data=xx
# [3920500000] DBG rx_done=0 count=0 wr_ptr=4 rd_ptr=4 rx_empty=1 rd_en=0 rd_data=xx
# [3921500000] DBG rx_done=0 count=0 wr_ptr=4 rd_ptr=4 rx_empty=1 rd_en=0 rd_data=xx
# [3922500000] DBG rx_done=0 count=0 wr_ptr=4 rd_ptr=4 rx_empty=1 rd_en=0 rd_data=xx
# [3923500000] DBG rx_done=0 count=0 wr_ptr=4 rd_ptr=4 rx_empty=1 rd_en=0 rd_data=xx
# [3924500000] DBG rx_done=0 count=0 wr_ptr=4 rd_ptr=4 rx_empty=1 rd_en=0 rd_data=xx
# [3925500000] DBG rx_done=0 count=0 wr_ptr=4 rd_ptr=4 rx_empty=1 rd_en=0 rd_data=xx
# [3926500000] DBG rx_done=0 count=0 wr_ptr=4 rd_ptr=4 rx_empty=1 rd_en=0 rd_data=xx
# [3927500000] DBG rx_done=0 count=0 wr_ptr=4 rd_ptr=4 rx_empty=1 rd_en=0 rd_data=xx
# [3928500000] DBG rx_done=0 count=0 wr_ptr=4 rd_ptr=4 rx_empty=1 rd_en=0 rd_data=xx
# [3929500000] DBG rx_done=0 count=0 wr_ptr=4 rd_ptr=4 rx_empty=1 rd_en=0 rd_data=xx
# [3930500000] DBG rx_done=0 count=0 wr_ptr=4 rd_ptr=4 rx_empty=1 rd_en=0 rd_data=xx
# [3931500000] DBG rx_done=0 count=0 wr_ptr=4 rd_ptr=4 rx_empty=1 rd_en=0 rd_data=xx
# [3932500000] DBG rx_done=0 count=0 wr_ptr=4 rd_ptr=4 rx_empty=1 rd_en=0 rd_data=xx
# [3933500000] DBG rx_done=0 count=0 wr_ptr=4 rd_ptr=4 rx_empty=1 rd_en=0 rd_data=xx
# [3934500000] DBG rx_done=0 count=0 wr_ptr=4 rd_ptr=4 rx_empty=1 rd_en=0 rd_data=xx
# [3935500000] DBG rx_done=0 count=0 wr_ptr=4 rd_ptr=4 rx_empty=1 rd_en=0 rd_data=xx
# [3936500000] DBG rx_done=0 count=0 wr_ptr=4 rd_ptr=4 rx_empty=1 rd_en=0 rd_data=xx
# [3937500000] DBG rx_done=0 count=0 wr_ptr=4 rd_ptr=4 rx_empty=1 rd_en=0 rd_data=xx
# [3938500000] DBG rx_done=0 count=0 wr_ptr=4 rd_ptr=4 rx_empty=1 rd_en=0 rd_data=xx
# [3939500000] DBG rx_done=0 count=0 wr_ptr=4 rd_ptr=4 rx_empty=1 rd_en=0 rd_data=xx
# [3940500000] DBG rx_done=0 count=0 wr_ptr=4 rd_ptr=4 rx_empty=1 rd_en=0 rd_data=xx
# [3941500000] DBG rx_done=0 count=0 wr_ptr=4 rd_ptr=4 rx_empty=1 rd_en=0 rd_data=xx
# [3942500000] DBG rx_done=0 count=0 wr_ptr=4 rd_ptr=4 rx_empty=1 rd_en=0 rd_data=xx
# [3943500000] DBG rx_done=0 count=0 wr_ptr=4 rd_ptr=4 rx_empty=1 rd_en=0 rd_data=xx
# [3944500000] DBG rx_done=0 count=0 wr_ptr=4 rd_ptr=4 rx_empty=1 rd_en=0 rd_data=xx
# [3945500000] DBG rx_done=0 count=0 wr_ptr=4 rd_ptr=4 rx_empty=1 rd_en=0 rd_data=xx
# [3946500000] DBG rx_done=0 count=0 wr_ptr=4 rd_ptr=4 rx_empty=1 rd_en=0 rd_data=xx
# [3947500000] DBG rx_done=0 count=0 wr_ptr=4 rd_ptr=4 rx_empty=1 rd_en=0 rd_data=xx
# [3948500000] DBG rx_done=0 count=0 wr_ptr=4 rd_ptr=4 rx_empty=1 rd_en=0 rd_data=xx
# [3949500000] DBG rx_done=0 count=0 wr_ptr=4 rd_ptr=4 rx_empty=1 rd_en=0 rd_data=xx
# [3950500000] DBG rx_done=0 count=0 wr_ptr=4 rd_ptr=4 rx_empty=1 rd_en=0 rd_data=xx
# [3951500000] DBG rx_done=0 count=0 wr_ptr=4 rd_ptr=4 rx_empty=1 rd_en=0 rd_data=xx
# [3952500000] DBG rx_done=0 count=0 wr_ptr=4 rd_ptr=4 rx_empty=1 rd_en=0 rd_data=xx
# [3953500000] DBG rx_done=0 count=0 wr_ptr=4 rd_ptr=4 rx_empty=1 rd_en=0 rd_data=xx
# [3954500000] DBG rx_done=0 count=0 wr_ptr=4 rd_ptr=4 rx_empty=1 rd_en=0 rd_data=xx
# [3955500000] DBG rx_done=0 count=0 wr_ptr=4 rd_ptr=4 rx_empty=1 rd_en=0 rd_data=xx
# [3956500000] DBG rx_done=0 count=0 wr_ptr=4 rd_ptr=4 rx_empty=1 rd_en=0 rd_data=xx
# [3957500000] DBG rx_done=0 count=0 wr_ptr=4 rd_ptr=4 rx_empty=1 rd_en=0 rd_data=xx
# [3958500000] DBG rx_done=0 count=0 wr_ptr=4 rd_ptr=4 rx_empty=1 rd_en=0 rd_data=xx
# [3959500000] DBG rx_done=0 count=0 wr_ptr=4 rd_ptr=4 rx_empty=1 rd_en=0 rd_data=xx
# [3960500000] DBG rx_done=0 count=0 wr_ptr=4 rd_ptr=4 rx_empty=1 rd_en=0 rd_data=xx
# [3961500000] DBG rx_done=0 count=0 wr_ptr=4 rd_ptr=4 rx_empty=1 rd_en=0 rd_data=xx
# [3962500000] DBG rx_done=0 count=0 wr_ptr=4 rd_ptr=4 rx_empty=1 rd_en=0 rd_data=xx
# [3963500000] DBG rx_done=0 count=0 wr_ptr=4 rd_ptr=4 rx_empty=1 rd_en=0 rd_data=xx
# [3964500000] DBG rx_done=0 count=0 wr_ptr=4 rd_ptr=4 rx_empty=1 rd_en=0 rd_data=xx
# [3965500000] DBG rx_done=0 count=0 wr_ptr=4 rd_ptr=4 rx_empty=1 rd_en=0 rd_data=xx
# [3966500000] DBG rx_done=0 count=0 wr_ptr=4 rd_ptr=4 rx_empty=1 rd_en=0 rd_data=xx
# [3967500000] DBG rx_done=0 count=0 wr_ptr=4 rd_ptr=4 rx_empty=1 rd_en=0 rd_data=xx
# [3968500000] DBG rx_done=0 count=0 wr_ptr=4 rd_ptr=4 rx_empty=1 rd_en=0 rd_data=xx
# [3969500000] DBG rx_done=0 count=0 wr_ptr=4 rd_ptr=4 rx_empty=1 rd_en=0 rd_data=xx
# [3970500000] DBG rx_done=0 count=0 wr_ptr=4 rd_ptr=4 rx_empty=1 rd_en=0 rd_data=xx
# [3971500000] DBG rx_done=0 count=0 wr_ptr=4 rd_ptr=4 rx_empty=1 rd_en=0 rd_data=xx
# [3972500000] DBG rx_done=0 count=0 wr_ptr=4 rd_ptr=4 rx_empty=1 rd_en=0 rd_data=xx
# [3973500000] DBG rx_done=0 count=0 wr_ptr=4 rd_ptr=4 rx_empty=1 rd_en=0 rd_data=xx
# [3974500000] DBG rx_done=0 count=0 wr_ptr=4 rd_ptr=4 rx_empty=1 rd_en=0 rd_data=xx
# [3975500000] DBG rx_done=0 count=0 wr_ptr=4 rd_ptr=4 rx_empty=1 rd_en=0 rd_data=xx
# [3976500000] DBG rx_done=0 count=0 wr_ptr=4 rd_ptr=4 rx_empty=1 rd_en=0 rd_data=xx
# [3977500000] DBG rx_done=0 count=0 wr_ptr=4 rd_ptr=4 rx_empty=1 rd_en=0 rd_data=xx
# [3978500000] DBG rx_done=0 count=0 wr_ptr=4 rd_ptr=4 rx_empty=1 rd_en=0 rd_data=xx
# [3979500000] DBG rx_done=0 count=0 wr_ptr=4 rd_ptr=4 rx_empty=1 rd_en=0 rd_data=xx
# [3980500000] DBG rx_done=0 count=0 wr_ptr=4 rd_ptr=4 rx_empty=1 rd_en=0 rd_data=xx
# [3981500000] DBG rx_done=0 count=0 wr_ptr=4 rd_ptr=4 rx_empty=1 rd_en=0 rd_data=xx
# [3982500000] DBG rx_done=0 count=0 wr_ptr=4 rd_ptr=4 rx_empty=1 rd_en=0 rd_data=xx
# [3983500000] DBG rx_done=0 count=0 wr_ptr=4 rd_ptr=4 rx_empty=1 rd_en=0 rd_data=xx
# [3984500000] DBG rx_done=0 count=0 wr_ptr=4 rd_ptr=4 rx_empty=1 rd_en=0 rd_data=xx
# [3985500000] DBG rx_done=0 count=0 wr_ptr=4 rd_ptr=4 rx_empty=1 rd_en=0 rd_data=xx
# [3986500000] DBG rx_done=0 count=0 wr_ptr=4 rd_ptr=4 rx_empty=1 rd_en=0 rd_data=xx
# [3987500000] DBG rx_done=0 count=0 wr_ptr=4 rd_ptr=4 rx_empty=1 rd_en=0 rd_data=xx
# [3988500000] DBG rx_done=0 count=0 wr_ptr=4 rd_ptr=4 rx_empty=1 rd_en=0 rd_data=xx
# [3989500000] DBG rx_done=0 count=0 wr_ptr=4 rd_ptr=4 rx_empty=1 rd_en=0 rd_data=xx
# [3990500000] DBG rx_done=0 count=0 wr_ptr=4 rd_ptr=4 rx_empty=1 rd_en=0 rd_data=xx
# [3991500000] DBG rx_done=0 count=0 wr_ptr=4 rd_ptr=4 rx_empty=1 rd_en=0 rd_data=xx
# [3992500000] DBG rx_done=0 count=0 wr_ptr=4 rd_ptr=4 rx_empty=1 rd_en=0 rd_data=xx
# [3993500000] DBG rx_done=0 count=0 wr_ptr=4 rd_ptr=4 rx_empty=1 rd_en=0 rd_data=xx
# [3994500000] DBG rx_done=0 count=0 wr_ptr=4 rd_ptr=4 rx_empty=1 rd_en=0 rd_data=xx
# [3995500000] DBG rx_done=0 count=0 wr_ptr=4 rd_ptr=4 rx_empty=1 rd_en=0 rd_data=xx
# [3996500000] DBG rx_done=0 count=0 wr_ptr=4 rd_ptr=4 rx_empty=1 rd_en=0 rd_data=xx
# [3997500000] DBG rx_done=0 count=0 wr_ptr=4 rd_ptr=4 rx_empty=1 rd_en=0 rd_data=xx
# [3998500000] DBG rx_done=0 count=0 wr_ptr=4 rd_ptr=4 rx_empty=1 rd_en=0 rd_data=xx
# [3999500000] DBG rx_done=0 count=0 wr_ptr=4 rd_ptr=4 rx_empty=1 rd_en=0 rd_data=xx
# [4000500000] DBG rx_done=0 count=0 wr_ptr=4 rd_ptr=4 rx_empty=1 rd_en=0 rd_data=xx
# [4001500000] DBG rx_done=0 count=0 wr_ptr=4 rd_ptr=4 rx_empty=1 rd_en=0 rd_data=xx
# [4002500000] DBG rx_done=0 count=0 wr_ptr=4 rd_ptr=4 rx_empty=1 rd_en=0 rd_data=xx
# [4003500000] DBG rx_done=0 count=0 wr_ptr=4 rd_ptr=4 rx_empty=1 rd_en=0 rd_data=xx
# [4004500000] DBG rx_done=0 count=0 wr_ptr=4 rd_ptr=4 rx_empty=1 rd_en=0 rd_data=xx
# [4005500000] DBG rx_done=0 count=0 wr_ptr=4 rd_ptr=4 rx_empty=1 rd_en=0 rd_data=xx
# [4006500000] DBG rx_done=0 count=0 wr_ptr=4 rd_ptr=4 rx_empty=1 rd_en=0 rd_data=xx
# [4007500000] DBG rx_done=0 count=0 wr_ptr=4 rd_ptr=4 rx_empty=1 rd_en=0 rd_data=xx
# [4008500000] DBG rx_done=0 count=0 wr_ptr=4 rd_ptr=4 rx_empty=1 rd_en=0 rd_data=xx
# [4009500000] DBG rx_done=0 count=0 wr_ptr=4 rd_ptr=4 rx_empty=1 rd_en=0 rd_data=xx
# [4010500000] DBG rx_done=0 count=0 wr_ptr=4 rd_ptr=4 rx_empty=1 rd_en=0 rd_data=xx
# [4011500000] DBG rx_done=0 count=0 wr_ptr=4 rd_ptr=4 rx_empty=1 rd_en=0 rd_data=xx
# [4012500000] DBG rx_done=0 count=0 wr_ptr=4 rd_ptr=4 rx_empty=1 rd_en=0 rd_data=xx
# [4013500000] DBG rx_done=0 count=0 wr_ptr=4 rd_ptr=4 rx_empty=1 rd_en=0 rd_data=xx
# [4014500000] DBG rx_done=0 count=0 wr_ptr=4 rd_ptr=4 rx_empty=1 rd_en=0 rd_data=xx
# [4015500000] DBG rx_done=0 count=0 wr_ptr=4 rd_ptr=4 rx_empty=1 rd_en=0 rd_data=xx
# [4016500000] DBG rx_done=0 count=0 wr_ptr=4 rd_ptr=4 rx_empty=1 rd_en=0 rd_data=xx
# [4017500000] DBG rx_done=0 count=0 wr_ptr=4 rd_ptr=4 rx_empty=1 rd_en=0 rd_data=xx
# [4018500000] DBG rx_done=0 count=0 wr_ptr=4 rd_ptr=4 rx_empty=1 rd_en=0 rd_data=xx
# [4019500000] DBG rx_done=0 count=0 wr_ptr=4 rd_ptr=4 rx_empty=1 rd_en=0 rd_data=xx
# [4020500000] DBG rx_done=0 count=0 wr_ptr=4 rd_ptr=4 rx_empty=1 rd_en=0 rd_data=xx
# [4021500000] DBG rx_done=0 count=0 wr_ptr=4 rd_ptr=4 rx_empty=1 rd_en=0 rd_data=xx
# [4022500000] DBG rx_done=0 count=0 wr_ptr=4 rd_ptr=4 rx_empty=1 rd_en=0 rd_data=xx
# [4023500000] DBG rx_done=0 count=0 wr_ptr=4 rd_ptr=4 rx_empty=1 rd_en=0 rd_data=xx
# [4024500000] DBG rx_done=0 count=0 wr_ptr=4 rd_ptr=4 rx_empty=1 rd_en=0 rd_data=xx
# [4025500000] DBG rx_done=0 count=0 wr_ptr=4 rd_ptr=4 rx_empty=1 rd_en=0 rd_data=xx
# [4026500000] DBG rx_done=0 count=0 wr_ptr=4 rd_ptr=4 rx_empty=1 rd_en=0 rd_data=xx
# [4027500000] DBG rx_done=0 count=0 wr_ptr=4 rd_ptr=4 rx_empty=1 rd_en=0 rd_data=xx
# [4028500000] DBG rx_done=0 count=0 wr_ptr=4 rd_ptr=4 rx_empty=1 rd_en=0 rd_data=xx
# [4029500000] DBG rx_done=0 count=0 wr_ptr=4 rd_ptr=4 rx_empty=1 rd_en=0 rd_data=xx
# [4030500000] DBG rx_done=0 count=0 wr_ptr=4 rd_ptr=4 rx_empty=1 rd_en=0 rd_data=xx
# [4031500000] DBG rx_done=0 count=0 wr_ptr=4 rd_ptr=4 rx_empty=1 rd_en=0 rd_data=xx
# [4032500000] DBG rx_done=0 count=0 wr_ptr=4 rd_ptr=4 rx_empty=1 rd_en=0 rd_data=xx
# [4033500000] DBG rx_done=0 count=0 wr_ptr=4 rd_ptr=4 rx_empty=1 rd_en=0 rd_data=xx
# [4034500000] DBG rx_done=0 count=0 wr_ptr=4 rd_ptr=4 rx_empty=1 rd_en=0 rd_data=xx
# [4035500000] DBG rx_done=0 count=0 wr_ptr=4 rd_ptr=4 rx_empty=1 rd_en=0 rd_data=xx
# [4036500000] DBG rx_done=0 count=0 wr_ptr=4 rd_ptr=4 rx_empty=1 rd_en=0 rd_data=xx
# [4037500000] DBG rx_done=0 count=0 wr_ptr=4 rd_ptr=4 rx_empty=1 rd_en=0 rd_data=xx
# [4038500000] DBG rx_done=0 count=0 wr_ptr=4 rd_ptr=4 rx_empty=1 rd_en=0 rd_data=xx
# [4039500000] DBG rx_done=0 count=0 wr_ptr=4 rd_ptr=4 rx_empty=1 rd_en=0 rd_data=xx
# [4040500000] DBG rx_done=0 count=0 wr_ptr=4 rd_ptr=4 rx_empty=1 rd_en=0 rd_data=xx
# [4041500000] DBG rx_done=0 count=0 wr_ptr=4 rd_ptr=4 rx_empty=1 rd_en=0 rd_data=xx
# [4042500000] DBG rx_done=0 count=0 wr_ptr=4 rd_ptr=4 rx_empty=1 rd_en=0 rd_data=xx
# [4043500000] DBG rx_done=0 count=0 wr_ptr=4 rd_ptr=4 rx_empty=1 rd_en=0 rd_data=xx
# [4044500000] DBG rx_done=0 count=0 wr_ptr=4 rd_ptr=4 rx_empty=1 rd_en=0 rd_data=xx
# [4045500000] DBG rx_done=0 count=0 wr_ptr=4 rd_ptr=4 rx_empty=1 rd_en=0 rd_data=xx
# [4046500000] DBG rx_done=0 count=0 wr_ptr=4 rd_ptr=4 rx_empty=1 rd_en=0 rd_data=xx
# [4047500000] DBG rx_done=0 count=0 wr_ptr=4 rd_ptr=4 rx_empty=1 rd_en=0 rd_data=xx
# [4048500000] DBG rx_done=0 count=0 wr_ptr=4 rd_ptr=4 rx_empty=1 rd_en=0 rd_data=xx
# [4049500000] DBG rx_done=0 count=0 wr_ptr=4 rd_ptr=4 rx_empty=1 rd_en=0 rd_data=xx
# [4050500000] DBG rx_done=0 count=0 wr_ptr=4 rd_ptr=4 rx_empty=1 rd_en=0 rd_data=xx
# [4051500000] DBG rx_done=0 count=0 wr_ptr=4 rd_ptr=4 rx_empty=1 rd_en=0 rd_data=xx
# [4052500000] DBG rx_done=0 count=0 wr_ptr=4 rd_ptr=4 rx_empty=1 rd_en=0 rd_data=xx
# [4053500000] DBG rx_done=0 count=0 wr_ptr=4 rd_ptr=4 rx_empty=1 rd_en=0 rd_data=xx
# [4054500000] DBG rx_done=0 count=0 wr_ptr=4 rd_ptr=4 rx_empty=1 rd_en=0 rd_data=xx
# [4055500000] DBG rx_done=0 count=0 wr_ptr=4 rd_ptr=4 rx_empty=1 rd_en=0 rd_data=xx
# [4056500000] DBG rx_done=0 count=0 wr_ptr=4 rd_ptr=4 rx_empty=1 rd_en=0 rd_data=xx
# [4057500000] DBG rx_done=0 count=0 wr_ptr=4 rd_ptr=4 rx_empty=1 rd_en=0 rd_data=xx
# [4058500000] DBG rx_done=0 count=0 wr_ptr=4 rd_ptr=4 rx_empty=1 rd_en=0 rd_data=xx
# [4059500000] DBG rx_done=0 count=0 wr_ptr=4 rd_ptr=4 rx_empty=1 rd_en=0 rd_data=xx
# [4060500000] DBG rx_done=0 count=0 wr_ptr=4 rd_ptr=4 rx_empty=1 rd_en=0 rd_data=xx
# [4061500000] DBG rx_done=0 count=0 wr_ptr=4 rd_ptr=4 rx_empty=1 rd_en=0 rd_data=xx
# [4062500000] DBG rx_done=0 count=0 wr_ptr=4 rd_ptr=4 rx_empty=1 rd_en=0 rd_data=xx
# [4063500000] DBG rx_done=0 count=0 wr_ptr=4 rd_ptr=4 rx_empty=1 rd_en=0 rd_data=xx
# [4064500000] DBG rx_done=0 count=0 wr_ptr=4 rd_ptr=4 rx_empty=1 rd_en=0 rd_data=xx
# [4065500000] DBG rx_done=0 count=0 wr_ptr=4 rd_ptr=4 rx_empty=1 rd_en=0 rd_data=xx
# [4066500000] DBG rx_done=0 count=0 wr_ptr=4 rd_ptr=4 rx_empty=1 rd_en=0 rd_data=xx
# [4067500000] DBG rx_done=0 count=0 wr_ptr=4 rd_ptr=4 rx_empty=1 rd_en=0 rd_data=xx
# [4068500000] DBG rx_done=0 count=0 wr_ptr=4 rd_ptr=4 rx_empty=1 rd_en=0 rd_data=xx
# [4069500000] DBG rx_done=0 count=0 wr_ptr=4 rd_ptr=4 rx_empty=1 rd_en=0 rd_data=xx
# [4070500000] DBG rx_done=0 count=0 wr_ptr=4 rd_ptr=4 rx_empty=1 rd_en=0 rd_data=xx
# [4071500000] DBG rx_done=0 count=0 wr_ptr=4 rd_ptr=4 rx_empty=1 rd_en=0 rd_data=xx
# [4072500000] DBG rx_done=0 count=0 wr_ptr=4 rd_ptr=4 rx_empty=1 rd_en=0 rd_data=xx
# [4073500000] DBG rx_done=0 count=0 wr_ptr=4 rd_ptr=4 rx_empty=1 rd_en=0 rd_data=xx
# [4074500000] DBG rx_done=0 count=0 wr_ptr=4 rd_ptr=4 rx_empty=1 rd_en=0 rd_data=xx
# [4075500000] DBG rx_done=0 count=0 wr_ptr=4 rd_ptr=4 rx_empty=1 rd_en=0 rd_data=xx
# [4076500000] DBG rx_done=0 count=0 wr_ptr=4 rd_ptr=4 rx_empty=1 rd_en=0 rd_data=xx
# [4077500000] DBG rx_done=0 count=0 wr_ptr=4 rd_ptr=4 rx_empty=1 rd_en=0 rd_data=xx
# [4078500000] DBG rx_done=0 count=0 wr_ptr=4 rd_ptr=4 rx_empty=1 rd_en=0 rd_data=xx
# [4079500000] DBG rx_done=0 count=0 wr_ptr=4 rd_ptr=4 rx_empty=1 rd_en=0 rd_data=xx
# [4080500000] DBG rx_done=0 count=0 wr_ptr=4 rd_ptr=4 rx_empty=1 rd_en=0 rd_data=xx
# [4081500000] DBG rx_done=0 count=0 wr_ptr=4 rd_ptr=4 rx_empty=1 rd_en=0 rd_data=xx
# [4082500000] DBG rx_done=0 count=0 wr_ptr=4 rd_ptr=4 rx_empty=1 rd_en=0 rd_data=xx
# [4083500000] DBG rx_done=0 count=0 wr_ptr=4 rd_ptr=4 rx_empty=1 rd_en=0 rd_data=xx
# [4084500000] DBG rx_done=0 count=0 wr_ptr=4 rd_ptr=4 rx_empty=1 rd_en=0 rd_data=xx
# [4085500000] DBG rx_done=0 count=0 wr_ptr=4 rd_ptr=4 rx_empty=1 rd_en=0 rd_data=xx
# [4086500000] DBG rx_done=0 count=0 wr_ptr=4 rd_ptr=4 rx_empty=1 rd_en=0 rd_data=xx
# [4087500000] DBG rx_done=0 count=0 wr_ptr=4 rd_ptr=4 rx_empty=1 rd_en=0 rd_data=xx
# [4088500000] DBG rx_done=0 count=0 wr_ptr=4 rd_ptr=4 rx_empty=1 rd_en=0 rd_data=xx
# [4089500000] DBG rx_done=0 count=0 wr_ptr=4 rd_ptr=4 rx_empty=1 rd_en=0 rd_data=xx
# [4090500000] DBG rx_done=0 count=0 wr_ptr=4 rd_ptr=4 rx_empty=1 rd_en=0 rd_data=xx
# [4091500000] DBG rx_done=0 count=0 wr_ptr=4 rd_ptr=4 rx_empty=1 rd_en=0 rd_data=xx
# [4092500000] DBG rx_done=0 count=0 wr_ptr=4 rd_ptr=4 rx_empty=1 rd_en=0 rd_data=xx
# [4093500000] DBG rx_done=0 count=0 wr_ptr=4 rd_ptr=4 rx_empty=1 rd_en=0 rd_data=xx
# [4094500000] DBG rx_done=0 count=0 wr_ptr=4 rd_ptr=4 rx_empty=1 rd_en=0 rd_data=xx
# [4095500000] DBG rx_done=0 count=0 wr_ptr=4 rd_ptr=4 rx_empty=1 rd_en=0 rd_data=xx
# [4096500000] DBG rx_done=0 count=0 wr_ptr=4 rd_ptr=4 rx_empty=1 rd_en=0 rd_data=xx
# [4097500000] DBG rx_done=0 count=0 wr_ptr=4 rd_ptr=4 rx_empty=1 rd_en=0 rd_data=xx
# [4098500000] DBG rx_done=0 count=0 wr_ptr=4 rd_ptr=4 rx_empty=1 rd_en=0 rd_data=xx
# [4099500000] DBG rx_done=0 count=0 wr_ptr=4 rd_ptr=4 rx_empty=1 rd_en=0 rd_data=xx
# [4100500000] DBG rx_done=0 count=0 wr_ptr=4 rd_ptr=4 rx_empty=1 rd_en=0 rd_data=xx
# [4101500000] DBG rx_done=0 count=0 wr_ptr=4 rd_ptr=4 rx_empty=1 rd_en=0 rd_data=xx
# [4102500000] DBG rx_done=0 count=0 wr_ptr=4 rd_ptr=4 rx_empty=1 rd_en=0 rd_data=xx
# [4103500000] DBG rx_done=0 count=0 wr_ptr=4 rd_ptr=4 rx_empty=1 rd_en=0 rd_data=xx
# [4104500000] DBG rx_done=0 count=0 wr_ptr=4 rd_ptr=4 rx_empty=1 rd_en=0 rd_data=xx
# [4105500000] DBG rx_done=0 count=0 wr_ptr=4 rd_ptr=4 rx_empty=1 rd_en=0 rd_data=xx
# [4106500000] DBG rx_done=0 count=0 wr_ptr=4 rd_ptr=4 rx_empty=1 rd_en=0 rd_data=xx
# [4107500000] DBG rx_done=0 count=0 wr_ptr=4 rd_ptr=4 rx_empty=1 rd_en=0 rd_data=xx
# [4108500000] DBG rx_done=0 count=0 wr_ptr=4 rd_ptr=4 rx_empty=1 rd_en=0 rd_data=xx
# [4109500000] DBG rx_done=0 count=0 wr_ptr=4 rd_ptr=4 rx_empty=1 rd_en=0 rd_data=xx
# [4110500000] DBG rx_done=0 count=0 wr_ptr=4 rd_ptr=4 rx_empty=1 rd_en=0 rd_data=xx
# [4111500000] DBG rx_done=0 count=0 wr_ptr=4 rd_ptr=4 rx_empty=1 rd_en=0 rd_data=xx
# [4112500000] DBG rx_done=0 count=0 wr_ptr=4 rd_ptr=4 rx_empty=1 rd_en=0 rd_data=xx
# [4113500000] DBG rx_done=0 count=0 wr_ptr=4 rd_ptr=4 rx_empty=1 rd_en=0 rd_data=xx
# [4114500000] DBG rx_done=0 count=0 wr_ptr=4 rd_ptr=4 rx_empty=1 rd_en=0 rd_data=xx
# [4115500000] DBG rx_done=0 count=0 wr_ptr=4 rd_ptr=4 rx_empty=1 rd_en=0 rd_data=xx
# [4116500000] DBG rx_done=0 count=0 wr_ptr=4 rd_ptr=4 rx_empty=1 rd_en=0 rd_data=xx
# [4117500000] DBG rx_done=0 count=0 wr_ptr=4 rd_ptr=4 rx_empty=1 rd_en=0 rd_data=xx
# [4118500000] DBG rx_done=0 count=0 wr_ptr=4 rd_ptr=4 rx_empty=1 rd_en=0 rd_data=xx
# [4119500000] DBG rx_done=0 count=0 wr_ptr=4 rd_ptr=4 rx_empty=1 rd_en=0 rd_data=xx
# [4120500000] DBG rx_done=0 count=0 wr_ptr=4 rd_ptr=4 rx_empty=1 rd_en=0 rd_data=xx
# [4121500000] DBG rx_done=0 count=0 wr_ptr=4 rd_ptr=4 rx_empty=1 rd_en=0 rd_data=xx
# [4122500000] DBG rx_done=0 count=0 wr_ptr=4 rd_ptr=4 rx_empty=1 rd_en=0 rd_data=xx
# [4123500000] DBG rx_done=0 count=0 wr_ptr=4 rd_ptr=4 rx_empty=1 rd_en=0 rd_data=xx
# [4124500000] DBG rx_done=0 count=0 wr_ptr=4 rd_ptr=4 rx_empty=1 rd_en=0 rd_data=xx
# [4125500000] DBG rx_done=0 count=0 wr_ptr=4 rd_ptr=4 rx_empty=1 rd_en=0 rd_data=xx
# [4126500000] DBG rx_done=0 count=0 wr_ptr=4 rd_ptr=4 rx_empty=1 rd_en=0 rd_data=xx
# [4127500000] DBG rx_done=0 count=0 wr_ptr=4 rd_ptr=4 rx_empty=1 rd_en=0 rd_data=xx
# [4128500000] DBG rx_done=0 count=0 wr_ptr=4 rd_ptr=4 rx_empty=1 rd_en=0 rd_data=xx
# [4129500000] DBG rx_done=0 count=0 wr_ptr=4 rd_ptr=4 rx_empty=1 rd_en=0 rd_data=xx
# [4130500000] DBG rx_done=0 count=0 wr_ptr=4 rd_ptr=4 rx_empty=1 rd_en=0 rd_data=xx
# [4131500000] DBG rx_done=0 count=0 wr_ptr=4 rd_ptr=4 rx_empty=1 rd_en=0 rd_data=xx
# [4132500000] DBG rx_done=0 count=0 wr_ptr=4 rd_ptr=4 rx_empty=1 rd_en=0 rd_data=xx
# [4133500000] DBG rx_done=0 count=0 wr_ptr=4 rd_ptr=4 rx_empty=1 rd_en=0 rd_data=xx
# [4134500000] DBG rx_done=0 count=0 wr_ptr=4 rd_ptr=4 rx_empty=1 rd_en=0 rd_data=xx
# [4135500000] DBG rx_done=0 count=0 wr_ptr=4 rd_ptr=4 rx_empty=1 rd_en=0 rd_data=xx
# [4136500000] DBG rx_done=0 count=0 wr_ptr=4 rd_ptr=4 rx_empty=1 rd_en=0 rd_data=xx
# [4137500000] DBG rx_done=0 count=0 wr_ptr=4 rd_ptr=4 rx_empty=1 rd_en=0 rd_data=xx
# [4138500000] DBG rx_done=0 count=0 wr_ptr=4 rd_ptr=4 rx_empty=1 rd_en=0 rd_data=xx
# [4139500000] DBG rx_done=0 count=0 wr_ptr=4 rd_ptr=4 rx_empty=1 rd_en=0 rd_data=xx
# [4140500000] DBG rx_done=0 count=0 wr_ptr=4 rd_ptr=4 rx_empty=1 rd_en=0 rd_data=xx
# [4141500000] DBG rx_done=0 count=0 wr_ptr=4 rd_ptr=4 rx_empty=1 rd_en=0 rd_data=xx
# [4142500000] DBG rx_done=0 count=0 wr_ptr=4 rd_ptr=4 rx_empty=1 rd_en=0 rd_data=xx
# [4143500000] DBG rx_done=0 count=0 wr_ptr=4 rd_ptr=4 rx_empty=1 rd_en=0 rd_data=xx
# [4144500000] DBG rx_done=0 count=0 wr_ptr=4 rd_ptr=4 rx_empty=1 rd_en=0 rd_data=xx
# [4145500000] DBG rx_done=0 count=0 wr_ptr=4 rd_ptr=4 rx_empty=1 rd_en=0 rd_data=xx
# [4146500000] DBG rx_done=0 count=0 wr_ptr=4 rd_ptr=4 rx_empty=1 rd_en=0 rd_data=xx
# [4147500000] DBG rx_done=0 count=0 wr_ptr=4 rd_ptr=4 rx_empty=1 rd_en=0 rd_data=xx
# [4148500000] DBG rx_done=0 count=0 wr_ptr=4 rd_ptr=4 rx_empty=1 rd_en=0 rd_data=xx
# [4149500000] DBG rx_done=0 count=0 wr_ptr=4 rd_ptr=4 rx_empty=1 rd_en=0 rd_data=xx
# [4150500000] DBG rx_done=0 count=0 wr_ptr=4 rd_ptr=4 rx_empty=1 rd_en=0 rd_data=xx
# [4151500000] DBG rx_done=0 count=0 wr_ptr=4 rd_ptr=4 rx_empty=1 rd_en=0 rd_data=xx
# [4152500000] DBG rx_done=0 count=0 wr_ptr=4 rd_ptr=4 rx_empty=1 rd_en=0 rd_data=xx
# [4153500000] DBG rx_done=0 count=0 wr_ptr=4 rd_ptr=4 rx_empty=1 rd_en=0 rd_data=xx
# [4154500000] DBG rx_done=0 count=0 wr_ptr=4 rd_ptr=4 rx_empty=1 rd_en=0 rd_data=xx
# [4155500000] DBG rx_done=0 count=0 wr_ptr=4 rd_ptr=4 rx_empty=1 rd_en=0 rd_data=xx
# [4156500000] DBG rx_done=0 count=0 wr_ptr=4 rd_ptr=4 rx_empty=1 rd_en=0 rd_data=xx
# [4157500000] DBG rx_done=0 count=0 wr_ptr=4 rd_ptr=4 rx_empty=1 rd_en=0 rd_data=xx
# [4158500000] DBG rx_done=0 count=0 wr_ptr=4 rd_ptr=4 rx_empty=1 rd_en=0 rd_data=xx
# [4159500000] DBG rx_done=0 count=0 wr_ptr=4 rd_ptr=4 rx_empty=1 rd_en=0 rd_data=xx
# [4160500000] DBG rx_done=0 count=0 wr_ptr=4 rd_ptr=4 rx_empty=1 rd_en=0 rd_data=xx
# [4161500000] DBG rx_done=0 count=0 wr_ptr=4 rd_ptr=4 rx_empty=1 rd_en=0 rd_data=xx
# [4162500000] DBG rx_done=0 count=0 wr_ptr=4 rd_ptr=4 rx_empty=1 rd_en=0 rd_data=xx
# [4163500000] DBG rx_done=0 count=0 wr_ptr=4 rd_ptr=4 rx_empty=1 rd_en=0 rd_data=xx
# [4164500000] DBG rx_done=0 count=0 wr_ptr=4 rd_ptr=4 rx_empty=1 rd_en=0 rd_data=xx
# [4165500000] DBG rx_done=0 count=0 wr_ptr=4 rd_ptr=4 rx_empty=1 rd_en=0 rd_data=xx
# [4166500000] DBG rx_done=0 count=0 wr_ptr=4 rd_ptr=4 rx_empty=1 rd_en=0 rd_data=xx
# [4167500000] DBG rx_done=0 count=0 wr_ptr=4 rd_ptr=4 rx_empty=1 rd_en=0 rd_data=xx
# [4168500000] DBG rx_done=0 count=0 wr_ptr=4 rd_ptr=4 rx_empty=1 rd_en=0 rd_data=xx
# [4169500000] DBG rx_done=0 count=0 wr_ptr=4 rd_ptr=4 rx_empty=1 rd_en=0 rd_data=xx
# [4170500000] DBG rx_done=0 count=0 wr_ptr=4 rd_ptr=4 rx_empty=1 rd_en=0 rd_data=xx
# [4171500000] DBG rx_done=0 count=0 wr_ptr=4 rd_ptr=4 rx_empty=1 rd_en=0 rd_data=xx
# [4172500000] DBG rx_done=0 count=0 wr_ptr=4 rd_ptr=4 rx_empty=1 rd_en=0 rd_data=xx
# [4173500000] DBG rx_done=0 count=0 wr_ptr=4 rd_ptr=4 rx_empty=1 rd_en=0 rd_data=xx
# [4174500000] DBG rx_done=0 count=0 wr_ptr=4 rd_ptr=4 rx_empty=1 rd_en=0 rd_data=xx
# [4175500000] DBG rx_done=0 count=0 wr_ptr=4 rd_ptr=4 rx_empty=1 rd_en=0 rd_data=xx
# [4176500000] DBG rx_done=0 count=0 wr_ptr=4 rd_ptr=4 rx_empty=1 rd_en=0 rd_data=xx
# [4177500000] DBG rx_done=0 count=0 wr_ptr=4 rd_ptr=4 rx_empty=1 rd_en=0 rd_data=xx
# [4178500000] DBG rx_done=0 count=0 wr_ptr=4 rd_ptr=4 rx_empty=1 rd_en=0 rd_data=xx
# [4179500000] DBG rx_done=0 count=0 wr_ptr=4 rd_ptr=4 rx_empty=1 rd_en=0 rd_data=xx
# [4180500000] DBG rx_done=0 count=0 wr_ptr=4 rd_ptr=4 rx_empty=1 rd_en=0 rd_data=xx
# [4181500000] DBG rx_done=0 count=0 wr_ptr=4 rd_ptr=4 rx_empty=1 rd_en=0 rd_data=xx
# [4182500000] DBG rx_done=0 count=0 wr_ptr=4 rd_ptr=4 rx_empty=1 rd_en=0 rd_data=xx
# [4183500000] DBG rx_done=0 count=0 wr_ptr=4 rd_ptr=4 rx_empty=1 rd_en=0 rd_data=xx
# [4184500000] DBG rx_done=0 count=0 wr_ptr=4 rd_ptr=4 rx_empty=1 rd_en=0 rd_data=xx
# [4185500000] DBG rx_done=0 count=0 wr_ptr=4 rd_ptr=4 rx_empty=1 rd_en=0 rd_data=xx
# [4186500000] DBG rx_done=0 count=0 wr_ptr=4 rd_ptr=4 rx_empty=1 rd_en=0 rd_data=xx
# [4187500000] DBG rx_done=0 count=0 wr_ptr=4 rd_ptr=4 rx_empty=1 rd_en=0 rd_data=xx
# [4188500000] DBG rx_done=0 count=0 wr_ptr=4 rd_ptr=4 rx_empty=1 rd_en=0 rd_data=xx
# [4189500000] DBG rx_done=0 count=0 wr_ptr=4 rd_ptr=4 rx_empty=1 rd_en=0 rd_data=xx
# [4190500000] DBG rx_done=0 count=0 wr_ptr=4 rd_ptr=4 rx_empty=1 rd_en=0 rd_data=xx
# [4191500000] DBG rx_done=0 count=0 wr_ptr=4 rd_ptr=4 rx_empty=1 rd_en=0 rd_data=xx
# [4192500000] DBG rx_done=0 count=0 wr_ptr=4 rd_ptr=4 rx_empty=1 rd_en=0 rd_data=xx
# [4193500000] DBG rx_done=0 count=0 wr_ptr=4 rd_ptr=4 rx_empty=1 rd_en=0 rd_data=xx
# [4194500000] DBG rx_done=0 count=0 wr_ptr=4 rd_ptr=4 rx_empty=1 rd_en=0 rd_data=xx
# [4195500000] DBG rx_done=0 count=0 wr_ptr=4 rd_ptr=4 rx_empty=1 rd_en=0 rd_data=xx
# [4196500000] DBG rx_done=0 count=0 wr_ptr=4 rd_ptr=4 rx_empty=1 rd_en=0 rd_data=xx
# [4197500000] DBG rx_done=0 count=0 wr_ptr=4 rd_ptr=4 rx_empty=1 rd_en=0 rd_data=xx
# [4198500000] DBG rx_done=0 count=0 wr_ptr=4 rd_ptr=4 rx_empty=1 rd_en=0 rd_data=xx
# [4199500000] DBG rx_done=0 count=0 wr_ptr=4 rd_ptr=4 rx_empty=1 rd_en=0 rd_data=xx
# [4200500000] DBG rx_done=0 count=0 wr_ptr=4 rd_ptr=4 rx_empty=1 rd_en=0 rd_data=xx
# [4201500000] DBG rx_done=0 count=0 wr_ptr=4 rd_ptr=4 rx_empty=1 rd_en=0 rd_data=xx
# [4202500000] DBG rx_done=0 count=0 wr_ptr=4 rd_ptr=4 rx_empty=1 rd_en=0 rd_data=xx
# [4203500000] DBG rx_done=0 count=0 wr_ptr=4 rd_ptr=4 rx_empty=1 rd_en=0 rd_data=xx
# [4204500000] DBG rx_done=0 count=0 wr_ptr=4 rd_ptr=4 rx_empty=1 rd_en=0 rd_data=xx
# [4205500000] DBG rx_done=0 count=0 wr_ptr=4 rd_ptr=4 rx_empty=1 rd_en=0 rd_data=xx
# [4206500000] DBG rx_done=0 count=0 wr_ptr=4 rd_ptr=4 rx_empty=1 rd_en=0 rd_data=xx
# [4207500000] DBG rx_done=0 count=0 wr_ptr=4 rd_ptr=4 rx_empty=1 rd_en=0 rd_data=xx
# [4208500000] DBG rx_done=0 count=0 wr_ptr=4 rd_ptr=4 rx_empty=1 rd_en=0 rd_data=xx
# [4209500000] DBG rx_done=0 count=0 wr_ptr=4 rd_ptr=4 rx_empty=1 rd_en=0 rd_data=xx
# [4210500000] DBG rx_done=0 count=0 wr_ptr=4 rd_ptr=4 rx_empty=1 rd_en=0 rd_data=xx
# [4211500000] DBG rx_done=0 count=0 wr_ptr=4 rd_ptr=4 rx_empty=1 rd_en=0 rd_data=xx
# [4212500000] DBG rx_done=0 count=0 wr_ptr=4 rd_ptr=4 rx_empty=1 rd_en=0 rd_data=xx
# [4213500000] DBG rx_done=0 count=0 wr_ptr=4 rd_ptr=4 rx_empty=1 rd_en=0 rd_data=xx
# [4214500000] DBG rx_done=0 count=0 wr_ptr=4 rd_ptr=4 rx_empty=1 rd_en=0 rd_data=xx
# [4215500000] DBG rx_done=0 count=0 wr_ptr=4 rd_ptr=4 rx_empty=1 rd_en=0 rd_data=xx
# [4216500000] DBG rx_done=0 count=0 wr_ptr=4 rd_ptr=4 rx_empty=1 rd_en=0 rd_data=xx
# [4217500000] DBG rx_done=0 count=0 wr_ptr=4 rd_ptr=4 rx_empty=1 rd_en=0 rd_data=xx
# [4218500000] DBG rx_done=0 count=0 wr_ptr=4 rd_ptr=4 rx_empty=1 rd_en=0 rd_data=xx
# [4219500000] DBG rx_done=0 count=0 wr_ptr=4 rd_ptr=4 rx_empty=1 rd_en=0 rd_data=xx
# [4220500000] DBG rx_done=0 count=0 wr_ptr=4 rd_ptr=4 rx_empty=1 rd_en=0 rd_data=xx
# [4221500000] DBG rx_done=0 count=0 wr_ptr=4 rd_ptr=4 rx_empty=1 rd_en=0 rd_data=xx
# [4222500000] DBG rx_done=0 count=0 wr_ptr=4 rd_ptr=4 rx_empty=1 rd_en=0 rd_data=xx
# [4223500000] DBG rx_done=0 count=0 wr_ptr=4 rd_ptr=4 rx_empty=1 rd_en=0 rd_data=xx
# [4224500000] DBG rx_done=0 count=0 wr_ptr=4 rd_ptr=4 rx_empty=1 rd_en=0 rd_data=xx
# [4225500000] DBG rx_done=0 count=0 wr_ptr=4 rd_ptr=4 rx_empty=1 rd_en=0 rd_data=xx
# [4226500000] DBG rx_done=0 count=0 wr_ptr=4 rd_ptr=4 rx_empty=1 rd_en=0 rd_data=xx
# [4227500000] DBG rx_done=0 count=0 wr_ptr=4 rd_ptr=4 rx_empty=1 rd_en=0 rd_data=xx
# [4228500000] DBG rx_done=0 count=0 wr_ptr=4 rd_ptr=4 rx_empty=1 rd_en=0 rd_data=xx
# [4229500000] DBG rx_done=0 count=0 wr_ptr=4 rd_ptr=4 rx_empty=1 rd_en=0 rd_data=xx
# [4230500000] DBG rx_done=0 count=0 wr_ptr=4 rd_ptr=4 rx_empty=1 rd_en=0 rd_data=xx
# [4231500000] DBG rx_done=0 count=0 wr_ptr=4 rd_ptr=4 rx_empty=1 rd_en=0 rd_data=xx
# [4232500000] DBG rx_done=0 count=0 wr_ptr=4 rd_ptr=4 rx_empty=1 rd_en=0 rd_data=xx
# [4233500000] DBG rx_done=0 count=0 wr_ptr=4 rd_ptr=4 rx_empty=1 rd_en=0 rd_data=xx
# [4234500000] DBG rx_done=0 count=0 wr_ptr=4 rd_ptr=4 rx_empty=1 rd_en=0 rd_data=xx
# [4235500000] DBG rx_done=0 count=0 wr_ptr=4 rd_ptr=4 rx_empty=1 rd_en=0 rd_data=xx
# [4236500000] DBG rx_done=0 count=0 wr_ptr=4 rd_ptr=4 rx_empty=1 rd_en=0 rd_data=xx
# [4237500000] DBG rx_done=0 count=0 wr_ptr=4 rd_ptr=4 rx_empty=1 rd_en=0 rd_data=xx
# [4238500000] DBG rx_done=0 count=0 wr_ptr=4 rd_ptr=4 rx_empty=1 rd_en=0 rd_data=xx
# [4239500000] DBG rx_done=0 count=0 wr_ptr=4 rd_ptr=4 rx_empty=1 rd_en=0 rd_data=xx
# [4240500000] DBG rx_done=0 count=0 wr_ptr=4 rd_ptr=4 rx_empty=1 rd_en=0 rd_data=xx
# [4241500000] DBG rx_done=0 count=0 wr_ptr=4 rd_ptr=4 rx_empty=1 rd_en=0 rd_data=xx
# [4242500000] DBG rx_done=0 count=0 wr_ptr=4 rd_ptr=4 rx_empty=1 rd_en=0 rd_data=xx
# [4243500000] DBG rx_done=0 count=0 wr_ptr=4 rd_ptr=4 rx_empty=1 rd_en=0 rd_data=xx
# [4244500000] DBG rx_done=0 count=0 wr_ptr=4 rd_ptr=4 rx_empty=1 rd_en=0 rd_data=xx
# [4245500000] DBG rx_done=0 count=0 wr_ptr=4 rd_ptr=4 rx_empty=1 rd_en=0 rd_data=xx
# [4246500000] DBG rx_done=0 count=0 wr_ptr=4 rd_ptr=4 rx_empty=1 rd_en=0 rd_data=xx
# [4247500000] DBG rx_done=0 count=0 wr_ptr=4 rd_ptr=4 rx_empty=1 rd_en=0 rd_data=xx
# [4248500000] DBG rx_done=0 count=0 wr_ptr=4 rd_ptr=4 rx_empty=1 rd_en=0 rd_data=xx
# [4249500000] DBG rx_done=0 count=0 wr_ptr=4 rd_ptr=4 rx_empty=1 rd_en=0 rd_data=xx
# [4250500000] DBG rx_done=0 count=0 wr_ptr=4 rd_ptr=4 rx_empty=1 rd_en=0 rd_data=xx
# [4251500000] DBG rx_done=0 count=0 wr_ptr=4 rd_ptr=4 rx_empty=1 rd_en=0 rd_data=xx
# [4252500000] DBG rx_done=0 count=0 wr_ptr=4 rd_ptr=4 rx_empty=1 rd_en=0 rd_data=xx
# [4253500000] DBG rx_done=0 count=0 wr_ptr=4 rd_ptr=4 rx_empty=1 rd_en=0 rd_data=xx
# [4254500000] DBG rx_done=0 count=0 wr_ptr=4 rd_ptr=4 rx_empty=1 rd_en=0 rd_data=xx
# [4255500000] DBG rx_done=0 count=0 wr_ptr=4 rd_ptr=4 rx_empty=1 rd_en=0 rd_data=xx
# [4256500000] DBG rx_done=0 count=0 wr_ptr=4 rd_ptr=4 rx_empty=1 rd_en=0 rd_data=xx
# [4257500000] DBG rx_done=0 count=0 wr_ptr=4 rd_ptr=4 rx_empty=1 rd_en=0 rd_data=xx
# [4258500000] DBG rx_done=0 count=0 wr_ptr=4 rd_ptr=4 rx_empty=1 rd_en=0 rd_data=xx
# [4259500000] DBG rx_done=0 count=0 wr_ptr=4 rd_ptr=4 rx_empty=1 rd_en=0 rd_data=xx
# [4260500000] DBG rx_done=0 count=0 wr_ptr=4 rd_ptr=4 rx_empty=1 rd_en=0 rd_data=xx
# [4261500000] DBG rx_done=0 count=0 wr_ptr=4 rd_ptr=4 rx_empty=1 rd_en=0 rd_data=xx
# [4262500000] DBG rx_done=0 count=0 wr_ptr=4 rd_ptr=4 rx_empty=1 rd_en=0 rd_data=xx
# [4263500000] DBG rx_done=0 count=0 wr_ptr=4 rd_ptr=4 rx_empty=1 rd_en=0 rd_data=xx
# [4264500000] DBG rx_done=0 count=0 wr_ptr=4 rd_ptr=4 rx_empty=1 rd_en=0 rd_data=xx
# [4265500000] DBG rx_done=0 count=0 wr_ptr=4 rd_ptr=4 rx_empty=1 rd_en=0 rd_data=xx
# [4266500000] DBG rx_done=0 count=0 wr_ptr=4 rd_ptr=4 rx_empty=1 rd_en=0 rd_data=xx
# [4267500000] DBG rx_done=0 count=0 wr_ptr=4 rd_ptr=4 rx_empty=1 rd_en=0 rd_data=xx
# [4268500000] DBG rx_done=0 count=0 wr_ptr=4 rd_ptr=4 rx_empty=1 rd_en=0 rd_data=xx
# [4269500000] DBG rx_done=0 count=0 wr_ptr=4 rd_ptr=4 rx_empty=1 rd_en=0 rd_data=xx
# [4270500000] DBG rx_done=0 count=0 wr_ptr=4 rd_ptr=4 rx_empty=1 rd_en=0 rd_data=xx
# [4271500000] DBG rx_done=0 count=0 wr_ptr=4 rd_ptr=4 rx_empty=1 rd_en=0 rd_data=xx
# [4272500000] DBG rx_done=0 count=0 wr_ptr=4 rd_ptr=4 rx_empty=1 rd_en=0 rd_data=xx
# [4273500000] DBG rx_done=0 count=0 wr_ptr=4 rd_ptr=4 rx_empty=1 rd_en=0 rd_data=xx
# [4274500000] DBG rx_done=0 count=0 wr_ptr=4 rd_ptr=4 rx_empty=1 rd_en=0 rd_data=xx
# [4275500000] DBG rx_done=0 count=0 wr_ptr=4 rd_ptr=4 rx_empty=1 rd_en=0 rd_data=xx
# [4276500000] DBG rx_done=0 count=0 wr_ptr=4 rd_ptr=4 rx_empty=1 rd_en=0 rd_data=xx
# [4277500000] DBG rx_done=0 count=0 wr_ptr=4 rd_ptr=4 rx_empty=1 rd_en=0 rd_data=xx
# [4278500000] DBG rx_done=0 count=0 wr_ptr=4 rd_ptr=4 rx_empty=1 rd_en=0 rd_data=xx
# [4279500000] DBG rx_done=0 count=0 wr_ptr=4 rd_ptr=4 rx_empty=1 rd_en=0 rd_data=xx
# [4280500000] DBG rx_done=0 count=0 wr_ptr=4 rd_ptr=4 rx_empty=1 rd_en=0 rd_data=xx
# [4281500000] DBG rx_done=0 count=0 wr_ptr=4 rd_ptr=4 rx_empty=1 rd_en=0 rd_data=xx
# [4282500000] DBG rx_done=0 count=0 wr_ptr=4 rd_ptr=4 rx_empty=1 rd_en=0 rd_data=xx
# [4283500000] DBG rx_done=0 count=0 wr_ptr=4 rd_ptr=4 rx_empty=1 rd_en=0 rd_data=xx
# [4284500000] DBG rx_done=0 count=0 wr_ptr=4 rd_ptr=4 rx_empty=1 rd_en=0 rd_data=xx
# [4285500000] DBG rx_done=0 count=0 wr_ptr=4 rd_ptr=4 rx_empty=1 rd_en=0 rd_data=xx
# [4286500000] DBG rx_done=0 count=0 wr_ptr=4 rd_ptr=4 rx_empty=1 rd_en=0 rd_data=xx
# [4287500000] DBG rx_done=0 count=0 wr_ptr=4 rd_ptr=4 rx_empty=1 rd_en=0 rd_data=xx
# [4288500000] DBG rx_done=0 count=0 wr_ptr=4 rd_ptr=4 rx_empty=1 rd_en=0 rd_data=xx
# [4289500000] DBG rx_done=0 count=0 wr_ptr=4 rd_ptr=4 rx_empty=1 rd_en=0 rd_data=xx
# [4290500000] DBG rx_done=0 count=0 wr_ptr=4 rd_ptr=4 rx_empty=1 rd_en=0 rd_data=xx
# [4291500000] DBG rx_done=0 count=0 wr_ptr=4 rd_ptr=4 rx_empty=1 rd_en=0 rd_data=xx
# [4292500000] DBG rx_done=0 count=0 wr_ptr=4 rd_ptr=4 rx_empty=1 rd_en=0 rd_data=xx
# [4293500000] DBG rx_done=0 count=0 wr_ptr=4 rd_ptr=4 rx_empty=1 rd_en=0 rd_data=xx
# [4294500000] DBG rx_done=0 count=0 wr_ptr=4 rd_ptr=4 rx_empty=1 rd_en=0 rd_data=xx
# [4295500000] DBG rx_done=0 count=0 wr_ptr=4 rd_ptr=4 rx_empty=1 rd_en=0 rd_data=xx
# [4296500000] DBG rx_done=0 count=0 wr_ptr=4 rd_ptr=4 rx_empty=1 rd_en=0 rd_data=xx
# [4297500000] DBG rx_done=0 count=0 wr_ptr=4 rd_ptr=4 rx_empty=1 rd_en=0 rd_data=xx
# [4298500000] DBG rx_done=0 count=0 wr_ptr=4 rd_ptr=4 rx_empty=1 rd_en=0 rd_data=xx
# [4299500000] DBG rx_done=0 count=0 wr_ptr=4 rd_ptr=4 rx_empty=1 rd_en=0 rd_data=xx
# [4300500000] DBG rx_done=0 count=0 wr_ptr=4 rd_ptr=4 rx_empty=1 rd_en=0 rd_data=xx
# [4301500000] DBG rx_done=0 count=0 wr_ptr=4 rd_ptr=4 rx_empty=1 rd_en=0 rd_data=xx
# [4302500000] DBG rx_done=0 count=0 wr_ptr=4 rd_ptr=4 rx_empty=1 rd_en=0 rd_data=xx
# [4303500000] DBG rx_done=0 count=0 wr_ptr=4 rd_ptr=4 rx_empty=1 rd_en=0 rd_data=xx
# [4304500000] DBG rx_done=0 count=0 wr_ptr=4 rd_ptr=4 rx_empty=1 rd_en=0 rd_data=xx
# [4305500000] DBG rx_done=0 count=0 wr_ptr=4 rd_ptr=4 rx_empty=1 rd_en=0 rd_data=xx
# [4306500000] DBG rx_done=0 count=0 wr_ptr=4 rd_ptr=4 rx_empty=1 rd_en=0 rd_data=xx
# [4307500000] DBG rx_done=0 count=0 wr_ptr=4 rd_ptr=4 rx_empty=1 rd_en=0 rd_data=xx
# [4308500000] DBG rx_done=0 count=0 wr_ptr=4 rd_ptr=4 rx_empty=1 rd_en=0 rd_data=xx
# [4309500000] DBG rx_done=0 count=0 wr_ptr=4 rd_ptr=4 rx_empty=1 rd_en=0 rd_data=xx
# [4310500000] DBG rx_done=0 count=0 wr_ptr=4 rd_ptr=4 rx_empty=1 rd_en=0 rd_data=xx
# [4311500000] DBG rx_done=0 count=0 wr_ptr=4 rd_ptr=4 rx_empty=1 rd_en=0 rd_data=xx
# [4312500000] DBG rx_done=0 count=0 wr_ptr=4 rd_ptr=4 rx_empty=1 rd_en=0 rd_data=xx
# [4313500000] DBG rx_done=0 count=0 wr_ptr=4 rd_ptr=4 rx_empty=1 rd_en=0 rd_data=xx
# [4314500000] DBG rx_done=0 count=0 wr_ptr=4 rd_ptr=4 rx_empty=1 rd_en=0 rd_data=xx
# [4315500000] DBG rx_done=0 count=0 wr_ptr=4 rd_ptr=4 rx_empty=1 rd_en=0 rd_data=xx
# [4316500000] DBG rx_done=0 count=0 wr_ptr=4 rd_ptr=4 rx_empty=1 rd_en=0 rd_data=xx
# [4317500000] DBG rx_done=0 count=0 wr_ptr=4 rd_ptr=4 rx_empty=1 rd_en=0 rd_data=xx
# [4318500000] DBG rx_done=0 count=0 wr_ptr=4 rd_ptr=4 rx_empty=1 rd_en=0 rd_data=xx
# [4319500000] DBG rx_done=0 count=0 wr_ptr=4 rd_ptr=4 rx_empty=1 rd_en=0 rd_data=xx
# [4320500000] DBG rx_done=0 count=0 wr_ptr=4 rd_ptr=4 rx_empty=1 rd_en=0 rd_data=xx
# [4321500000] DBG rx_done=0 count=0 wr_ptr=4 rd_ptr=4 rx_empty=1 rd_en=0 rd_data=xx
# [4322500000] DBG rx_done=0 count=0 wr_ptr=4 rd_ptr=4 rx_empty=1 rd_en=0 rd_data=xx
# [4323500000] DBG rx_done=0 count=0 wr_ptr=4 rd_ptr=4 rx_empty=1 rd_en=0 rd_data=xx
# [4324500000] DBG rx_done=0 count=0 wr_ptr=4 rd_ptr=4 rx_empty=1 rd_en=0 rd_data=xx
# [4325500000] DBG rx_done=0 count=0 wr_ptr=4 rd_ptr=4 rx_empty=1 rd_en=0 rd_data=xx
# [4326500000] DBG rx_done=0 count=0 wr_ptr=4 rd_ptr=4 rx_empty=1 rd_en=0 rd_data=xx
# [4327500000] DBG rx_done=0 count=0 wr_ptr=4 rd_ptr=4 rx_empty=1 rd_en=0 rd_data=xx
# [4328500000] DBG rx_done=0 count=0 wr_ptr=4 rd_ptr=4 rx_empty=1 rd_en=0 rd_data=xx
# [4329500000] DBG rx_done=0 count=0 wr_ptr=4 rd_ptr=4 rx_empty=1 rd_en=0 rd_data=xx
# [4330500000] DBG rx_done=0 count=0 wr_ptr=4 rd_ptr=4 rx_empty=1 rd_en=0 rd_data=xx
# [4331500000] DBG rx_done=0 count=0 wr_ptr=4 rd_ptr=4 rx_empty=1 rd_en=0 rd_data=xx
# [4332500000] DBG rx_done=0 count=0 wr_ptr=4 rd_ptr=4 rx_empty=1 rd_en=0 rd_data=xx
# [4333500000] DBG rx_done=0 count=0 wr_ptr=4 rd_ptr=4 rx_empty=1 rd_en=0 rd_data=xx
# [4334500000] DBG rx_done=0 count=0 wr_ptr=4 rd_ptr=4 rx_empty=1 rd_en=0 rd_data=xx
# [4335500000] DBG rx_done=0 count=0 wr_ptr=4 rd_ptr=4 rx_empty=1 rd_en=0 rd_data=xx
# [4336500000] DBG rx_done=0 count=0 wr_ptr=4 rd_ptr=4 rx_empty=1 rd_en=0 rd_data=xx
# [4337500000] DBG rx_done=0 count=0 wr_ptr=4 rd_ptr=4 rx_empty=1 rd_en=0 rd_data=xx
# [4338500000] DBG rx_done=0 count=0 wr_ptr=4 rd_ptr=4 rx_empty=1 rd_en=0 rd_data=xx
# [4339500000] DBG rx_done=0 count=0 wr_ptr=4 rd_ptr=4 rx_empty=1 rd_en=0 rd_data=xx
# [4340500000] DBG rx_done=0 count=0 wr_ptr=4 rd_ptr=4 rx_empty=1 rd_en=0 rd_data=xx
# [4341500000] DBG rx_done=0 count=0 wr_ptr=4 rd_ptr=4 rx_empty=1 rd_en=0 rd_data=xx
# [4342500000] DBG rx_done=0 count=0 wr_ptr=4 rd_ptr=4 rx_empty=1 rd_en=0 rd_data=xx
# [4343500000] DBG rx_done=0 count=0 wr_ptr=4 rd_ptr=4 rx_empty=1 rd_en=0 rd_data=xx
# [4344500000] DBG rx_done=0 count=0 wr_ptr=4 rd_ptr=4 rx_empty=1 rd_en=0 rd_data=xx
# [4345500000] DBG rx_done=0 count=0 wr_ptr=4 rd_ptr=4 rx_empty=1 rd_en=0 rd_data=xx
# [4346500000] DBG rx_done=0 count=0 wr_ptr=4 rd_ptr=4 rx_empty=1 rd_en=0 rd_data=xx
# [4347500000] DBG rx_done=0 count=0 wr_ptr=4 rd_ptr=4 rx_empty=1 rd_en=0 rd_data=xx
# [4348500000] DBG rx_done=0 count=0 wr_ptr=4 rd_ptr=4 rx_empty=1 rd_en=0 rd_data=xx
# [4349500000] DBG rx_done=0 count=0 wr_ptr=4 rd_ptr=4 rx_empty=1 rd_en=0 rd_data=xx
# [4350500000] DBG rx_done=0 count=0 wr_ptr=4 rd_ptr=4 rx_empty=1 rd_en=0 rd_data=xx
# [4351500000] DBG rx_done=0 count=0 wr_ptr=4 rd_ptr=4 rx_empty=1 rd_en=0 rd_data=xx
# [4352500000] DBG rx_done=0 count=0 wr_ptr=4 rd_ptr=4 rx_empty=1 rd_en=0 rd_data=xx
# [4353500000] DBG rx_done=0 count=0 wr_ptr=4 rd_ptr=4 rx_empty=1 rd_en=0 rd_data=xx
# [4354500000] DBG rx_done=0 count=0 wr_ptr=4 rd_ptr=4 rx_empty=1 rd_en=0 rd_data=xx
# [4355500000] DBG rx_done=0 count=0 wr_ptr=4 rd_ptr=4 rx_empty=1 rd_en=0 rd_data=xx
# [4356500000] DBG rx_done=0 count=0 wr_ptr=4 rd_ptr=4 rx_empty=1 rd_en=0 rd_data=xx
# [4357500000] DBG rx_done=0 count=0 wr_ptr=4 rd_ptr=4 rx_empty=1 rd_en=0 rd_data=xx
# [4358500000] DBG rx_done=0 count=0 wr_ptr=4 rd_ptr=4 rx_empty=1 rd_en=0 rd_data=xx
# [4359500000] DBG rx_done=0 count=0 wr_ptr=4 rd_ptr=4 rx_empty=1 rd_en=0 rd_data=xx
# [4360500000] DBG rx_done=0 count=0 wr_ptr=4 rd_ptr=4 rx_empty=1 rd_en=0 rd_data=xx
# [4361500000] DBG rx_done=0 count=0 wr_ptr=4 rd_ptr=4 rx_empty=1 rd_en=0 rd_data=xx
# [4362500000] DBG rx_done=0 count=0 wr_ptr=4 rd_ptr=4 rx_empty=1 rd_en=0 rd_data=xx
# [4363500000] DBG rx_done=0 count=0 wr_ptr=4 rd_ptr=4 rx_empty=1 rd_en=0 rd_data=xx
# [4364500000] DBG rx_done=0 count=0 wr_ptr=4 rd_ptr=4 rx_empty=1 rd_en=0 rd_data=xx
# [4365500000] DBG rx_done=0 count=0 wr_ptr=4 rd_ptr=4 rx_empty=1 rd_en=0 rd_data=xx
# [4366500000] DBG rx_done=0 count=0 wr_ptr=4 rd_ptr=4 rx_empty=1 rd_en=0 rd_data=xx
# [4367500000] DBG rx_done=0 count=0 wr_ptr=4 rd_ptr=4 rx_empty=1 rd_en=0 rd_data=xx
# [4368500000] DBG rx_done=0 count=0 wr_ptr=4 rd_ptr=4 rx_empty=1 rd_en=0 rd_data=xx
# [4369500000] DBG rx_done=0 count=0 wr_ptr=4 rd_ptr=4 rx_empty=1 rd_en=0 rd_data=xx
# [4370500000] DBG rx_done=0 count=0 wr_ptr=4 rd_ptr=4 rx_empty=1 rd_en=0 rd_data=xx
# [4371500000] DBG rx_done=0 count=0 wr_ptr=4 rd_ptr=4 rx_empty=1 rd_en=0 rd_data=xx
# [4372500000] DBG rx_done=0 count=0 wr_ptr=4 rd_ptr=4 rx_empty=1 rd_en=0 rd_data=xx
# [4373500000] DBG rx_done=0 count=0 wr_ptr=4 rd_ptr=4 rx_empty=1 rd_en=0 rd_data=xx
# [4374500000] DBG rx_done=0 count=0 wr_ptr=4 rd_ptr=4 rx_empty=1 rd_en=0 rd_data=xx
# [4375500000] DBG rx_done=0 count=0 wr_ptr=4 rd_ptr=4 rx_empty=1 rd_en=0 rd_data=xx
# [4376500000] DBG rx_done=0 count=0 wr_ptr=4 rd_ptr=4 rx_empty=1 rd_en=0 rd_data=xx
# [4377500000] DBG rx_done=0 count=0 wr_ptr=4 rd_ptr=4 rx_empty=1 rd_en=0 rd_data=xx
# [4378500000] DBG rx_done=0 count=0 wr_ptr=4 rd_ptr=4 rx_empty=1 rd_en=0 rd_data=xx
# [4379500000] DBG rx_done=0 count=0 wr_ptr=4 rd_ptr=4 rx_empty=1 rd_en=0 rd_data=xx
# [4380500000] DBG rx_done=0 count=0 wr_ptr=4 rd_ptr=4 rx_empty=1 rd_en=0 rd_data=xx
# [4381500000] DBG rx_done=0 count=0 wr_ptr=4 rd_ptr=4 rx_empty=1 rd_en=0 rd_data=xx
# [4382500000] DBG rx_done=0 count=0 wr_ptr=4 rd_ptr=4 rx_empty=1 rd_en=0 rd_data=xx
# [4383500000] DBG rx_done=0 count=0 wr_ptr=4 rd_ptr=4 rx_empty=1 rd_en=0 rd_data=xx
# [4384500000] DBG rx_done=0 count=0 wr_ptr=4 rd_ptr=4 rx_empty=1 rd_en=0 rd_data=xx
# [4385500000] DBG rx_done=0 count=0 wr_ptr=4 rd_ptr=4 rx_empty=1 rd_en=0 rd_data=xx
# [4386500000] DBG rx_done=0 count=0 wr_ptr=4 rd_ptr=4 rx_empty=1 rd_en=0 rd_data=xx
# [4387500000] DBG rx_done=0 count=0 wr_ptr=4 rd_ptr=4 rx_empty=1 rd_en=0 rd_data=xx
# [4388500000] DBG rx_done=0 count=0 wr_ptr=4 rd_ptr=4 rx_empty=1 rd_en=0 rd_data=xx
# [4389500000] DBG rx_done=0 count=0 wr_ptr=4 rd_ptr=4 rx_empty=1 rd_en=0 rd_data=xx
# [4390500000] DBG rx_done=0 count=0 wr_ptr=4 rd_ptr=4 rx_empty=1 rd_en=0 rd_data=xx
# [4391500000] DBG rx_done=0 count=0 wr_ptr=4 rd_ptr=4 rx_empty=1 rd_en=0 rd_data=xx
# [4392500000] DBG rx_done=0 count=0 wr_ptr=4 rd_ptr=4 rx_empty=1 rd_en=0 rd_data=xx
# [4393500000] DBG rx_done=0 count=0 wr_ptr=4 rd_ptr=4 rx_empty=1 rd_en=0 rd_data=xx
# [4394500000] DBG rx_done=0 count=0 wr_ptr=4 rd_ptr=4 rx_empty=1 rd_en=0 rd_data=xx
# [4395500000] DBG rx_done=0 count=0 wr_ptr=4 rd_ptr=4 rx_empty=1 rd_en=0 rd_data=xx
# [4396500000] DBG rx_done=0 count=0 wr_ptr=4 rd_ptr=4 rx_empty=1 rd_en=0 rd_data=xx
# [4397500000] DBG rx_done=0 count=0 wr_ptr=4 rd_ptr=4 rx_empty=1 rd_en=0 rd_data=xx
# [4398500000] DBG rx_done=0 count=0 wr_ptr=4 rd_ptr=4 rx_empty=1 rd_en=0 rd_data=xx
# [4399500000] DBG rx_done=0 count=0 wr_ptr=4 rd_ptr=4 rx_empty=1 rd_en=0 rd_data=xx
# [4400500000] DBG rx_done=0 count=0 wr_ptr=4 rd_ptr=4 rx_empty=1 rd_en=0 rd_data=xx
# [4401500000] DBG rx_done=0 count=0 wr_ptr=4 rd_ptr=4 rx_empty=1 rd_en=0 rd_data=xx
# [4402500000] DBG rx_done=0 count=0 wr_ptr=4 rd_ptr=4 rx_empty=1 rd_en=0 rd_data=xx
# [4403500000] DBG rx_done=0 count=0 wr_ptr=4 rd_ptr=4 rx_empty=1 rd_en=0 rd_data=xx
# [4404500000] DBG rx_done=0 count=0 wr_ptr=4 rd_ptr=4 rx_empty=1 rd_en=0 rd_data=xx
# [4405500000] DBG rx_done=0 count=0 wr_ptr=4 rd_ptr=4 rx_empty=1 rd_en=0 rd_data=xx
# [4406500000] DBG rx_done=0 count=0 wr_ptr=4 rd_ptr=4 rx_empty=1 rd_en=0 rd_data=xx
# [4407500000] DBG rx_done=0 count=0 wr_ptr=4 rd_ptr=4 rx_empty=1 rd_en=0 rd_data=xx
# [4408500000] DBG rx_done=0 count=0 wr_ptr=4 rd_ptr=4 rx_empty=1 rd_en=0 rd_data=xx
# [4409500000] DBG rx_done=0 count=0 wr_ptr=4 rd_ptr=4 rx_empty=1 rd_en=0 rd_data=xx
# [4410500000] DBG rx_done=0 count=0 wr_ptr=4 rd_ptr=4 rx_empty=1 rd_en=0 rd_data=xx
# [4411500000] DBG rx_done=0 count=0 wr_ptr=4 rd_ptr=4 rx_empty=1 rd_en=0 rd_data=xx
# [4412500000] DBG rx_done=0 count=0 wr_ptr=4 rd_ptr=4 rx_empty=1 rd_en=0 rd_data=xx
# [4413500000] DBG rx_done=0 count=0 wr_ptr=4 rd_ptr=4 rx_empty=1 rd_en=0 rd_data=xx
# [4414500000] DBG rx_done=0 count=0 wr_ptr=4 rd_ptr=4 rx_empty=1 rd_en=0 rd_data=xx
# [4415500000] DBG rx_done=0 count=0 wr_ptr=4 rd_ptr=4 rx_empty=1 rd_en=0 rd_data=xx
# [4416500000] DBG rx_done=0 count=0 wr_ptr=4 rd_ptr=4 rx_empty=1 rd_en=0 rd_data=xx
# [4417500000] DBG rx_done=0 count=0 wr_ptr=4 rd_ptr=4 rx_empty=1 rd_en=0 rd_data=xx
# [4418500000] DBG rx_done=0 count=0 wr_ptr=4 rd_ptr=4 rx_empty=1 rd_en=0 rd_data=xx
# [4419500000] DBG rx_done=0 count=0 wr_ptr=4 rd_ptr=4 rx_empty=1 rd_en=0 rd_data=xx
# [4420500000] DBG rx_done=0 count=0 wr_ptr=4 rd_ptr=4 rx_empty=1 rd_en=0 rd_data=xx
# [4421500000] DBG rx_done=0 count=0 wr_ptr=4 rd_ptr=4 rx_empty=1 rd_en=0 rd_data=xx
# [4422500000] DBG rx_done=0 count=0 wr_ptr=4 rd_ptr=4 rx_empty=1 rd_en=0 rd_data=xx
# [4423500000] DBG rx_done=0 count=0 wr_ptr=4 rd_ptr=4 rx_empty=1 rd_en=0 rd_data=xx
# [4424500000] DBG rx_done=0 count=0 wr_ptr=4 rd_ptr=4 rx_empty=1 rd_en=0 rd_data=xx
# [4425500000] DBG rx_done=0 count=0 wr_ptr=4 rd_ptr=4 rx_empty=1 rd_en=0 rd_data=xx
# [4426500000] DBG rx_done=0 count=0 wr_ptr=4 rd_ptr=4 rx_empty=1 rd_en=0 rd_data=xx
# [4427500000] DBG rx_done=0 count=0 wr_ptr=4 rd_ptr=4 rx_empty=1 rd_en=0 rd_data=xx
# [4428500000] DBG rx_done=0 count=0 wr_ptr=4 rd_ptr=4 rx_empty=1 rd_en=0 rd_data=xx
# [4429500000] DBG rx_done=0 count=0 wr_ptr=4 rd_ptr=4 rx_empty=1 rd_en=0 rd_data=xx
# [4430500000] DBG rx_done=0 count=0 wr_ptr=4 rd_ptr=4 rx_empty=1 rd_en=0 rd_data=xx
# [4431500000] DBG rx_done=0 count=0 wr_ptr=4 rd_ptr=4 rx_empty=1 rd_en=0 rd_data=xx
# [4432500000] DBG rx_done=0 count=0 wr_ptr=4 rd_ptr=4 rx_empty=1 rd_en=0 rd_data=xx
# [4433500000] DBG rx_done=0 count=0 wr_ptr=4 rd_ptr=4 rx_empty=1 rd_en=0 rd_data=xx
# [4434500000] DBG rx_done=0 count=0 wr_ptr=4 rd_ptr=4 rx_empty=1 rd_en=0 rd_data=xx
# [4435500000] DBG rx_done=0 count=0 wr_ptr=4 rd_ptr=4 rx_empty=1 rd_en=0 rd_data=xx
# [4436500000] DBG rx_done=0 count=0 wr_ptr=4 rd_ptr=4 rx_empty=1 rd_en=0 rd_data=xx
# [4437500000] DBG rx_done=0 count=0 wr_ptr=4 rd_ptr=4 rx_empty=1 rd_en=0 rd_data=xx
# [4438500000] DBG rx_done=0 count=0 wr_ptr=4 rd_ptr=4 rx_empty=1 rd_en=0 rd_data=xx
# [4439500000] DBG rx_done=0 count=0 wr_ptr=4 rd_ptr=4 rx_empty=1 rd_en=0 rd_data=xx
# [4440500000] DBG rx_done=0 count=0 wr_ptr=4 rd_ptr=4 rx_empty=1 rd_en=0 rd_data=xx
# [4441500000] DBG rx_done=0 count=0 wr_ptr=4 rd_ptr=4 rx_empty=1 rd_en=0 rd_data=xx
# [4442500000] DBG rx_done=0 count=0 wr_ptr=4 rd_ptr=4 rx_empty=1 rd_en=0 rd_data=xx
# [4443500000] DBG rx_done=0 count=0 wr_ptr=4 rd_ptr=4 rx_empty=1 rd_en=0 rd_data=xx
# [4444500000] DBG rx_done=0 count=0 wr_ptr=4 rd_ptr=4 rx_empty=1 rd_en=0 rd_data=xx
# [4445500000] DBG rx_done=0 count=0 wr_ptr=4 rd_ptr=4 rx_empty=1 rd_en=0 rd_data=xx
# [4446500000] DBG rx_done=0 count=0 wr_ptr=4 rd_ptr=4 rx_empty=1 rd_en=0 rd_data=xx
# [4447500000] DBG rx_done=0 count=0 wr_ptr=4 rd_ptr=4 rx_empty=1 rd_en=0 rd_data=xx
# [4448500000] DBG rx_done=0 count=0 wr_ptr=4 rd_ptr=4 rx_empty=1 rd_en=0 rd_data=xx
# [4449500000] DBG rx_done=0 count=0 wr_ptr=4 rd_ptr=4 rx_empty=1 rd_en=0 rd_data=xx
# [4450500000] DBG rx_done=0 count=0 wr_ptr=4 rd_ptr=4 rx_empty=1 rd_en=0 rd_data=xx
# [4451500000] DBG rx_done=0 count=0 wr_ptr=4 rd_ptr=4 rx_empty=1 rd_en=0 rd_data=xx
# [4452500000] DBG rx_done=0 count=0 wr_ptr=4 rd_ptr=4 rx_empty=1 rd_en=0 rd_data=xx
# [4453500000] DBG rx_done=0 count=0 wr_ptr=4 rd_ptr=4 rx_empty=1 rd_en=0 rd_data=xx
# [4454500000] DBG rx_done=0 count=0 wr_ptr=4 rd_ptr=4 rx_empty=1 rd_en=0 rd_data=xx
# [4455500000] DBG rx_done=0 count=0 wr_ptr=4 rd_ptr=4 rx_empty=1 rd_en=0 rd_data=xx
# [4456500000] DBG rx_done=0 count=0 wr_ptr=4 rd_ptr=4 rx_empty=1 rd_en=0 rd_data=xx
# [4457500000] DBG rx_done=0 count=0 wr_ptr=4 rd_ptr=4 rx_empty=1 rd_en=0 rd_data=xx
# [4458500000] DBG rx_done=0 count=0 wr_ptr=4 rd_ptr=4 rx_empty=1 rd_en=0 rd_data=xx
# [4459500000] DBG rx_done=0 count=0 wr_ptr=4 rd_ptr=4 rx_empty=1 rd_en=0 rd_data=xx
# [4460500000] DBG rx_done=0 count=0 wr_ptr=4 rd_ptr=4 rx_empty=1 rd_en=0 rd_data=xx
# [4461500000] DBG rx_done=0 count=0 wr_ptr=4 rd_ptr=4 rx_empty=1 rd_en=0 rd_data=xx
# [4462500000] DBG rx_done=0 count=0 wr_ptr=4 rd_ptr=4 rx_empty=1 rd_en=0 rd_data=xx
# [4463500000] DBG rx_done=0 count=0 wr_ptr=4 rd_ptr=4 rx_empty=1 rd_en=0 rd_data=xx
# [4464500000] DBG rx_done=0 count=0 wr_ptr=4 rd_ptr=4 rx_empty=1 rd_en=0 rd_data=xx
# [4465500000] DBG rx_done=0 count=0 wr_ptr=4 rd_ptr=4 rx_empty=1 rd_en=0 rd_data=xx
# [4466500000] DBG rx_done=0 count=0 wr_ptr=4 rd_ptr=4 rx_empty=1 rd_en=0 rd_data=xx
# [4467500000] DBG rx_done=0 count=0 wr_ptr=4 rd_ptr=4 rx_empty=1 rd_en=0 rd_data=xx
# [4468500000] DBG rx_done=0 count=0 wr_ptr=4 rd_ptr=4 rx_empty=1 rd_en=0 rd_data=xx
# [4469500000] DBG rx_done=0 count=0 wr_ptr=4 rd_ptr=4 rx_empty=1 rd_en=0 rd_data=xx
# [4470500000] DBG rx_done=0 count=0 wr_ptr=4 rd_ptr=4 rx_empty=1 rd_en=0 rd_data=xx
# [4471500000] DBG rx_done=0 count=0 wr_ptr=4 rd_ptr=4 rx_empty=1 rd_en=0 rd_data=xx
# [4472500000] DBG rx_done=0 count=0 wr_ptr=4 rd_ptr=4 rx_empty=1 rd_en=0 rd_data=xx
# [4473500000] DBG rx_done=0 count=0 wr_ptr=4 rd_ptr=4 rx_empty=1 rd_en=0 rd_data=xx
# [4474500000] DBG rx_done=0 count=0 wr_ptr=4 rd_ptr=4 rx_empty=1 rd_en=0 rd_data=xx
# [4475500000] DBG rx_done=0 count=0 wr_ptr=4 rd_ptr=4 rx_empty=1 rd_en=0 rd_data=xx
# [4476500000] DBG rx_done=0 count=0 wr_ptr=4 rd_ptr=4 rx_empty=1 rd_en=0 rd_data=xx
# [4477500000] DBG rx_done=0 count=0 wr_ptr=4 rd_ptr=4 rx_empty=1 rd_en=0 rd_data=xx
# [4478500000] DBG rx_done=0 count=0 wr_ptr=4 rd_ptr=4 rx_empty=1 rd_en=0 rd_data=xx
# [4479500000] DBG rx_done=0 count=0 wr_ptr=4 rd_ptr=4 rx_empty=1 rd_en=0 rd_data=xx
# [4480500000] DBG rx_done=0 count=0 wr_ptr=4 rd_ptr=4 rx_empty=1 rd_en=0 rd_data=xx
# [4481500000] DBG rx_done=0 count=0 wr_ptr=4 rd_ptr=4 rx_empty=1 rd_en=0 rd_data=xx
# [4482500000] DBG rx_done=0 count=0 wr_ptr=4 rd_ptr=4 rx_empty=1 rd_en=0 rd_data=xx
# [4483500000] DBG rx_done=0 count=0 wr_ptr=4 rd_ptr=4 rx_empty=1 rd_en=0 rd_data=xx
# [4484500000] DBG rx_done=0 count=0 wr_ptr=4 rd_ptr=4 rx_empty=1 rd_en=0 rd_data=xx
# [4485500000] DBG rx_done=0 count=0 wr_ptr=4 rd_ptr=4 rx_empty=1 rd_en=0 rd_data=xx
# [4486500000] DBG rx_done=0 count=0 wr_ptr=4 rd_ptr=4 rx_empty=1 rd_en=0 rd_data=xx
# [4487500000] DBG rx_done=0 count=0 wr_ptr=4 rd_ptr=4 rx_empty=1 rd_en=0 rd_data=xx
# [4488500000] DBG rx_done=0 count=0 wr_ptr=4 rd_ptr=4 rx_empty=1 rd_en=0 rd_data=xx
# [4489500000] DBG rx_done=0 count=0 wr_ptr=4 rd_ptr=4 rx_empty=1 rd_en=0 rd_data=xx
# [4490500000] DBG rx_done=0 count=0 wr_ptr=4 rd_ptr=4 rx_empty=1 rd_en=0 rd_data=xx
# [4491500000] DBG rx_done=0 count=0 wr_ptr=4 rd_ptr=4 rx_empty=1 rd_en=0 rd_data=xx
# [4492500000] DBG rx_done=0 count=0 wr_ptr=4 rd_ptr=4 rx_empty=1 rd_en=0 rd_data=xx
# [4493500000] DBG rx_done=0 count=0 wr_ptr=4 rd_ptr=4 rx_empty=1 rd_en=0 rd_data=xx
# [4494500000] DBG rx_done=0 count=0 wr_ptr=4 rd_ptr=4 rx_empty=1 rd_en=0 rd_data=xx
# [4495500000] DBG rx_done=0 count=0 wr_ptr=4 rd_ptr=4 rx_empty=1 rd_en=0 rd_data=xx
# [4496500000] DBG rx_done=0 count=0 wr_ptr=4 rd_ptr=4 rx_empty=1 rd_en=0 rd_data=xx
# [4497500000] DBG rx_done=0 count=0 wr_ptr=4 rd_ptr=4 rx_empty=1 rd_en=0 rd_data=xx
# [4498500000] DBG rx_done=0 count=0 wr_ptr=4 rd_ptr=4 rx_empty=1 rd_en=0 rd_data=xx
# [4499500000] DBG rx_done=0 count=0 wr_ptr=4 rd_ptr=4 rx_empty=1 rd_en=0 rd_data=xx
# [4500500000] DBG rx_done=0 count=0 wr_ptr=4 rd_ptr=4 rx_empty=1 rd_en=0 rd_data=xx
# [4501500000] DBG rx_done=0 count=0 wr_ptr=4 rd_ptr=4 rx_empty=1 rd_en=0 rd_data=xx
# [4502500000] DBG rx_done=0 count=0 wr_ptr=4 rd_ptr=4 rx_empty=1 rd_en=0 rd_data=xx
# [4503500000] DBG rx_done=0 count=0 wr_ptr=4 rd_ptr=4 rx_empty=1 rd_en=0 rd_data=xx
# [4504500000] DBG rx_done=0 count=0 wr_ptr=4 rd_ptr=4 rx_empty=1 rd_en=0 rd_data=xx
# [4505500000] DBG rx_done=0 count=0 wr_ptr=4 rd_ptr=4 rx_empty=1 rd_en=0 rd_data=xx
# [4506500000] DBG rx_done=0 count=0 wr_ptr=4 rd_ptr=4 rx_empty=1 rd_en=0 rd_data=xx
# [4507500000] DBG rx_done=0 count=0 wr_ptr=4 rd_ptr=4 rx_empty=1 rd_en=0 rd_data=xx
# [4508500000] DBG rx_done=0 count=0 wr_ptr=4 rd_ptr=4 rx_empty=1 rd_en=0 rd_data=xx
# [4509500000] DBG rx_done=0 count=0 wr_ptr=4 rd_ptr=4 rx_empty=1 rd_en=0 rd_data=xx
# [4510500000] DBG rx_done=0 count=0 wr_ptr=4 rd_ptr=4 rx_empty=1 rd_en=0 rd_data=xx
# [4511500000] DBG rx_done=0 count=0 wr_ptr=4 rd_ptr=4 rx_empty=1 rd_en=0 rd_data=xx
# [4512500000] DBG rx_done=0 count=0 wr_ptr=4 rd_ptr=4 rx_empty=1 rd_en=0 rd_data=xx
# [4513500000] DBG rx_done=0 count=0 wr_ptr=4 rd_ptr=4 rx_empty=1 rd_en=0 rd_data=xx
# [4514500000] DBG rx_done=0 count=0 wr_ptr=4 rd_ptr=4 rx_empty=1 rd_en=0 rd_data=xx
# [4515500000] DBG rx_done=0 count=0 wr_ptr=4 rd_ptr=4 rx_empty=1 rd_en=0 rd_data=xx
# [4516500000] DBG rx_done=0 count=0 wr_ptr=4 rd_ptr=4 rx_empty=1 rd_en=0 rd_data=xx
# [4517500000] DBG rx_done=0 count=0 wr_ptr=4 rd_ptr=4 rx_empty=1 rd_en=0 rd_data=xx
# [4518500000] DBG rx_done=0 count=0 wr_ptr=4 rd_ptr=4 rx_empty=1 rd_en=0 rd_data=xx
# [4519500000] DBG rx_done=0 count=0 wr_ptr=4 rd_ptr=4 rx_empty=1 rd_en=0 rd_data=xx
# [4520500000] DBG rx_done=0 count=0 wr_ptr=4 rd_ptr=4 rx_empty=1 rd_en=0 rd_data=xx
# [4521500000] DBG rx_done=0 count=0 wr_ptr=4 rd_ptr=4 rx_empty=1 rd_en=0 rd_data=xx
# [4522500000] DBG rx_done=0 count=0 wr_ptr=4 rd_ptr=4 rx_empty=1 rd_en=0 rd_data=xx
# [4523500000] DBG rx_done=0 count=0 wr_ptr=4 rd_ptr=4 rx_empty=1 rd_en=0 rd_data=xx
# [4524500000] DBG rx_done=0 count=0 wr_ptr=4 rd_ptr=4 rx_empty=1 rd_en=0 rd_data=xx
# [4525500000] DBG rx_done=0 count=0 wr_ptr=4 rd_ptr=4 rx_empty=1 rd_en=0 rd_data=xx
# [4526500000] DBG rx_done=0 count=0 wr_ptr=4 rd_ptr=4 rx_empty=1 rd_en=0 rd_data=xx
# [4527500000] DBG rx_done=0 count=0 wr_ptr=4 rd_ptr=4 rx_empty=1 rd_en=0 rd_data=xx
# [4528500000] DBG rx_done=0 count=0 wr_ptr=4 rd_ptr=4 rx_empty=1 rd_en=0 rd_data=xx
# [4529500000] DBG rx_done=0 count=0 wr_ptr=4 rd_ptr=4 rx_empty=1 rd_en=0 rd_data=xx
# [4530500000] DBG rx_done=0 count=0 wr_ptr=4 rd_ptr=4 rx_empty=1 rd_en=0 rd_data=xx
# [4531500000] DBG rx_done=0 count=0 wr_ptr=4 rd_ptr=4 rx_empty=1 rd_en=0 rd_data=xx
# [4532500000] DBG rx_done=0 count=0 wr_ptr=4 rd_ptr=4 rx_empty=1 rd_en=0 rd_data=xx
# [4533500000] DBG rx_done=0 count=0 wr_ptr=4 rd_ptr=4 rx_empty=1 rd_en=0 rd_data=xx
# [4534500000] DBG rx_done=0 count=0 wr_ptr=4 rd_ptr=4 rx_empty=1 rd_en=0 rd_data=xx
# [4535500000] DBG rx_done=0 count=0 wr_ptr=4 rd_ptr=4 rx_empty=1 rd_en=0 rd_data=xx
# [4536500000] DBG rx_done=0 count=0 wr_ptr=4 rd_ptr=4 rx_empty=1 rd_en=0 rd_data=xx
# [4537500000] DBG rx_done=0 count=0 wr_ptr=4 rd_ptr=4 rx_empty=1 rd_en=0 rd_data=xx
# [4538500000] DBG rx_done=0 count=0 wr_ptr=4 rd_ptr=4 rx_empty=1 rd_en=0 rd_data=xx
# [4539500000] DBG rx_done=0 count=0 wr_ptr=4 rd_ptr=4 rx_empty=1 rd_en=0 rd_data=xx
# [4540500000] DBG rx_done=0 count=0 wr_ptr=4 rd_ptr=4 rx_empty=1 rd_en=0 rd_data=xx
# [4541500000] DBG rx_done=0 count=0 wr_ptr=4 rd_ptr=4 rx_empty=1 rd_en=0 rd_data=xx
# [4542500000] DBG rx_done=0 count=0 wr_ptr=4 rd_ptr=4 rx_empty=1 rd_en=0 rd_data=xx
# [4543500000] DBG rx_done=0 count=0 wr_ptr=4 rd_ptr=4 rx_empty=1 rd_en=0 rd_data=xx
# [4544500000] DBG rx_done=0 count=0 wr_ptr=4 rd_ptr=4 rx_empty=1 rd_en=0 rd_data=xx
# [4545500000] DBG rx_done=0 count=0 wr_ptr=4 rd_ptr=4 rx_empty=1 rd_en=0 rd_data=xx
# [4546500000] DBG rx_done=0 count=0 wr_ptr=4 rd_ptr=4 rx_empty=1 rd_en=0 rd_data=xx
# [4547500000] DBG rx_done=0 count=0 wr_ptr=4 rd_ptr=4 rx_empty=1 rd_en=0 rd_data=xx
# [4548500000] DBG rx_done=0 count=0 wr_ptr=4 rd_ptr=4 rx_empty=1 rd_en=0 rd_data=xx
# [4549500000] DBG rx_done=0 count=0 wr_ptr=4 rd_ptr=4 rx_empty=1 rd_en=0 rd_data=xx
# [4550500000] DBG rx_done=0 count=0 wr_ptr=4 rd_ptr=4 rx_empty=1 rd_en=0 rd_data=xx
# [4551500000] DBG rx_done=0 count=0 wr_ptr=4 rd_ptr=4 rx_empty=1 rd_en=0 rd_data=xx
# [4552500000] DBG rx_done=0 count=0 wr_ptr=4 rd_ptr=4 rx_empty=1 rd_en=0 rd_data=xx
# [4553500000] DBG rx_done=0 count=0 wr_ptr=4 rd_ptr=4 rx_empty=1 rd_en=0 rd_data=xx
# [4554500000] DBG rx_done=0 count=0 wr_ptr=4 rd_ptr=4 rx_empty=1 rd_en=0 rd_data=xx
# [4555500000] DBG rx_done=0 count=0 wr_ptr=4 rd_ptr=4 rx_empty=1 rd_en=0 rd_data=xx
# [4556500000] DBG rx_done=0 count=0 wr_ptr=4 rd_ptr=4 rx_empty=1 rd_en=0 rd_data=xx
# [4557500000] DBG rx_done=0 count=0 wr_ptr=4 rd_ptr=4 rx_empty=1 rd_en=0 rd_data=xx
# [4558500000] DBG rx_done=0 count=0 wr_ptr=4 rd_ptr=4 rx_empty=1 rd_en=0 rd_data=xx
# [4559500000] DBG rx_done=0 count=0 wr_ptr=4 rd_ptr=4 rx_empty=1 rd_en=0 rd_data=xx
# [4560500000] DBG rx_done=0 count=0 wr_ptr=4 rd_ptr=4 rx_empty=1 rd_en=0 rd_data=xx
# [4561500000] DBG rx_done=0 count=0 wr_ptr=4 rd_ptr=4 rx_empty=1 rd_en=0 rd_data=xx
# [4562500000] DBG rx_done=0 count=0 wr_ptr=4 rd_ptr=4 rx_empty=1 rd_en=0 rd_data=xx
# [4563500000] DBG rx_done=0 count=0 wr_ptr=4 rd_ptr=4 rx_empty=1 rd_en=0 rd_data=xx
# [4564500000] DBG rx_done=0 count=0 wr_ptr=4 rd_ptr=4 rx_empty=1 rd_en=0 rd_data=xx
# [4565500000] DBG rx_done=0 count=0 wr_ptr=4 rd_ptr=4 rx_empty=1 rd_en=0 rd_data=xx
# [4566500000] DBG rx_done=0 count=0 wr_ptr=4 rd_ptr=4 rx_empty=1 rd_en=0 rd_data=xx
# [4567500000] DBG rx_done=0 count=0 wr_ptr=4 rd_ptr=4 rx_empty=1 rd_en=0 rd_data=xx
# [4568500000] DBG rx_done=0 count=0 wr_ptr=4 rd_ptr=4 rx_empty=1 rd_en=0 rd_data=xx
# [4569500000] DBG rx_done=0 count=0 wr_ptr=4 rd_ptr=4 rx_empty=1 rd_en=0 rd_data=xx
# [4570500000] DBG rx_done=0 count=0 wr_ptr=4 rd_ptr=4 rx_empty=1 rd_en=0 rd_data=xx
# [4571500000] DBG rx_done=0 count=0 wr_ptr=4 rd_ptr=4 rx_empty=1 rd_en=0 rd_data=xx
# [4572500000] DBG rx_done=0 count=0 wr_ptr=4 rd_ptr=4 rx_empty=1 rd_en=0 rd_data=xx
# [4573500000] DBG rx_done=0 count=0 wr_ptr=4 rd_ptr=4 rx_empty=1 rd_en=0 rd_data=xx
# [4574500000] DBG rx_done=0 count=0 wr_ptr=4 rd_ptr=4 rx_empty=1 rd_en=0 rd_data=xx
# [4575500000] DBG rx_done=0 count=0 wr_ptr=4 rd_ptr=4 rx_empty=1 rd_en=0 rd_data=xx
# [4576500000] DBG rx_done=0 count=0 wr_ptr=4 rd_ptr=4 rx_empty=1 rd_en=0 rd_data=xx
# [4577500000] DBG rx_done=0 count=0 wr_ptr=4 rd_ptr=4 rx_empty=1 rd_en=0 rd_data=xx
# [4578500000] DBG rx_done=0 count=0 wr_ptr=4 rd_ptr=4 rx_empty=1 rd_en=0 rd_data=xx
# [4579500000] DBG rx_done=0 count=0 wr_ptr=4 rd_ptr=4 rx_empty=1 rd_en=0 rd_data=xx
# [4580500000] DBG rx_done=0 count=0 wr_ptr=4 rd_ptr=4 rx_empty=1 rd_en=0 rd_data=xx
# [4581500000] DBG rx_done=0 count=0 wr_ptr=4 rd_ptr=4 rx_empty=1 rd_en=0 rd_data=xx
# [4582500000] DBG rx_done=0 count=0 wr_ptr=4 rd_ptr=4 rx_empty=1 rd_en=0 rd_data=xx
# [4583500000] DBG rx_done=0 count=0 wr_ptr=4 rd_ptr=4 rx_empty=1 rd_en=0 rd_data=xx
# [4584500000] DBG rx_done=0 count=0 wr_ptr=4 rd_ptr=4 rx_empty=1 rd_en=0 rd_data=xx
# [4585500000] DBG rx_done=0 count=0 wr_ptr=4 rd_ptr=4 rx_empty=1 rd_en=0 rd_data=xx
# [4586500000] DBG rx_done=0 count=0 wr_ptr=4 rd_ptr=4 rx_empty=1 rd_en=0 rd_data=xx
# [4587500000] DBG rx_done=0 count=0 wr_ptr=4 rd_ptr=4 rx_empty=1 rd_en=0 rd_data=xx
# [4588500000] DBG rx_done=0 count=0 wr_ptr=4 rd_ptr=4 rx_empty=1 rd_en=0 rd_data=xx
# [4589500000] DBG rx_done=0 count=0 wr_ptr=4 rd_ptr=4 rx_empty=1 rd_en=0 rd_data=xx
# [4590500000] DBG rx_done=0 count=0 wr_ptr=4 rd_ptr=4 rx_empty=1 rd_en=0 rd_data=xx
# [4591500000] DBG rx_done=0 count=0 wr_ptr=4 rd_ptr=4 rx_empty=1 rd_en=0 rd_data=xx
# [4592500000] DBG rx_done=0 count=0 wr_ptr=4 rd_ptr=4 rx_empty=1 rd_en=0 rd_data=xx
# [4593500000] DBG rx_done=0 count=0 wr_ptr=4 rd_ptr=4 rx_empty=1 rd_en=0 rd_data=xx
# [4594500000] DBG rx_done=0 count=0 wr_ptr=4 rd_ptr=4 rx_empty=1 rd_en=0 rd_data=xx
# [4595500000] DBG rx_done=0 count=0 wr_ptr=4 rd_ptr=4 rx_empty=1 rd_en=0 rd_data=xx
# [4596500000] DBG rx_done=0 count=0 wr_ptr=4 rd_ptr=4 rx_empty=1 rd_en=0 rd_data=xx
# [4597500000] DBG rx_done=0 count=0 wr_ptr=4 rd_ptr=4 rx_empty=1 rd_en=0 rd_data=xx
# [4598500000] DBG rx_done=0 count=0 wr_ptr=4 rd_ptr=4 rx_empty=1 rd_en=0 rd_data=xx
# [4599500000] DBG rx_done=0 count=0 wr_ptr=4 rd_ptr=4 rx_empty=1 rd_en=0 rd_data=xx
# [4600500000] DBG rx_done=0 count=0 wr_ptr=4 rd_ptr=4 rx_empty=1 rd_en=0 rd_data=xx
# [4601500000] DBG rx_done=0 count=0 wr_ptr=4 rd_ptr=4 rx_empty=1 rd_en=0 rd_data=xx
# [4602500000] DBG rx_done=0 count=0 wr_ptr=4 rd_ptr=4 rx_empty=1 rd_en=0 rd_data=xx
# [4603500000] DBG rx_done=0 count=0 wr_ptr=4 rd_ptr=4 rx_empty=1 rd_en=0 rd_data=xx
# [4604500000] DBG rx_done=0 count=0 wr_ptr=4 rd_ptr=4 rx_empty=1 rd_en=0 rd_data=xx
# [4605500000] DBG rx_done=0 count=0 wr_ptr=4 rd_ptr=4 rx_empty=1 rd_en=0 rd_data=xx
# [4606500000] DBG rx_done=0 count=0 wr_ptr=4 rd_ptr=4 rx_empty=1 rd_en=0 rd_data=xx
# [4607500000] DBG rx_done=0 count=0 wr_ptr=4 rd_ptr=4 rx_empty=1 rd_en=0 rd_data=xx
# [4608500000] DBG rx_done=0 count=0 wr_ptr=4 rd_ptr=4 rx_empty=1 rd_en=0 rd_data=xx
# [4609500000] DBG rx_done=0 count=0 wr_ptr=4 rd_ptr=4 rx_empty=1 rd_en=0 rd_data=xx
# [4610500000] DBG rx_done=0 count=0 wr_ptr=4 rd_ptr=4 rx_empty=1 rd_en=0 rd_data=xx
# [4611500000] DBG rx_done=0 count=0 wr_ptr=4 rd_ptr=4 rx_empty=1 rd_en=0 rd_data=xx
# [4612500000] DBG rx_done=0 count=0 wr_ptr=4 rd_ptr=4 rx_empty=1 rd_en=0 rd_data=xx
# [4613500000] DBG rx_done=0 count=0 wr_ptr=4 rd_ptr=4 rx_empty=1 rd_en=0 rd_data=xx
# [4614500000] DBG rx_done=0 count=0 wr_ptr=4 rd_ptr=4 rx_empty=1 rd_en=0 rd_data=xx
# [4615500000] DBG rx_done=0 count=0 wr_ptr=4 rd_ptr=4 rx_empty=1 rd_en=0 rd_data=xx
# [4616500000] DBG rx_done=0 count=0 wr_ptr=4 rd_ptr=4 rx_empty=1 rd_en=0 rd_data=xx
# [4617500000] DBG rx_done=0 count=0 wr_ptr=4 rd_ptr=4 rx_empty=1 rd_en=0 rd_data=xx
# [4618500000] DBG rx_done=0 count=0 wr_ptr=4 rd_ptr=4 rx_empty=1 rd_en=0 rd_data=xx
# [4619500000] DBG rx_done=0 count=0 wr_ptr=4 rd_ptr=4 rx_empty=1 rd_en=0 rd_data=xx
# [4620500000] DBG rx_done=0 count=0 wr_ptr=4 rd_ptr=4 rx_empty=1 rd_en=0 rd_data=xx
# [4621500000] DBG rx_done=0 count=0 wr_ptr=4 rd_ptr=4 rx_empty=1 rd_en=0 rd_data=xx
# [4622500000] DBG rx_done=0 count=0 wr_ptr=4 rd_ptr=4 rx_empty=1 rd_en=0 rd_data=xx
# [4623500000] DBG rx_done=0 count=0 wr_ptr=4 rd_ptr=4 rx_empty=1 rd_en=0 rd_data=xx
# [4624500000] DBG rx_done=0 count=0 wr_ptr=4 rd_ptr=4 rx_empty=1 rd_en=0 rd_data=xx
# [4625500000] DBG rx_done=0 count=0 wr_ptr=4 rd_ptr=4 rx_empty=1 rd_en=0 rd_data=xx
# [4626500000] DBG rx_done=0 count=0 wr_ptr=4 rd_ptr=4 rx_empty=1 rd_en=0 rd_data=xx
# [4627500000] DBG rx_done=0 count=0 wr_ptr=4 rd_ptr=4 rx_empty=1 rd_en=0 rd_data=xx
# [4628500000] DBG rx_done=0 count=0 wr_ptr=4 rd_ptr=4 rx_empty=1 rd_en=0 rd_data=xx
# [4629500000] DBG rx_done=0 count=0 wr_ptr=4 rd_ptr=4 rx_empty=1 rd_en=0 rd_data=xx
# [4630500000] DBG rx_done=0 count=0 wr_ptr=4 rd_ptr=4 rx_empty=1 rd_en=0 rd_data=xx
# [4631500000] DBG rx_done=0 count=0 wr_ptr=4 rd_ptr=4 rx_empty=1 rd_en=0 rd_data=xx
# [4632500000] DBG rx_done=0 count=0 wr_ptr=4 rd_ptr=4 rx_empty=1 rd_en=0 rd_data=xx
# [4633500000] DBG rx_done=0 count=0 wr_ptr=4 rd_ptr=4 rx_empty=1 rd_en=0 rd_data=xx
# [4634500000] DBG rx_done=0 count=0 wr_ptr=4 rd_ptr=4 rx_empty=1 rd_en=0 rd_data=xx
# [4635500000] DBG rx_done=0 count=0 wr_ptr=4 rd_ptr=4 rx_empty=1 rd_en=0 rd_data=xx
# [4636500000] DBG rx_done=0 count=0 wr_ptr=4 rd_ptr=4 rx_empty=1 rd_en=0 rd_data=xx
# [4637500000] DBG rx_done=0 count=0 wr_ptr=4 rd_ptr=4 rx_empty=1 rd_en=0 rd_data=xx
# [4638500000] DBG rx_done=0 count=0 wr_ptr=4 rd_ptr=4 rx_empty=1 rd_en=0 rd_data=xx
# [4639500000] DBG rx_done=0 count=0 wr_ptr=4 rd_ptr=4 rx_empty=1 rd_en=0 rd_data=xx
# [4640500000] DBG rx_done=0 count=0 wr_ptr=4 rd_ptr=4 rx_empty=1 rd_en=0 rd_data=xx
# [4641500000] DBG rx_done=0 count=0 wr_ptr=4 rd_ptr=4 rx_empty=1 rd_en=0 rd_data=xx
# [4642500000] DBG rx_done=0 count=0 wr_ptr=4 rd_ptr=4 rx_empty=1 rd_en=0 rd_data=xx
# [4643500000] DBG rx_done=0 count=0 wr_ptr=4 rd_ptr=4 rx_empty=1 rd_en=0 rd_data=xx
# [4644500000] DBG rx_done=0 count=0 wr_ptr=4 rd_ptr=4 rx_empty=1 rd_en=0 rd_data=xx
# [4645500000] DBG rx_done=0 count=0 wr_ptr=4 rd_ptr=4 rx_empty=1 rd_en=0 rd_data=xx
# [4646500000] DBG rx_done=0 count=0 wr_ptr=4 rd_ptr=4 rx_empty=1 rd_en=0 rd_data=xx
# [4647500000] DBG rx_done=0 count=0 wr_ptr=4 rd_ptr=4 rx_empty=1 rd_en=0 rd_data=xx
# [4648500000] DBG rx_done=0 count=0 wr_ptr=4 rd_ptr=4 rx_empty=1 rd_en=0 rd_data=xx
# [4649500000] DBG rx_done=0 count=0 wr_ptr=4 rd_ptr=4 rx_empty=1 rd_en=0 rd_data=xx
# [4650500000] DBG rx_done=0 count=0 wr_ptr=4 rd_ptr=4 rx_empty=1 rd_en=0 rd_data=xx
# [4651500000] DBG rx_done=0 count=0 wr_ptr=4 rd_ptr=4 rx_empty=1 rd_en=0 rd_data=xx
# [4652500000] DBG rx_done=0 count=0 wr_ptr=4 rd_ptr=4 rx_empty=1 rd_en=0 rd_data=xx
# [4653500000] DBG rx_done=0 count=0 wr_ptr=4 rd_ptr=4 rx_empty=1 rd_en=0 rd_data=xx
# [4654500000] DBG rx_done=0 count=0 wr_ptr=4 rd_ptr=4 rx_empty=1 rd_en=0 rd_data=xx
# [4655500000] DBG rx_done=0 count=0 wr_ptr=4 rd_ptr=4 rx_empty=1 rd_en=0 rd_data=xx
# [4656500000] DBG rx_done=0 count=0 wr_ptr=4 rd_ptr=4 rx_empty=1 rd_en=0 rd_data=xx
# [4657500000] DBG rx_done=0 count=0 wr_ptr=4 rd_ptr=4 rx_empty=1 rd_en=0 rd_data=xx
# [4658500000] DBG rx_done=0 count=0 wr_ptr=4 rd_ptr=4 rx_empty=1 rd_en=0 rd_data=xx
# [4659500000] DBG rx_done=0 count=0 wr_ptr=4 rd_ptr=4 rx_empty=1 rd_en=0 rd_data=xx
# [4660500000] DBG rx_done=0 count=0 wr_ptr=4 rd_ptr=4 rx_empty=1 rd_en=0 rd_data=xx
# [4661500000] DBG rx_done=0 count=0 wr_ptr=4 rd_ptr=4 rx_empty=1 rd_en=0 rd_data=xx
# [4662500000] DBG rx_done=0 count=0 wr_ptr=4 rd_ptr=4 rx_empty=1 rd_en=0 rd_data=xx
# [4663500000] DBG rx_done=0 count=0 wr_ptr=4 rd_ptr=4 rx_empty=1 rd_en=0 rd_data=xx
# [4664500000] DBG rx_done=0 count=0 wr_ptr=4 rd_ptr=4 rx_empty=1 rd_en=0 rd_data=xx
# [4665500000] DBG rx_done=0 count=0 wr_ptr=4 rd_ptr=4 rx_empty=1 rd_en=0 rd_data=xx
# [4666500000] DBG rx_done=0 count=0 wr_ptr=4 rd_ptr=4 rx_empty=1 rd_en=0 rd_data=xx
# [4667500000] DBG rx_done=0 count=0 wr_ptr=4 rd_ptr=4 rx_empty=1 rd_en=0 rd_data=xx
# [4668500000] DBG rx_done=0 count=0 wr_ptr=4 rd_ptr=4 rx_empty=1 rd_en=0 rd_data=xx
# [4669500000] DBG rx_done=0 count=0 wr_ptr=4 rd_ptr=4 rx_empty=1 rd_en=0 rd_data=xx
# [4670500000] DBG rx_done=0 count=0 wr_ptr=4 rd_ptr=4 rx_empty=1 rd_en=0 rd_data=xx
# [4671500000] DBG rx_done=0 count=0 wr_ptr=4 rd_ptr=4 rx_empty=1 rd_en=0 rd_data=xx
# [4672500000] DBG rx_done=0 count=0 wr_ptr=4 rd_ptr=4 rx_empty=1 rd_en=0 rd_data=xx
# [4673500000] DBG rx_done=0 count=0 wr_ptr=4 rd_ptr=4 rx_empty=1 rd_en=0 rd_data=xx
# [4674500000] DBG rx_done=0 count=0 wr_ptr=4 rd_ptr=4 rx_empty=1 rd_en=0 rd_data=xx
# [4675500000] DBG rx_done=0 count=0 wr_ptr=4 rd_ptr=4 rx_empty=1 rd_en=0 rd_data=xx
# [4676500000] DBG rx_done=0 count=0 wr_ptr=4 rd_ptr=4 rx_empty=1 rd_en=0 rd_data=xx
# [4677500000] DBG rx_done=0 count=0 wr_ptr=4 rd_ptr=4 rx_empty=1 rd_en=0 rd_data=xx
# [4678500000] DBG rx_done=0 count=0 wr_ptr=4 rd_ptr=4 rx_empty=1 rd_en=0 rd_data=xx
# [4679500000] DBG rx_done=0 count=0 wr_ptr=4 rd_ptr=4 rx_empty=1 rd_en=0 rd_data=xx
# [4680500000] DBG rx_done=0 count=0 wr_ptr=4 rd_ptr=4 rx_empty=1 rd_en=0 rd_data=xx
# [4681500000] DBG rx_done=0 count=0 wr_ptr=4 rd_ptr=4 rx_empty=1 rd_en=0 rd_data=xx
# [4682500000] DBG rx_done=0 count=0 wr_ptr=4 rd_ptr=4 rx_empty=1 rd_en=0 rd_data=xx
# [4683500000] DBG rx_done=0 count=0 wr_ptr=4 rd_ptr=4 rx_empty=1 rd_en=0 rd_data=xx
# [4684500000] DBG rx_done=0 count=0 wr_ptr=4 rd_ptr=4 rx_empty=1 rd_en=0 rd_data=xx
# [4685500000] DBG rx_done=0 count=0 wr_ptr=4 rd_ptr=4 rx_empty=1 rd_en=0 rd_data=xx
# [4686500000] DBG rx_done=0 count=0 wr_ptr=4 rd_ptr=4 rx_empty=1 rd_en=0 rd_data=xx
# [4687500000] DBG rx_done=0 count=0 wr_ptr=4 rd_ptr=4 rx_empty=1 rd_en=0 rd_data=xx
# [4688500000] DBG rx_done=0 count=0 wr_ptr=4 rd_ptr=4 rx_empty=1 rd_en=0 rd_data=xx
# [4689500000] DBG rx_done=0 count=0 wr_ptr=4 rd_ptr=4 rx_empty=1 rd_en=0 rd_data=xx
# [4690500000] DBG rx_done=0 count=0 wr_ptr=4 rd_ptr=4 rx_empty=1 rd_en=0 rd_data=xx
# [4691500000] DBG rx_done=0 count=0 wr_ptr=4 rd_ptr=4 rx_empty=1 rd_en=0 rd_data=xx
# [4692500000] DBG rx_done=0 count=0 wr_ptr=4 rd_ptr=4 rx_empty=1 rd_en=0 rd_data=xx
# [4693500000] DBG rx_done=0 count=0 wr_ptr=4 rd_ptr=4 rx_empty=1 rd_en=0 rd_data=xx
# [4694500000] DBG rx_done=0 count=0 wr_ptr=4 rd_ptr=4 rx_empty=1 rd_en=0 rd_data=xx
# [4695500000] DBG rx_done=0 count=0 wr_ptr=4 rd_ptr=4 rx_empty=1 rd_en=0 rd_data=xx
# [4696500000] DBG rx_done=0 count=0 wr_ptr=4 rd_ptr=4 rx_empty=1 rd_en=0 rd_data=xx
# [4697500000] DBG rx_done=0 count=0 wr_ptr=4 rd_ptr=4 rx_empty=1 rd_en=0 rd_data=xx
# [4698500000] DBG rx_done=0 count=0 wr_ptr=4 rd_ptr=4 rx_empty=1 rd_en=0 rd_data=xx
# [4699500000] DBG rx_done=0 count=0 wr_ptr=4 rd_ptr=4 rx_empty=1 rd_en=0 rd_data=xx
# [4700500000] DBG rx_done=0 count=0 wr_ptr=4 rd_ptr=4 rx_empty=1 rd_en=0 rd_data=xx
# [4701500000] DBG rx_done=0 count=0 wr_ptr=4 rd_ptr=4 rx_empty=1 rd_en=0 rd_data=xx
# [4702500000] DBG rx_done=0 count=0 wr_ptr=4 rd_ptr=4 rx_empty=1 rd_en=0 rd_data=xx
# [4703500000] DBG rx_done=0 count=0 wr_ptr=4 rd_ptr=4 rx_empty=1 rd_en=0 rd_data=xx
# [4704500000] DBG rx_done=0 count=0 wr_ptr=4 rd_ptr=4 rx_empty=1 rd_en=0 rd_data=xx
# [4705500000] DBG rx_done=0 count=0 wr_ptr=4 rd_ptr=4 rx_empty=1 rd_en=0 rd_data=xx
# [4706500000] DBG rx_done=0 count=0 wr_ptr=4 rd_ptr=4 rx_empty=1 rd_en=0 rd_data=xx
# [4707500000] DBG rx_done=0 count=0 wr_ptr=4 rd_ptr=4 rx_empty=1 rd_en=0 rd_data=xx
# [4708500000] DBG rx_done=0 count=0 wr_ptr=4 rd_ptr=4 rx_empty=1 rd_en=0 rd_data=xx
# [4709500000] DBG rx_done=0 count=0 wr_ptr=4 rd_ptr=4 rx_empty=1 rd_en=0 rd_data=xx
# [4710500000] DBG rx_done=0 count=0 wr_ptr=4 rd_ptr=4 rx_empty=1 rd_en=0 rd_data=xx
# [4711500000] DBG rx_done=0 count=0 wr_ptr=4 rd_ptr=4 rx_empty=1 rd_en=0 rd_data=xx
# [4712500000] DBG rx_done=0 count=0 wr_ptr=4 rd_ptr=4 rx_empty=1 rd_en=0 rd_data=xx
# [4713500000] DBG rx_done=0 count=0 wr_ptr=4 rd_ptr=4 rx_empty=1 rd_en=0 rd_data=xx
# [4714500000] DBG rx_done=0 count=0 wr_ptr=4 rd_ptr=4 rx_empty=1 rd_en=0 rd_data=xx
# [4715500000] DBG rx_done=0 count=0 wr_ptr=4 rd_ptr=4 rx_empty=1 rd_en=0 rd_data=xx
# [4716500000] DBG rx_done=0 count=0 wr_ptr=4 rd_ptr=4 rx_empty=1 rd_en=0 rd_data=xx
# [4717500000] DBG rx_done=0 count=0 wr_ptr=4 rd_ptr=4 rx_empty=1 rd_en=0 rd_data=xx
# [4718500000] DBG rx_done=0 count=0 wr_ptr=4 rd_ptr=4 rx_empty=1 rd_en=0 rd_data=xx
# [4719500000] DBG rx_done=0 count=0 wr_ptr=4 rd_ptr=4 rx_empty=1 rd_en=0 rd_data=xx
# [4720500000] DBG rx_done=0 count=0 wr_ptr=4 rd_ptr=4 rx_empty=1 rd_en=0 rd_data=xx
# [4721500000] DBG rx_done=0 count=0 wr_ptr=4 rd_ptr=4 rx_empty=1 rd_en=0 rd_data=xx
# [4722500000] DBG rx_done=0 count=0 wr_ptr=4 rd_ptr=4 rx_empty=1 rd_en=0 rd_data=xx
# [4723500000] DBG rx_done=0 count=0 wr_ptr=4 rd_ptr=4 rx_empty=1 rd_en=0 rd_data=xx
# [4724500000] DBG rx_done=0 count=0 wr_ptr=4 rd_ptr=4 rx_empty=1 rd_en=0 rd_data=xx
# [4725500000] DBG rx_done=0 count=0 wr_ptr=4 rd_ptr=4 rx_empty=1 rd_en=0 rd_data=xx
# [4726500000] DBG rx_done=0 count=0 wr_ptr=4 rd_ptr=4 rx_empty=1 rd_en=0 rd_data=xx
# [4727500000] DBG rx_done=0 count=0 wr_ptr=4 rd_ptr=4 rx_empty=1 rd_en=0 rd_data=xx
# [4728500000] DBG rx_done=0 count=0 wr_ptr=4 rd_ptr=4 rx_empty=1 rd_en=0 rd_data=xx
# [4729500000] DBG rx_done=0 count=0 wr_ptr=4 rd_ptr=4 rx_empty=1 rd_en=0 rd_data=xx
# [4730500000] DBG rx_done=0 count=0 wr_ptr=4 rd_ptr=4 rx_empty=1 rd_en=0 rd_data=xx
# [4731500000] DBG rx_done=0 count=0 wr_ptr=4 rd_ptr=4 rx_empty=1 rd_en=0 rd_data=xx
# [4732500000] DBG rx_done=0 count=0 wr_ptr=4 rd_ptr=4 rx_empty=1 rd_en=0 rd_data=xx
# [4733500000] DBG rx_done=0 count=0 wr_ptr=4 rd_ptr=4 rx_empty=1 rd_en=0 rd_data=xx
# [4734500000] DBG rx_done=0 count=0 wr_ptr=4 rd_ptr=4 rx_empty=1 rd_en=0 rd_data=xx
# [4735500000] DBG rx_done=0 count=0 wr_ptr=4 rd_ptr=4 rx_empty=1 rd_en=0 rd_data=xx
# [4736500000] DBG rx_done=0 count=0 wr_ptr=4 rd_ptr=4 rx_empty=1 rd_en=0 rd_data=xx
# [4737500000] DBG rx_done=0 count=0 wr_ptr=4 rd_ptr=4 rx_empty=1 rd_en=0 rd_data=xx
# [4738500000] DBG rx_done=0 count=0 wr_ptr=4 rd_ptr=4 rx_empty=1 rd_en=0 rd_data=xx
# [4739500000] DBG rx_done=0 count=0 wr_ptr=4 rd_ptr=4 rx_empty=1 rd_en=0 rd_data=xx
# [4740500000] DBG rx_done=0 count=0 wr_ptr=4 rd_ptr=4 rx_empty=1 rd_en=0 rd_data=xx
# [4741500000] DBG rx_done=0 count=0 wr_ptr=4 rd_ptr=4 rx_empty=1 rd_en=0 rd_data=xx
# [4742500000] DBG rx_done=0 count=0 wr_ptr=4 rd_ptr=4 rx_empty=1 rd_en=0 rd_data=xx
# [4743500000] DBG rx_done=0 count=0 wr_ptr=4 rd_ptr=4 rx_empty=1 rd_en=0 rd_data=xx
# [4744500000] DBG rx_done=0 count=0 wr_ptr=4 rd_ptr=4 rx_empty=1 rd_en=0 rd_data=xx
# [4745500000] DBG rx_done=0 count=0 wr_ptr=4 rd_ptr=4 rx_empty=1 rd_en=0 rd_data=xx
# [4746500000] DBG rx_done=0 count=0 wr_ptr=4 rd_ptr=4 rx_empty=1 rd_en=0 rd_data=xx
# [4747500000] DBG rx_done=0 count=0 wr_ptr=4 rd_ptr=4 rx_empty=1 rd_en=0 rd_data=xx
# [4748500000] DBG rx_done=0 count=0 wr_ptr=4 rd_ptr=4 rx_empty=1 rd_en=0 rd_data=xx
# [4749500000] DBG rx_done=0 count=0 wr_ptr=4 rd_ptr=4 rx_empty=1 rd_en=0 rd_data=xx
# [4750500000] DBG rx_done=0 count=0 wr_ptr=4 rd_ptr=4 rx_empty=1 rd_en=0 rd_data=xx
# [4751500000] DBG rx_done=0 count=0 wr_ptr=4 rd_ptr=4 rx_empty=1 rd_en=0 rd_data=xx
# [4752500000] DBG rx_done=0 count=0 wr_ptr=4 rd_ptr=4 rx_empty=1 rd_en=0 rd_data=xx
# [4753500000] DBG rx_done=0 count=0 wr_ptr=4 rd_ptr=4 rx_empty=1 rd_en=0 rd_data=xx
# [4754500000] DBG rx_done=0 count=0 wr_ptr=4 rd_ptr=4 rx_empty=1 rd_en=0 rd_data=xx
# [4755500000] DBG rx_done=0 count=0 wr_ptr=4 rd_ptr=4 rx_empty=1 rd_en=0 rd_data=xx
# [4756500000] DBG rx_done=0 count=0 wr_ptr=4 rd_ptr=4 rx_empty=1 rd_en=0 rd_data=xx
# [4757500000] DBG rx_done=0 count=0 wr_ptr=4 rd_ptr=4 rx_empty=1 rd_en=0 rd_data=xx
# [4758500000] DBG rx_done=0 count=0 wr_ptr=4 rd_ptr=4 rx_empty=1 rd_en=0 rd_data=xx
# [4759500000] DBG rx_done=0 count=0 wr_ptr=4 rd_ptr=4 rx_empty=1 rd_en=0 rd_data=xx
# [4760500000] DBG rx_done=0 count=0 wr_ptr=4 rd_ptr=4 rx_empty=1 rd_en=0 rd_data=xx
# [4761500000] DBG rx_done=0 count=0 wr_ptr=4 rd_ptr=4 rx_empty=1 rd_en=0 rd_data=xx
# [4762500000] DBG rx_done=0 count=0 wr_ptr=4 rd_ptr=4 rx_empty=1 rd_en=0 rd_data=xx
# [4763500000] DBG rx_done=0 count=0 wr_ptr=4 rd_ptr=4 rx_empty=1 rd_en=0 rd_data=xx
# [4764500000] DBG rx_done=0 count=0 wr_ptr=4 rd_ptr=4 rx_empty=1 rd_en=0 rd_data=xx
# [4765500000] DBG rx_done=0 count=0 wr_ptr=4 rd_ptr=4 rx_empty=1 rd_en=0 rd_data=xx
# [4766500000] DBG rx_done=0 count=0 wr_ptr=4 rd_ptr=4 rx_empty=1 rd_en=0 rd_data=xx
# [4767500000] DBG rx_done=0 count=0 wr_ptr=4 rd_ptr=4 rx_empty=1 rd_en=0 rd_data=xx
# [4768500000] DBG rx_done=0 count=0 wr_ptr=4 rd_ptr=4 rx_empty=1 rd_en=0 rd_data=xx
# [4769500000] DBG rx_done=0 count=0 wr_ptr=4 rd_ptr=4 rx_empty=1 rd_en=0 rd_data=xx
# [4770500000] DBG rx_done=0 count=0 wr_ptr=4 rd_ptr=4 rx_empty=1 rd_en=0 rd_data=xx
# [4771500000] DBG rx_done=0 count=0 wr_ptr=4 rd_ptr=4 rx_empty=1 rd_en=0 rd_data=xx
# [4772500000] DBG rx_done=0 count=0 wr_ptr=4 rd_ptr=4 rx_empty=1 rd_en=0 rd_data=xx
# [4773500000] DBG rx_done=0 count=0 wr_ptr=4 rd_ptr=4 rx_empty=1 rd_en=0 rd_data=xx
# [4774500000] DBG rx_done=0 count=0 wr_ptr=4 rd_ptr=4 rx_empty=1 rd_en=0 rd_data=xx
# [4775500000] DBG rx_done=0 count=0 wr_ptr=4 rd_ptr=4 rx_empty=1 rd_en=0 rd_data=xx
# [4776500000] DBG rx_done=0 count=0 wr_ptr=4 rd_ptr=4 rx_empty=1 rd_en=0 rd_data=xx
# [4777500000] DBG rx_done=0 count=0 wr_ptr=4 rd_ptr=4 rx_empty=1 rd_en=0 rd_data=xx
# [4778500000] DBG rx_done=0 count=0 wr_ptr=4 rd_ptr=4 rx_empty=1 rd_en=0 rd_data=xx
# [4779500000] DBG rx_done=0 count=0 wr_ptr=4 rd_ptr=4 rx_empty=1 rd_en=0 rd_data=xx
# [4780500000] DBG rx_done=0 count=0 wr_ptr=4 rd_ptr=4 rx_empty=1 rd_en=0 rd_data=xx
# [4781500000] DBG rx_done=0 count=0 wr_ptr=4 rd_ptr=4 rx_empty=1 rd_en=0 rd_data=xx
# [4782500000] DBG rx_done=0 count=0 wr_ptr=4 rd_ptr=4 rx_empty=1 rd_en=0 rd_data=xx
# [4783500000] DBG rx_done=0 count=0 wr_ptr=4 rd_ptr=4 rx_empty=1 rd_en=0 rd_data=xx
# [4784500000] DBG rx_done=0 count=0 wr_ptr=4 rd_ptr=4 rx_empty=1 rd_en=0 rd_data=xx
# [4785500000] DBG rx_done=0 count=0 wr_ptr=4 rd_ptr=4 rx_empty=1 rd_en=0 rd_data=xx
# [4786500000] DBG rx_done=0 count=0 wr_ptr=4 rd_ptr=4 rx_empty=1 rd_en=0 rd_data=xx
# [4787500000] DBG rx_done=0 count=0 wr_ptr=4 rd_ptr=4 rx_empty=1 rd_en=0 rd_data=xx
# [4788500000] DBG rx_done=0 count=0 wr_ptr=4 rd_ptr=4 rx_empty=1 rd_en=0 rd_data=xx
# [4789500000] DBG rx_done=0 count=0 wr_ptr=4 rd_ptr=4 rx_empty=1 rd_en=0 rd_data=xx
# [4790500000] DBG rx_done=0 count=0 wr_ptr=4 rd_ptr=4 rx_empty=1 rd_en=0 rd_data=xx
# [4791500000] DBG rx_done=0 count=0 wr_ptr=4 rd_ptr=4 rx_empty=1 rd_en=0 rd_data=xx
# [4792500000] DBG rx_done=0 count=0 wr_ptr=4 rd_ptr=4 rx_empty=1 rd_en=0 rd_data=xx
# [4793500000] DBG rx_done=0 count=0 wr_ptr=4 rd_ptr=4 rx_empty=1 rd_en=0 rd_data=xx
# [4794500000] DBG rx_done=0 count=0 wr_ptr=4 rd_ptr=4 rx_empty=1 rd_en=0 rd_data=xx
# [4795500000] DBG rx_done=0 count=0 wr_ptr=4 rd_ptr=4 rx_empty=1 rd_en=0 rd_data=xx
# [4796500000] DBG rx_done=0 count=0 wr_ptr=4 rd_ptr=4 rx_empty=1 rd_en=0 rd_data=xx
# [4797500000] DBG rx_done=0 count=0 wr_ptr=4 rd_ptr=4 rx_empty=1 rd_en=0 rd_data=xx
# [4798500000] DBG rx_done=0 count=0 wr_ptr=4 rd_ptr=4 rx_empty=1 rd_en=0 rd_data=xx
# [4799500000] DBG rx_done=0 count=0 wr_ptr=4 rd_ptr=4 rx_empty=1 rd_en=0 rd_data=xx
# [4800500000] DBG rx_done=0 count=0 wr_ptr=4 rd_ptr=4 rx_empty=1 rd_en=0 rd_data=xx
# [4801500000] DBG rx_done=0 count=0 wr_ptr=4 rd_ptr=4 rx_empty=1 rd_en=0 rd_data=xx
# [4802500000] DBG rx_done=0 count=0 wr_ptr=4 rd_ptr=4 rx_empty=1 rd_en=0 rd_data=xx
# [4803500000] DBG rx_done=0 count=0 wr_ptr=4 rd_ptr=4 rx_empty=1 rd_en=0 rd_data=xx
# [4804500000] DBG rx_done=0 count=0 wr_ptr=4 rd_ptr=4 rx_empty=1 rd_en=0 rd_data=xx
# [4805500000] DBG rx_done=0 count=0 wr_ptr=4 rd_ptr=4 rx_empty=1 rd_en=0 rd_data=xx
# [4806500000] DBG rx_done=0 count=0 wr_ptr=4 rd_ptr=4 rx_empty=1 rd_en=0 rd_data=xx
# [4807500000] DBG rx_done=0 count=0 wr_ptr=4 rd_ptr=4 rx_empty=1 rd_en=0 rd_data=xx
# [4808500000] DBG rx_done=0 count=0 wr_ptr=4 rd_ptr=4 rx_empty=1 rd_en=0 rd_data=xx
# [4809500000] DBG rx_done=0 count=0 wr_ptr=4 rd_ptr=4 rx_empty=1 rd_en=0 rd_data=xx
# [4810500000] DBG rx_done=0 count=0 wr_ptr=4 rd_ptr=4 rx_empty=1 rd_en=0 rd_data=xx
# [4811500000] DBG rx_done=0 count=0 wr_ptr=4 rd_ptr=4 rx_empty=1 rd_en=0 rd_data=xx
# [4812500000] DBG rx_done=0 count=0 wr_ptr=4 rd_ptr=4 rx_empty=1 rd_en=0 rd_data=xx
# [4813500000] DBG rx_done=0 count=0 wr_ptr=4 rd_ptr=4 rx_empty=1 rd_en=0 rd_data=xx
# [4814500000] DBG rx_done=0 count=0 wr_ptr=4 rd_ptr=4 rx_empty=1 rd_en=0 rd_data=xx
# [4815500000] DBG rx_done=0 count=0 wr_ptr=4 rd_ptr=4 rx_empty=1 rd_en=0 rd_data=xx
# [4816500000] DBG rx_done=0 count=0 wr_ptr=4 rd_ptr=4 rx_empty=1 rd_en=0 rd_data=xx
# [4817500000] DBG rx_done=0 count=0 wr_ptr=4 rd_ptr=4 rx_empty=1 rd_en=0 rd_data=xx
# [4818500000] DBG rx_done=0 count=0 wr_ptr=4 rd_ptr=4 rx_empty=1 rd_en=0 rd_data=xx
# [4819500000] DBG rx_done=0 count=0 wr_ptr=4 rd_ptr=4 rx_empty=1 rd_en=0 rd_data=xx
# [4820500000] DBG rx_done=0 count=0 wr_ptr=4 rd_ptr=4 rx_empty=1 rd_en=0 rd_data=xx
# [4821500000] DBG rx_done=0 count=0 wr_ptr=4 rd_ptr=4 rx_empty=1 rd_en=0 rd_data=xx
# [4822500000] DBG rx_done=0 count=0 wr_ptr=4 rd_ptr=4 rx_empty=1 rd_en=0 rd_data=xx
# [4823500000] DBG rx_done=0 count=0 wr_ptr=4 rd_ptr=4 rx_empty=1 rd_en=0 rd_data=xx
# [4824500000] DBG rx_done=0 count=0 wr_ptr=4 rd_ptr=4 rx_empty=1 rd_en=0 rd_data=xx
# [4825500000] DBG rx_done=0 count=0 wr_ptr=4 rd_ptr=4 rx_empty=1 rd_en=0 rd_data=xx
# [4826500000] DBG rx_done=0 count=0 wr_ptr=4 rd_ptr=4 rx_empty=1 rd_en=0 rd_data=xx
# [4827500000] DBG rx_done=0 count=0 wr_ptr=4 rd_ptr=4 rx_empty=1 rd_en=0 rd_data=xx
# [4828500000] DBG rx_done=0 count=0 wr_ptr=4 rd_ptr=4 rx_empty=1 rd_en=0 rd_data=xx
# [4829500000] DBG rx_done=0 count=0 wr_ptr=4 rd_ptr=4 rx_empty=1 rd_en=0 rd_data=xx
# [4830500000] DBG rx_done=0 count=0 wr_ptr=4 rd_ptr=4 rx_empty=1 rd_en=0 rd_data=xx
# [4831500000] DBG rx_done=0 count=0 wr_ptr=4 rd_ptr=4 rx_empty=1 rd_en=0 rd_data=xx
# [4832500000] DBG rx_done=0 count=0 wr_ptr=4 rd_ptr=4 rx_empty=1 rd_en=0 rd_data=xx
# [4833500000] DBG rx_done=0 count=0 wr_ptr=4 rd_ptr=4 rx_empty=1 rd_en=0 rd_data=xx
# [4834500000] DBG rx_done=0 count=0 wr_ptr=4 rd_ptr=4 rx_empty=1 rd_en=0 rd_data=xx
# [4835500000] DBG rx_done=0 count=0 wr_ptr=4 rd_ptr=4 rx_empty=1 rd_en=0 rd_data=xx
# [4836500000] DBG rx_done=0 count=0 wr_ptr=4 rd_ptr=4 rx_empty=1 rd_en=0 rd_data=xx
# [4837500000] DBG rx_done=0 count=0 wr_ptr=4 rd_ptr=4 rx_empty=1 rd_en=0 rd_data=xx
# [4838500000] DBG rx_done=0 count=0 wr_ptr=4 rd_ptr=4 rx_empty=1 rd_en=0 rd_data=xx
# [4839500000] DBG rx_done=0 count=0 wr_ptr=4 rd_ptr=4 rx_empty=1 rd_en=0 rd_data=xx
# [4840500000] DBG rx_done=0 count=0 wr_ptr=4 rd_ptr=4 rx_empty=1 rd_en=0 rd_data=xx
# [4841500000] DBG rx_done=0 count=0 wr_ptr=4 rd_ptr=4 rx_empty=1 rd_en=0 rd_data=xx
# [4842500000] DBG rx_done=0 count=0 wr_ptr=4 rd_ptr=4 rx_empty=1 rd_en=0 rd_data=xx
# [4843500000] DBG rx_done=0 count=0 wr_ptr=4 rd_ptr=4 rx_empty=1 rd_en=0 rd_data=xx
# [4844500000] DBG rx_done=0 count=0 wr_ptr=4 rd_ptr=4 rx_empty=1 rd_en=0 rd_data=xx
# [4845500000] DBG rx_done=0 count=0 wr_ptr=4 rd_ptr=4 rx_empty=1 rd_en=0 rd_data=xx
# [4846500000] DBG rx_done=0 count=0 wr_ptr=4 rd_ptr=4 rx_empty=1 rd_en=0 rd_data=xx
# [4847500000] DBG rx_done=0 count=0 wr_ptr=4 rd_ptr=4 rx_empty=1 rd_en=0 rd_data=xx
# [4848500000] DBG rx_done=0 count=0 wr_ptr=4 rd_ptr=4 rx_empty=1 rd_en=0 rd_data=xx
# [4849500000] DBG rx_done=0 count=0 wr_ptr=4 rd_ptr=4 rx_empty=1 rd_en=0 rd_data=xx
# [4850500000] DBG rx_done=0 count=0 wr_ptr=4 rd_ptr=4 rx_empty=1 rd_en=0 rd_data=xx
# [4851500000] DBG rx_done=0 count=0 wr_ptr=4 rd_ptr=4 rx_empty=1 rd_en=0 rd_data=xx
# [4852500000] DBG rx_done=0 count=0 wr_ptr=4 rd_ptr=4 rx_empty=1 rd_en=0 rd_data=xx
# [4853500000] DBG rx_done=1 count=0 wr_ptr=4 rd_ptr=4 rx_empty=1 rd_en=0 rd_data=xx
# [4854500000] DBG rx_done=0 count=1 wr_ptr=5 rd_ptr=4 rx_empty=0 rd_en=0 rd_data=40
# [4855500000] DBG rx_done=0 count=1 wr_ptr=5 rd_ptr=4 rx_empty=0 rd_en=1 rd_data=40
# [4855500000] ERROR: popped 0x40, expected 0x44
# [4856500000] DBG rx_done=0 count=0 wr_ptr=5 rd_ptr=5 rx_empty=1 rd_en=0 rd_data=xx
# [4857500000] DBG rx_done=0 count=0 wr_ptr=5 rd_ptr=5 rx_empty=1 rd_en=1 rd_data=xx
# [4857500000] ERROR: popped 0xxx, expected 0x45
# [4858500000] DBG rx_done=0 count=0 wr_ptr=5 rd_ptr=5 rx_empty=1 rd_en=0 rd_data=xx
# [4859500000] DBG rx_done=0 count=0 wr_ptr=5 rd_ptr=5 rx_empty=1 rd_en=0 rd_data=xx
# [4860500000] DBG rx_done=0 count=0 wr_ptr=5 rd_ptr=5 rx_empty=1 rd_en=0 rd_data=xx
# [4861500000] DBG rx_done=0 count=0 wr_ptr=5 rd_ptr=5 rx_empty=1 rd_en=0 rd_data=xx
# [4862500000] DBG rx_done=0 count=0 wr_ptr=5 rd_ptr=5 rx_empty=1 rd_en=0 rd_data=xx
# [4863500000] DBG rx_done=0 count=0 wr_ptr=5 rd_ptr=5 rx_empty=1 rd_en=0 rd_data=xx
# [4864500000] DBG rx_done=0 count=0 wr_ptr=5 rd_ptr=5 rx_empty=1 rd_en=0 rd_data=xx
# [4865500000] DBG rx_done=0 count=0 wr_ptr=5 rd_ptr=5 rx_empty=1 rd_en=0 rd_data=xx
# [4866500000] DBG rx_done=0 count=0 wr_ptr=5 rd_ptr=5 rx_empty=1 rd_en=0 rd_data=xx
# [4867500000] DBG rx_done=0 count=0 wr_ptr=5 rd_ptr=5 rx_empty=1 rd_en=0 rd_data=xx
# [4868500000] DBG rx_done=0 count=0 wr_ptr=5 rd_ptr=5 rx_empty=1 rd_en=0 rd_data=xx
# [4869500000] DBG rx_done=0 count=0 wr_ptr=5 rd_ptr=5 rx_empty=1 rd_en=0 rd_data=xx
# [4870500000] DBG rx_done=0 count=0 wr_ptr=5 rd_ptr=5 rx_empty=1 rd_en=0 rd_data=xx
# [4871500000] DBG rx_done=0 count=0 wr_ptr=5 rd_ptr=5 rx_empty=1 rd_en=0 rd_data=xx
# [4872500000] DBG rx_done=0 count=0 wr_ptr=5 rd_ptr=5 rx_empty=1 rd_en=0 rd_data=xx
# [4873500000] DBG rx_done=0 count=0 wr_ptr=5 rd_ptr=5 rx_empty=1 rd_en=0 rd_data=xx
# [4874500000] DBG rx_done=0 count=0 wr_ptr=5 rd_ptr=5 rx_empty=1 rd_en=0 rd_data=xx
# [4875500000] DBG rx_done=0 count=0 wr_ptr=5 rd_ptr=5 rx_empty=1 rd_en=0 rd_data=xx
# [4876500000] DBG rx_done=0 count=0 wr_ptr=5 rd_ptr=5 rx_empty=1 rd_en=0 rd_data=xx
# [4877500000] DBG rx_done=0 count=0 wr_ptr=5 rd_ptr=5 rx_empty=1 rd_en=0 rd_data=xx
# [4878500000] DBG rx_done=0 count=0 wr_ptr=5 rd_ptr=5 rx_empty=1 rd_en=0 rd_data=xx
# [4879500000] DBG rx_done=0 count=0 wr_ptr=5 rd_ptr=5 rx_empty=1 rd_en=0 rd_data=xx
# [4880500000] DBG rx_done=0 count=0 wr_ptr=5 rd_ptr=5 rx_empty=1 rd_en=0 rd_data=xx
# [4881500000] DBG rx_done=0 count=0 wr_ptr=5 rd_ptr=5 rx_empty=1 rd_en=0 rd_data=xx
# [4882500000] DBG rx_done=0 count=0 wr_ptr=5 rd_ptr=5 rx_empty=1 rd_en=0 rd_data=xx
# [4883500000] DBG rx_done=0 count=0 wr_ptr=5 rd_ptr=5 rx_empty=1 rd_en=0 rd_data=xx
# [4884500000] DBG rx_done=0 count=0 wr_ptr=5 rd_ptr=5 rx_empty=1 rd_en=0 rd_data=xx
# [4885500000] DBG rx_done=0 count=0 wr_ptr=5 rd_ptr=5 rx_empty=1 rd_en=0 rd_data=xx
# [4886500000] DBG rx_done=0 count=0 wr_ptr=5 rd_ptr=5 rx_empty=1 rd_en=0 rd_data=xx
# [4887500000] DBG rx_done=0 count=0 wr_ptr=5 rd_ptr=5 rx_empty=1 rd_en=0 rd_data=xx
# [4888500000] DBG rx_done=0 count=0 wr_ptr=5 rd_ptr=5 rx_empty=1 rd_en=0 rd_data=xx
# [4889500000] DBG rx_done=0 count=0 wr_ptr=5 rd_ptr=5 rx_empty=1 rd_en=0 rd_data=xx
# [4890500000] DBG rx_done=0 count=0 wr_ptr=5 rd_ptr=5 rx_empty=1 rd_en=0 rd_data=xx
# [4891500000] DBG rx_done=0 count=0 wr_ptr=5 rd_ptr=5 rx_empty=1 rd_en=0 rd_data=xx
# [4892500000] DBG rx_done=0 count=0 wr_ptr=5 rd_ptr=5 rx_empty=1 rd_en=0 rd_data=xx
# [4893500000] DBG rx_done=0 count=0 wr_ptr=5 rd_ptr=5 rx_empty=1 rd_en=0 rd_data=xx
# [4894500000] DBG rx_done=0 count=0 wr_ptr=5 rd_ptr=5 rx_empty=1 rd_en=0 rd_data=xx
# [4895500000] DBG rx_done=0 count=0 wr_ptr=5 rd_ptr=5 rx_empty=1 rd_en=0 rd_data=xx
# [4896500000] DBG rx_done=0 count=0 wr_ptr=5 rd_ptr=5 rx_empty=1 rd_en=0 rd_data=xx
# [4897500000] DBG rx_done=0 count=0 wr_ptr=5 rd_ptr=5 rx_empty=1 rd_en=0 rd_data=xx
# [4898500000] DBG rx_done=0 count=0 wr_ptr=5 rd_ptr=5 rx_empty=1 rd_en=0 rd_data=xx
# [4899500000] DBG rx_done=0 count=0 wr_ptr=5 rd_ptr=5 rx_empty=1 rd_en=0 rd_data=xx
# [4900500000] DBG rx_done=0 count=0 wr_ptr=5 rd_ptr=5 rx_empty=1 rd_en=0 rd_data=xx
# [4901500000] DBG rx_done=0 count=0 wr_ptr=5 rd_ptr=5 rx_empty=1 rd_en=0 rd_data=xx
# [4902500000] DBG rx_done=0 count=0 wr_ptr=5 rd_ptr=5 rx_empty=1 rd_en=0 rd_data=xx
# [4903500000] DBG rx_done=0 count=0 wr_ptr=5 rd_ptr=5 rx_empty=1 rd_en=0 rd_data=xx
# [4904500000] DBG rx_done=0 count=0 wr_ptr=5 rd_ptr=5 rx_empty=1 rd_en=0 rd_data=xx
# [4905500000] DBG rx_done=0 count=0 wr_ptr=5 rd_ptr=5 rx_empty=1 rd_en=0 rd_data=xx
# [4906500000] DBG rx_done=0 count=0 wr_ptr=5 rd_ptr=5 rx_empty=1 rd_en=0 rd_data=xx
# [4907500000] DBG rx_done=0 count=0 wr_ptr=5 rd_ptr=5 rx_empty=1 rd_en=0 rd_data=xx
# [4908500000] DBG rx_done=0 count=0 wr_ptr=5 rd_ptr=5 rx_empty=1 rd_en=0 rd_data=xx
# [4909500000] DBG rx_done=0 count=0 wr_ptr=5 rd_ptr=5 rx_empty=1 rd_en=0 rd_data=xx
# [4910500000] DBG rx_done=0 count=0 wr_ptr=5 rd_ptr=5 rx_empty=1 rd_en=0 rd_data=xx
# [4911500000] DBG rx_done=0 count=0 wr_ptr=5 rd_ptr=5 rx_empty=1 rd_en=0 rd_data=xx
# [4912500000] DBG rx_done=0 count=0 wr_ptr=5 rd_ptr=5 rx_empty=1 rd_en=0 rd_data=xx
# [4913500000] DBG rx_done=0 count=0 wr_ptr=5 rd_ptr=5 rx_empty=1 rd_en=0 rd_data=xx
# [4914500000] DBG rx_done=0 count=0 wr_ptr=5 rd_ptr=5 rx_empty=1 rd_en=0 rd_data=xx
# [4915500000] DBG rx_done=0 count=0 wr_ptr=5 rd_ptr=5 rx_empty=1 rd_en=0 rd_data=xx
# [4916500000] DBG rx_done=0 count=0 wr_ptr=5 rd_ptr=5 rx_empty=1 rd_en=0 rd_data=xx
# [4917500000] DBG rx_done=0 count=0 wr_ptr=5 rd_ptr=5 rx_empty=1 rd_en=0 rd_data=xx
# [4918500000] DBG rx_done=0 count=0 wr_ptr=5 rd_ptr=5 rx_empty=1 rd_en=0 rd_data=xx
# [4919500000] DBG rx_done=0 count=0 wr_ptr=5 rd_ptr=5 rx_empty=1 rd_en=0 rd_data=xx
# [4920500000] DBG rx_done=0 count=0 wr_ptr=5 rd_ptr=5 rx_empty=1 rd_en=0 rd_data=xx
# [4921500000] DBG rx_done=0 count=0 wr_ptr=5 rd_ptr=5 rx_empty=1 rd_en=0 rd_data=xx
# [4922500000] DBG rx_done=0 count=0 wr_ptr=5 rd_ptr=5 rx_empty=1 rd_en=0 rd_data=xx
# [4923500000] DBG rx_done=0 count=0 wr_ptr=5 rd_ptr=5 rx_empty=1 rd_en=0 rd_data=xx
# [4924500000] DBG rx_done=0 count=0 wr_ptr=5 rd_ptr=5 rx_empty=1 rd_en=0 rd_data=xx
# [4925500000] DBG rx_done=0 count=0 wr_ptr=5 rd_ptr=5 rx_empty=1 rd_en=0 rd_data=xx
# [4926500000] DBG rx_done=0 count=0 wr_ptr=5 rd_ptr=5 rx_empty=1 rd_en=0 rd_data=xx
# [4927500000] DBG rx_done=0 count=0 wr_ptr=5 rd_ptr=5 rx_empty=1 rd_en=0 rd_data=xx
# [4928500000] DBG rx_done=0 count=0 wr_ptr=5 rd_ptr=5 rx_empty=1 rd_en=0 rd_data=xx
# [4929500000] DBG rx_done=0 count=0 wr_ptr=5 rd_ptr=5 rx_empty=1 rd_en=0 rd_data=xx
# [4930500000] DBG rx_done=0 count=0 wr_ptr=5 rd_ptr=5 rx_empty=1 rd_en=0 rd_data=xx
# [4931500000] DBG rx_done=0 count=0 wr_ptr=5 rd_ptr=5 rx_empty=1 rd_en=0 rd_data=xx
# [4932500000] DBG rx_done=0 count=0 wr_ptr=5 rd_ptr=5 rx_empty=1 rd_en=0 rd_data=xx
# [4933500000] DBG rx_done=0 count=0 wr_ptr=5 rd_ptr=5 rx_empty=1 rd_en=0 rd_data=xx
# [4934500000] DBG rx_done=0 count=0 wr_ptr=5 rd_ptr=5 rx_empty=1 rd_en=0 rd_data=xx
# [4935500000] DBG rx_done=0 count=0 wr_ptr=5 rd_ptr=5 rx_empty=1 rd_en=0 rd_data=xx
# [4936500000] DBG rx_done=0 count=0 wr_ptr=5 rd_ptr=5 rx_empty=1 rd_en=0 rd_data=xx
# [4937500000] DBG rx_done=0 count=0 wr_ptr=5 rd_ptr=5 rx_empty=1 rd_en=0 rd_data=xx
# [4938500000] DBG rx_done=0 count=0 wr_ptr=5 rd_ptr=5 rx_empty=1 rd_en=0 rd_data=xx
# [4939500000] DBG rx_done=0 count=0 wr_ptr=5 rd_ptr=5 rx_empty=1 rd_en=0 rd_data=xx
# [4940500000] DBG rx_done=0 count=0 wr_ptr=5 rd_ptr=5 rx_empty=1 rd_en=0 rd_data=xx
# [4941500000] DBG rx_done=0 count=0 wr_ptr=5 rd_ptr=5 rx_empty=1 rd_en=0 rd_data=xx
# [4942500000] DBG rx_done=0 count=0 wr_ptr=5 rd_ptr=5 rx_empty=1 rd_en=0 rd_data=xx
# [4943500000] DBG rx_done=0 count=0 wr_ptr=5 rd_ptr=5 rx_empty=1 rd_en=0 rd_data=xx
# [4944500000] DBG rx_done=0 count=0 wr_ptr=5 rd_ptr=5 rx_empty=1 rd_en=0 rd_data=xx
# [4945500000] DBG rx_done=0 count=0 wr_ptr=5 rd_ptr=5 rx_empty=1 rd_en=0 rd_data=xx
# [4946500000] DBG rx_done=0 count=0 wr_ptr=5 rd_ptr=5 rx_empty=1 rd_en=0 rd_data=xx
# [4947500000] DBG rx_done=0 count=0 wr_ptr=5 rd_ptr=5 rx_empty=1 rd_en=0 rd_data=xx
# [4948500000] DBG rx_done=0 count=0 wr_ptr=5 rd_ptr=5 rx_empty=1 rd_en=0 rd_data=xx
# [4949500000] DBG rx_done=0 count=0 wr_ptr=5 rd_ptr=5 rx_empty=1 rd_en=0 rd_data=xx
# [4950500000] DBG rx_done=0 count=0 wr_ptr=5 rd_ptr=5 rx_empty=1 rd_en=0 rd_data=xx
# [4951500000] DBG rx_done=0 count=0 wr_ptr=5 rd_ptr=5 rx_empty=1 rd_en=0 rd_data=xx
# [4952500000] DBG rx_done=0 count=0 wr_ptr=5 rd_ptr=5 rx_empty=1 rd_en=0 rd_data=xx
# [4953500000] DBG rx_done=0 count=0 wr_ptr=5 rd_ptr=5 rx_empty=1 rd_en=0 rd_data=xx
# [4954500000] DBG rx_done=0 count=0 wr_ptr=5 rd_ptr=5 rx_empty=1 rd_en=0 rd_data=xx
# [4955500000] DBG rx_done=0 count=0 wr_ptr=5 rd_ptr=5 rx_empty=1 rd_en=0 rd_data=xx
# [4956500000] DBG rx_done=0 count=0 wr_ptr=5 rd_ptr=5 rx_empty=1 rd_en=0 rd_data=xx
# [4957500000] DBG rx_done=0 count=0 wr_ptr=5 rd_ptr=5 rx_empty=1 rd_en=0 rd_data=xx
# [4958500000] DBG rx_done=0 count=0 wr_ptr=5 rd_ptr=5 rx_empty=1 rd_en=0 rd_data=xx
# [4959500000] DBG rx_done=0 count=0 wr_ptr=5 rd_ptr=5 rx_empty=1 rd_en=0 rd_data=xx
# [4960500000] DBG rx_done=0 count=0 wr_ptr=5 rd_ptr=5 rx_empty=1 rd_en=0 rd_data=xx
# [4961500000] DBG rx_done=0 count=0 wr_ptr=5 rd_ptr=5 rx_empty=1 rd_en=0 rd_data=xx
# [4962500000] DBG rx_done=0 count=0 wr_ptr=5 rd_ptr=5 rx_empty=1 rd_en=0 rd_data=xx
# [4963500000] DBG rx_done=0 count=0 wr_ptr=5 rd_ptr=5 rx_empty=1 rd_en=0 rd_data=xx
# [4964500000] DBG rx_done=0 count=0 wr_ptr=5 rd_ptr=5 rx_empty=1 rd_en=0 rd_data=xx
# [4965500000] DBG rx_done=0 count=0 wr_ptr=5 rd_ptr=5 rx_empty=1 rd_en=0 rd_data=xx
# [4966500000] DBG rx_done=0 count=0 wr_ptr=5 rd_ptr=5 rx_empty=1 rd_en=0 rd_data=xx
# [4967500000] DBG rx_done=0 count=0 wr_ptr=5 rd_ptr=5 rx_empty=1 rd_en=0 rd_data=xx
# [4968500000] DBG rx_done=0 count=0 wr_ptr=5 rd_ptr=5 rx_empty=1 rd_en=0 rd_data=xx
# [4969500000] DBG rx_done=0 count=0 wr_ptr=5 rd_ptr=5 rx_empty=1 rd_en=0 rd_data=xx
# [4970500000] DBG rx_done=0 count=0 wr_ptr=5 rd_ptr=5 rx_empty=1 rd_en=0 rd_data=xx
# [4971500000] DBG rx_done=0 count=0 wr_ptr=5 rd_ptr=5 rx_empty=1 rd_en=0 rd_data=xx
# [4972500000] DBG rx_done=0 count=0 wr_ptr=5 rd_ptr=5 rx_empty=1 rd_en=0 rd_data=xx
# [4973500000] DBG rx_done=0 count=0 wr_ptr=5 rd_ptr=5 rx_empty=1 rd_en=0 rd_data=xx
# [4974500000] DBG rx_done=0 count=0 wr_ptr=5 rd_ptr=5 rx_empty=1 rd_en=0 rd_data=xx
# [4975500000] DBG rx_done=0 count=0 wr_ptr=5 rd_ptr=5 rx_empty=1 rd_en=0 rd_data=xx
# [4976500000] DBG rx_done=0 count=0 wr_ptr=5 rd_ptr=5 rx_empty=1 rd_en=0 rd_data=xx
# [4977500000] DBG rx_done=0 count=0 wr_ptr=5 rd_ptr=5 rx_empty=1 rd_en=0 rd_data=xx
# [4978500000] DBG rx_done=0 count=0 wr_ptr=5 rd_ptr=5 rx_empty=1 rd_en=0 rd_data=xx
# [4979500000] DBG rx_done=0 count=0 wr_ptr=5 rd_ptr=5 rx_empty=1 rd_en=0 rd_data=xx
# [4980500000] DBG rx_done=0 count=0 wr_ptr=5 rd_ptr=5 rx_empty=1 rd_en=0 rd_data=xx
# [4981500000] DBG rx_done=0 count=0 wr_ptr=5 rd_ptr=5 rx_empty=1 rd_en=0 rd_data=xx
# [4982500000] DBG rx_done=0 count=0 wr_ptr=5 rd_ptr=5 rx_empty=1 rd_en=0 rd_data=xx
# [4983500000] DBG rx_done=0 count=0 wr_ptr=5 rd_ptr=5 rx_empty=1 rd_en=0 rd_data=xx
# [4984500000] DBG rx_done=0 count=0 wr_ptr=5 rd_ptr=5 rx_empty=1 rd_en=0 rd_data=xx
# [4985500000] DBG rx_done=0 count=0 wr_ptr=5 rd_ptr=5 rx_empty=1 rd_en=0 rd_data=xx
# [4986500000] DBG rx_done=0 count=0 wr_ptr=5 rd_ptr=5 rx_empty=1 rd_en=0 rd_data=xx
# [4987500000] DBG rx_done=0 count=0 wr_ptr=5 rd_ptr=5 rx_empty=1 rd_en=0 rd_data=xx
# [4988500000] DBG rx_done=0 count=0 wr_ptr=5 rd_ptr=5 rx_empty=1 rd_en=0 rd_data=xx
# [4989500000] DBG rx_done=0 count=0 wr_ptr=5 rd_ptr=5 rx_empty=1 rd_en=0 rd_data=xx
# [4990500000] DBG rx_done=0 count=0 wr_ptr=5 rd_ptr=5 rx_empty=1 rd_en=0 rd_data=xx
# [4991500000] DBG rx_done=0 count=0 wr_ptr=5 rd_ptr=5 rx_empty=1 rd_en=0 rd_data=xx
# [4992500000] DBG rx_done=0 count=0 wr_ptr=5 rd_ptr=5 rx_empty=1 rd_en=0 rd_data=xx
# [4993500000] DBG rx_done=0 count=0 wr_ptr=5 rd_ptr=5 rx_empty=1 rd_en=0 rd_data=xx
# [4994500000] DBG rx_done=0 count=0 wr_ptr=5 rd_ptr=5 rx_empty=1 rd_en=0 rd_data=xx
# [4995500000] DBG rx_done=0 count=0 wr_ptr=5 rd_ptr=5 rx_empty=1 rd_en=0 rd_data=xx
# [4996500000] DBG rx_done=0 count=0 wr_ptr=5 rd_ptr=5 rx_empty=1 rd_en=0 rd_data=xx
# [4997500000] DBG rx_done=0 count=0 wr_ptr=5 rd_ptr=5 rx_empty=1 rd_en=0 rd_data=xx
# [4998500000] DBG rx_done=0 count=0 wr_ptr=5 rd_ptr=5 rx_empty=1 rd_en=0 rd_data=xx
# [4999500000] DBG rx_done=0 count=0 wr_ptr=5 rd_ptr=5 rx_empty=1 rd_en=0 rd_data=xx
# [5000500000] DBG rx_done=0 count=0 wr_ptr=5 rd_ptr=5 rx_empty=1 rd_en=0 rd_data=xx
# [5001500000] DBG rx_done=0 count=0 wr_ptr=5 rd_ptr=5 rx_empty=1 rd_en=0 rd_data=xx
# [5002500000] DBG rx_done=0 count=0 wr_ptr=5 rd_ptr=5 rx_empty=1 rd_en=0 rd_data=xx
# [5003500000] DBG rx_done=0 count=0 wr_ptr=5 rd_ptr=5 rx_empty=1 rd_en=0 rd_data=xx
# [5004500000] DBG rx_done=0 count=0 wr_ptr=5 rd_ptr=5 rx_empty=1 rd_en=0 rd_data=xx
# [5005500000] DBG rx_done=0 count=0 wr_ptr=5 rd_ptr=5 rx_empty=1 rd_en=0 rd_data=xx
# [5006500000] DBG rx_done=0 count=0 wr_ptr=5 rd_ptr=5 rx_empty=1 rd_en=0 rd_data=xx
# [5007500000] DBG rx_done=0 count=0 wr_ptr=5 rd_ptr=5 rx_empty=1 rd_en=0 rd_data=xx
# [5008500000] DBG rx_done=0 count=0 wr_ptr=5 rd_ptr=5 rx_empty=1 rd_en=0 rd_data=xx
# [5009500000] DBG rx_done=0 count=0 wr_ptr=5 rd_ptr=5 rx_empty=1 rd_en=0 rd_data=xx
# [5010500000] DBG rx_done=0 count=0 wr_ptr=5 rd_ptr=5 rx_empty=1 rd_en=0 rd_data=xx
# [5011500000] DBG rx_done=0 count=0 wr_ptr=5 rd_ptr=5 rx_empty=1 rd_en=0 rd_data=xx
# [5012500000] DBG rx_done=0 count=0 wr_ptr=5 rd_ptr=5 rx_empty=1 rd_en=0 rd_data=xx
# [5013500000] DBG rx_done=0 count=0 wr_ptr=5 rd_ptr=5 rx_empty=1 rd_en=0 rd_data=xx
# [5014500000] DBG rx_done=0 count=0 wr_ptr=5 rd_ptr=5 rx_empty=1 rd_en=0 rd_data=xx
# [5015500000] DBG rx_done=0 count=0 wr_ptr=5 rd_ptr=5 rx_empty=1 rd_en=0 rd_data=xx
# [5016500000] DBG rx_done=0 count=0 wr_ptr=5 rd_ptr=5 rx_empty=1 rd_en=0 rd_data=xx
# [5017500000] DBG rx_done=0 count=0 wr_ptr=5 rd_ptr=5 rx_empty=1 rd_en=0 rd_data=xx
# [5018500000] DBG rx_done=0 count=0 wr_ptr=5 rd_ptr=5 rx_empty=1 rd_en=0 rd_data=xx
# [5019500000] DBG rx_done=0 count=0 wr_ptr=5 rd_ptr=5 rx_empty=1 rd_en=0 rd_data=xx
# [5020500000] DBG rx_done=0 count=0 wr_ptr=5 rd_ptr=5 rx_empty=1 rd_en=0 rd_data=xx
# [5021500000] DBG rx_done=0 count=0 wr_ptr=5 rd_ptr=5 rx_empty=1 rd_en=0 rd_data=xx
# [5022500000] DBG rx_done=0 count=0 wr_ptr=5 rd_ptr=5 rx_empty=1 rd_en=0 rd_data=xx
# [5023500000] DBG rx_done=0 count=0 wr_ptr=5 rd_ptr=5 rx_empty=1 rd_en=0 rd_data=xx
# [5024500000] DBG rx_done=0 count=0 wr_ptr=5 rd_ptr=5 rx_empty=1 rd_en=0 rd_data=xx
# [5025500000] DBG rx_done=0 count=0 wr_ptr=5 rd_ptr=5 rx_empty=1 rd_en=0 rd_data=xx
# [5026500000] DBG rx_done=0 count=0 wr_ptr=5 rd_ptr=5 rx_empty=1 rd_en=0 rd_data=xx
# [5027500000] DBG rx_done=0 count=0 wr_ptr=5 rd_ptr=5 rx_empty=1 rd_en=0 rd_data=xx
# [5028500000] DBG rx_done=0 count=0 wr_ptr=5 rd_ptr=5 rx_empty=1 rd_en=0 rd_data=xx
# [5029500000] DBG rx_done=0 count=0 wr_ptr=5 rd_ptr=5 rx_empty=1 rd_en=0 rd_data=xx
# [5030500000] DBG rx_done=0 count=0 wr_ptr=5 rd_ptr=5 rx_empty=1 rd_en=0 rd_data=xx
# [5031500000] DBG rx_done=0 count=0 wr_ptr=5 rd_ptr=5 rx_empty=1 rd_en=0 rd_data=xx
# [5032500000] DBG rx_done=0 count=0 wr_ptr=5 rd_ptr=5 rx_empty=1 rd_en=0 rd_data=xx
# [5033500000] DBG rx_done=0 count=0 wr_ptr=5 rd_ptr=5 rx_empty=1 rd_en=0 rd_data=xx
# [5034500000] DBG rx_done=0 count=0 wr_ptr=5 rd_ptr=5 rx_empty=1 rd_en=0 rd_data=xx
# [5035500000] DBG rx_done=0 count=0 wr_ptr=5 rd_ptr=5 rx_empty=1 rd_en=0 rd_data=xx
# [5036500000] DBG rx_done=0 count=0 wr_ptr=5 rd_ptr=5 rx_empty=1 rd_en=0 rd_data=xx
# [5037500000] DBG rx_done=0 count=0 wr_ptr=5 rd_ptr=5 rx_empty=1 rd_en=0 rd_data=xx
# [5038500000] DBG rx_done=0 count=0 wr_ptr=5 rd_ptr=5 rx_empty=1 rd_en=0 rd_data=xx
# [5039500000] DBG rx_done=0 count=0 wr_ptr=5 rd_ptr=5 rx_empty=1 rd_en=0 rd_data=xx
# [5040500000] DBG rx_done=0 count=0 wr_ptr=5 rd_ptr=5 rx_empty=1 rd_en=0 rd_data=xx
# [5041500000] DBG rx_done=0 count=0 wr_ptr=5 rd_ptr=5 rx_empty=1 rd_en=0 rd_data=xx
# [5042500000] DBG rx_done=0 count=0 wr_ptr=5 rd_ptr=5 rx_empty=1 rd_en=0 rd_data=xx
# [5043500000] DBG rx_done=0 count=0 wr_ptr=5 rd_ptr=5 rx_empty=1 rd_en=0 rd_data=xx
# [5044500000] DBG rx_done=0 count=0 wr_ptr=5 rd_ptr=5 rx_empty=1 rd_en=0 rd_data=xx
# [5045500000] DBG rx_done=0 count=0 wr_ptr=5 rd_ptr=5 rx_empty=1 rd_en=0 rd_data=xx
# [5046500000] DBG rx_done=0 count=0 wr_ptr=5 rd_ptr=5 rx_empty=1 rd_en=0 rd_data=xx
# [5047500000] DBG rx_done=0 count=0 wr_ptr=5 rd_ptr=5 rx_empty=1 rd_en=0 rd_data=xx
# [5048500000] DBG rx_done=0 count=0 wr_ptr=5 rd_ptr=5 rx_empty=1 rd_en=0 rd_data=xx
# [5049500000] DBG rx_done=0 count=0 wr_ptr=5 rd_ptr=5 rx_empty=1 rd_en=0 rd_data=xx
# [5050500000] DBG rx_done=0 count=0 wr_ptr=5 rd_ptr=5 rx_empty=1 rd_en=0 rd_data=xx
# [5051500000] DBG rx_done=0 count=0 wr_ptr=5 rd_ptr=5 rx_empty=1 rd_en=0 rd_data=xx
# [5052500000] DBG rx_done=0 count=0 wr_ptr=5 rd_ptr=5 rx_empty=1 rd_en=0 rd_data=xx
# [5053500000] DBG rx_done=0 count=0 wr_ptr=5 rd_ptr=5 rx_empty=1 rd_en=0 rd_data=xx
# [5054500000] DBG rx_done=0 count=0 wr_ptr=5 rd_ptr=5 rx_empty=1 rd_en=0 rd_data=xx
# [5055500000] DBG rx_done=0 count=0 wr_ptr=5 rd_ptr=5 rx_empty=1 rd_en=0 rd_data=xx
# [5056500000] DBG rx_done=0 count=0 wr_ptr=5 rd_ptr=5 rx_empty=1 rd_en=0 rd_data=xx
# [5057500000] DBG rx_done=0 count=0 wr_ptr=5 rd_ptr=5 rx_empty=1 rd_en=0 rd_data=xx
# [5058500000] DBG rx_done=0 count=0 wr_ptr=5 rd_ptr=5 rx_empty=1 rd_en=0 rd_data=xx
# [5059500000] DBG rx_done=0 count=0 wr_ptr=5 rd_ptr=5 rx_empty=1 rd_en=0 rd_data=xx
# [5060500000] DBG rx_done=0 count=0 wr_ptr=5 rd_ptr=5 rx_empty=1 rd_en=0 rd_data=xx
# [5061500000] DBG rx_done=0 count=0 wr_ptr=5 rd_ptr=5 rx_empty=1 rd_en=0 rd_data=xx
# [5062500000] DBG rx_done=0 count=0 wr_ptr=5 rd_ptr=5 rx_empty=1 rd_en=0 rd_data=xx
# [5063500000] DBG rx_done=0 count=0 wr_ptr=5 rd_ptr=5 rx_empty=1 rd_en=0 rd_data=xx
# [5064500000] DBG rx_done=0 count=0 wr_ptr=5 rd_ptr=5 rx_empty=1 rd_en=0 rd_data=xx
# [5065500000] DBG rx_done=0 count=0 wr_ptr=5 rd_ptr=5 rx_empty=1 rd_en=0 rd_data=xx
# [5066500000] DBG rx_done=0 count=0 wr_ptr=5 rd_ptr=5 rx_empty=1 rd_en=0 rd_data=xx
# [5067500000] DBG rx_done=0 count=0 wr_ptr=5 rd_ptr=5 rx_empty=1 rd_en=0 rd_data=xx
# [5068500000] DBG rx_done=0 count=0 wr_ptr=5 rd_ptr=5 rx_empty=1 rd_en=0 rd_data=xx
# [5069500000] DBG rx_done=0 count=0 wr_ptr=5 rd_ptr=5 rx_empty=1 rd_en=0 rd_data=xx
# [5070500000] DBG rx_done=0 count=0 wr_ptr=5 rd_ptr=5 rx_empty=1 rd_en=0 rd_data=xx
# [5071500000] DBG rx_done=0 count=0 wr_ptr=5 rd_ptr=5 rx_empty=1 rd_en=0 rd_data=xx
# [5072500000] DBG rx_done=0 count=0 wr_ptr=5 rd_ptr=5 rx_empty=1 rd_en=0 rd_data=xx
# [5073500000] DBG rx_done=0 count=0 wr_ptr=5 rd_ptr=5 rx_empty=1 rd_en=0 rd_data=xx
# [5074500000] DBG rx_done=0 count=0 wr_ptr=5 rd_ptr=5 rx_empty=1 rd_en=0 rd_data=xx
# [5075500000] DBG rx_done=0 count=0 wr_ptr=5 rd_ptr=5 rx_empty=1 rd_en=0 rd_data=xx
# [5076500000] DBG rx_done=0 count=0 wr_ptr=5 rd_ptr=5 rx_empty=1 rd_en=0 rd_data=xx
# [5077500000] DBG rx_done=0 count=0 wr_ptr=5 rd_ptr=5 rx_empty=1 rd_en=0 rd_data=xx
# [5078500000] DBG rx_done=0 count=0 wr_ptr=5 rd_ptr=5 rx_empty=1 rd_en=0 rd_data=xx
# [5079500000] DBG rx_done=0 count=0 wr_ptr=5 rd_ptr=5 rx_empty=1 rd_en=0 rd_data=xx
# [5080500000] DBG rx_done=0 count=0 wr_ptr=5 rd_ptr=5 rx_empty=1 rd_en=0 rd_data=xx
# [5081500000] DBG rx_done=0 count=0 wr_ptr=5 rd_ptr=5 rx_empty=1 rd_en=0 rd_data=xx
# [5082500000] DBG rx_done=0 count=0 wr_ptr=5 rd_ptr=5 rx_empty=1 rd_en=0 rd_data=xx
# [5083500000] DBG rx_done=0 count=0 wr_ptr=5 rd_ptr=5 rx_empty=1 rd_en=0 rd_data=xx
# [5084500000] DBG rx_done=0 count=0 wr_ptr=5 rd_ptr=5 rx_empty=1 rd_en=0 rd_data=xx
# [5085500000] DBG rx_done=0 count=0 wr_ptr=5 rd_ptr=5 rx_empty=1 rd_en=0 rd_data=xx
# [5086500000] DBG rx_done=0 count=0 wr_ptr=5 rd_ptr=5 rx_empty=1 rd_en=0 rd_data=xx
# [5087500000] DBG rx_done=0 count=0 wr_ptr=5 rd_ptr=5 rx_empty=1 rd_en=0 rd_data=xx
# [5088500000] DBG rx_done=0 count=0 wr_ptr=5 rd_ptr=5 rx_empty=1 rd_en=0 rd_data=xx
# [5089500000] DBG rx_done=0 count=0 wr_ptr=5 rd_ptr=5 rx_empty=1 rd_en=0 rd_data=xx
# [5090500000] DBG rx_done=0 count=0 wr_ptr=5 rd_ptr=5 rx_empty=1 rd_en=0 rd_data=xx
# [5091500000] DBG rx_done=0 count=0 wr_ptr=5 rd_ptr=5 rx_empty=1 rd_en=0 rd_data=xx
# [5092500000] DBG rx_done=0 count=0 wr_ptr=5 rd_ptr=5 rx_empty=1 rd_en=0 rd_data=xx
# [5093500000] DBG rx_done=0 count=0 wr_ptr=5 rd_ptr=5 rx_empty=1 rd_en=0 rd_data=xx
# [5094500000] DBG rx_done=0 count=0 wr_ptr=5 rd_ptr=5 rx_empty=1 rd_en=0 rd_data=xx
# [5095500000] DBG rx_done=0 count=0 wr_ptr=5 rd_ptr=5 rx_empty=1 rd_en=0 rd_data=xx
# [5096500000] DBG rx_done=0 count=0 wr_ptr=5 rd_ptr=5 rx_empty=1 rd_en=0 rd_data=xx
# [5097500000] DBG rx_done=0 count=0 wr_ptr=5 rd_ptr=5 rx_empty=1 rd_en=0 rd_data=xx
# [5098500000] DBG rx_done=0 count=0 wr_ptr=5 rd_ptr=5 rx_empty=1 rd_en=0 rd_data=xx
# [5099500000] DBG rx_done=0 count=0 wr_ptr=5 rd_ptr=5 rx_empty=1 rd_en=0 rd_data=xx
# [5100500000] DBG rx_done=0 count=0 wr_ptr=5 rd_ptr=5 rx_empty=1 rd_en=0 rd_data=xx
# [5101500000] DBG rx_done=0 count=0 wr_ptr=5 rd_ptr=5 rx_empty=1 rd_en=0 rd_data=xx
# [5102500000] DBG rx_done=0 count=0 wr_ptr=5 rd_ptr=5 rx_empty=1 rd_en=0 rd_data=xx
# [5103500000] DBG rx_done=0 count=0 wr_ptr=5 rd_ptr=5 rx_empty=1 rd_en=0 rd_data=xx
# [5104500000] DBG rx_done=0 count=0 wr_ptr=5 rd_ptr=5 rx_empty=1 rd_en=0 rd_data=xx
# [5105500000] DBG rx_done=0 count=0 wr_ptr=5 rd_ptr=5 rx_empty=1 rd_en=0 rd_data=xx
# [5106500000] DBG rx_done=0 count=0 wr_ptr=5 rd_ptr=5 rx_empty=1 rd_en=0 rd_data=xx
# [5107500000] DBG rx_done=0 count=0 wr_ptr=5 rd_ptr=5 rx_empty=1 rd_en=0 rd_data=xx
# [5108500000] DBG rx_done=0 count=0 wr_ptr=5 rd_ptr=5 rx_empty=1 rd_en=0 rd_data=xx
# [5109500000] DBG rx_done=0 count=0 wr_ptr=5 rd_ptr=5 rx_empty=1 rd_en=0 rd_data=xx
# [5110500000] DBG rx_done=0 count=0 wr_ptr=5 rd_ptr=5 rx_empty=1 rd_en=0 rd_data=xx
# [5111500000] DBG rx_done=0 count=0 wr_ptr=5 rd_ptr=5 rx_empty=1 rd_en=0 rd_data=xx
# [5112500000] DBG rx_done=0 count=0 wr_ptr=5 rd_ptr=5 rx_empty=1 rd_en=0 rd_data=xx
# [5113500000] DBG rx_done=0 count=0 wr_ptr=5 rd_ptr=5 rx_empty=1 rd_en=0 rd_data=xx
# [5114500000] DBG rx_done=0 count=0 wr_ptr=5 rd_ptr=5 rx_empty=1 rd_en=0 rd_data=xx
# [5115500000] DBG rx_done=0 count=0 wr_ptr=5 rd_ptr=5 rx_empty=1 rd_en=0 rd_data=xx
# [5116500000] DBG rx_done=0 count=0 wr_ptr=5 rd_ptr=5 rx_empty=1 rd_en=0 rd_data=xx
# [5117500000] DBG rx_done=0 count=0 wr_ptr=5 rd_ptr=5 rx_empty=1 rd_en=0 rd_data=xx
# [5118500000] DBG rx_done=0 count=0 wr_ptr=5 rd_ptr=5 rx_empty=1 rd_en=0 rd_data=xx
# [5119500000] DBG rx_done=0 count=0 wr_ptr=5 rd_ptr=5 rx_empty=1 rd_en=0 rd_data=xx
# [5120500000] DBG rx_done=0 count=0 wr_ptr=5 rd_ptr=5 rx_empty=1 rd_en=0 rd_data=xx
# [5121500000] DBG rx_done=0 count=0 wr_ptr=5 rd_ptr=5 rx_empty=1 rd_en=0 rd_data=xx
# [5122500000] DBG rx_done=0 count=0 wr_ptr=5 rd_ptr=5 rx_empty=1 rd_en=0 rd_data=xx
# [5123500000] DBG rx_done=0 count=0 wr_ptr=5 rd_ptr=5 rx_empty=1 rd_en=0 rd_data=xx
# [5124500000] DBG rx_done=0 count=0 wr_ptr=5 rd_ptr=5 rx_empty=1 rd_en=0 rd_data=xx
# [5125500000] DBG rx_done=0 count=0 wr_ptr=5 rd_ptr=5 rx_empty=1 rd_en=0 rd_data=xx
# [5126500000] DBG rx_done=0 count=0 wr_ptr=5 rd_ptr=5 rx_empty=1 rd_en=0 rd_data=xx
# [5127500000] DBG rx_done=0 count=0 wr_ptr=5 rd_ptr=5 rx_empty=1 rd_en=0 rd_data=xx
# [5128500000] DBG rx_done=0 count=0 wr_ptr=5 rd_ptr=5 rx_empty=1 rd_en=0 rd_data=xx
# [5129500000] DBG rx_done=0 count=0 wr_ptr=5 rd_ptr=5 rx_empty=1 rd_en=0 rd_data=xx
# [5130500000] DBG rx_done=0 count=0 wr_ptr=5 rd_ptr=5 rx_empty=1 rd_en=0 rd_data=xx
# [5131500000] DBG rx_done=0 count=0 wr_ptr=5 rd_ptr=5 rx_empty=1 rd_en=0 rd_data=xx
# [5132500000] DBG rx_done=0 count=0 wr_ptr=5 rd_ptr=5 rx_empty=1 rd_en=0 rd_data=xx
# [5133500000] DBG rx_done=0 count=0 wr_ptr=5 rd_ptr=5 rx_empty=1 rd_en=0 rd_data=xx
# [5134500000] DBG rx_done=0 count=0 wr_ptr=5 rd_ptr=5 rx_empty=1 rd_en=0 rd_data=xx
# [5135500000] DBG rx_done=0 count=0 wr_ptr=5 rd_ptr=5 rx_empty=1 rd_en=0 rd_data=xx
# [5136500000] DBG rx_done=0 count=0 wr_ptr=5 rd_ptr=5 rx_empty=1 rd_en=0 rd_data=xx
# [5137500000] DBG rx_done=0 count=0 wr_ptr=5 rd_ptr=5 rx_empty=1 rd_en=0 rd_data=xx
# [5138500000] DBG rx_done=0 count=0 wr_ptr=5 rd_ptr=5 rx_empty=1 rd_en=0 rd_data=xx
# [5139500000] DBG rx_done=0 count=0 wr_ptr=5 rd_ptr=5 rx_empty=1 rd_en=0 rd_data=xx
# [5140500000] DBG rx_done=0 count=0 wr_ptr=5 rd_ptr=5 rx_empty=1 rd_en=0 rd_data=xx
# [5141500000] DBG rx_done=0 count=0 wr_ptr=5 rd_ptr=5 rx_empty=1 rd_en=0 rd_data=xx
# [5142500000] DBG rx_done=0 count=0 wr_ptr=5 rd_ptr=5 rx_empty=1 rd_en=0 rd_data=xx
# [5143500000] DBG rx_done=0 count=0 wr_ptr=5 rd_ptr=5 rx_empty=1 rd_en=0 rd_data=xx
# [5144500000] DBG rx_done=0 count=0 wr_ptr=5 rd_ptr=5 rx_empty=1 rd_en=0 rd_data=xx
# [5145500000] DBG rx_done=0 count=0 wr_ptr=5 rd_ptr=5 rx_empty=1 rd_en=0 rd_data=xx
# [5146500000] DBG rx_done=0 count=0 wr_ptr=5 rd_ptr=5 rx_empty=1 rd_en=0 rd_data=xx
# [5147500000] DBG rx_done=0 count=0 wr_ptr=5 rd_ptr=5 rx_empty=1 rd_en=0 rd_data=xx
# [5148500000] DBG rx_done=0 count=0 wr_ptr=5 rd_ptr=5 rx_empty=1 rd_en=0 rd_data=xx
# [5149500000] DBG rx_done=0 count=0 wr_ptr=5 rd_ptr=5 rx_empty=1 rd_en=0 rd_data=xx
# [5150500000] DBG rx_done=0 count=0 wr_ptr=5 rd_ptr=5 rx_empty=1 rd_en=0 rd_data=xx
# [5151500000] DBG rx_done=0 count=0 wr_ptr=5 rd_ptr=5 rx_empty=1 rd_en=0 rd_data=xx
# [5152500000] DBG rx_done=0 count=0 wr_ptr=5 rd_ptr=5 rx_empty=1 rd_en=0 rd_data=xx
# [5153500000] DBG rx_done=0 count=0 wr_ptr=5 rd_ptr=5 rx_empty=1 rd_en=0 rd_data=xx
# [5154500000] DBG rx_done=0 count=0 wr_ptr=5 rd_ptr=5 rx_empty=1 rd_en=0 rd_data=xx
# [5155500000] DBG rx_done=0 count=0 wr_ptr=5 rd_ptr=5 rx_empty=1 rd_en=0 rd_data=xx
# [5156500000] DBG rx_done=0 count=0 wr_ptr=5 rd_ptr=5 rx_empty=1 rd_en=0 rd_data=xx
# [5157500000] DBG rx_done=0 count=0 wr_ptr=5 rd_ptr=5 rx_empty=1 rd_en=0 rd_data=xx
# [5158500000] DBG rx_done=0 count=0 wr_ptr=5 rd_ptr=5 rx_empty=1 rd_en=0 rd_data=xx
# [5159500000] DBG rx_done=0 count=0 wr_ptr=5 rd_ptr=5 rx_empty=1 rd_en=0 rd_data=xx
# [5160500000] DBG rx_done=0 count=0 wr_ptr=5 rd_ptr=5 rx_empty=1 rd_en=0 rd_data=xx
# [5161500000] DBG rx_done=0 count=0 wr_ptr=5 rd_ptr=5 rx_empty=1 rd_en=0 rd_data=xx
# [5162500000] DBG rx_done=0 count=0 wr_ptr=5 rd_ptr=5 rx_empty=1 rd_en=0 rd_data=xx
# [5163500000] DBG rx_done=0 count=0 wr_ptr=5 rd_ptr=5 rx_empty=1 rd_en=0 rd_data=xx
# [5164500000] DBG rx_done=0 count=0 wr_ptr=5 rd_ptr=5 rx_empty=1 rd_en=0 rd_data=xx
# [5165500000] DBG rx_done=0 count=0 wr_ptr=5 rd_ptr=5 rx_empty=1 rd_en=0 rd_data=xx
# [5166500000] DBG rx_done=0 count=0 wr_ptr=5 rd_ptr=5 rx_empty=1 rd_en=0 rd_data=xx
# [5167500000] DBG rx_done=0 count=0 wr_ptr=5 rd_ptr=5 rx_empty=1 rd_en=0 rd_data=xx
# [5168500000] DBG rx_done=0 count=0 wr_ptr=5 rd_ptr=5 rx_empty=1 rd_en=0 rd_data=xx
# [5169500000] DBG rx_done=0 count=0 wr_ptr=5 rd_ptr=5 rx_empty=1 rd_en=0 rd_data=xx
# [5170500000] DBG rx_done=0 count=0 wr_ptr=5 rd_ptr=5 rx_empty=1 rd_en=0 rd_data=xx
# [5171500000] DBG rx_done=0 count=0 wr_ptr=5 rd_ptr=5 rx_empty=1 rd_en=0 rd_data=xx
# [5172500000] DBG rx_done=0 count=0 wr_ptr=5 rd_ptr=5 rx_empty=1 rd_en=0 rd_data=xx
# [5173500000] DBG rx_done=0 count=0 wr_ptr=5 rd_ptr=5 rx_empty=1 rd_en=0 rd_data=xx
# [5174500000] DBG rx_done=0 count=0 wr_ptr=5 rd_ptr=5 rx_empty=1 rd_en=0 rd_data=xx
# [5175500000] DBG rx_done=0 count=0 wr_ptr=5 rd_ptr=5 rx_empty=1 rd_en=0 rd_data=xx
# [5176500000] DBG rx_done=0 count=0 wr_ptr=5 rd_ptr=5 rx_empty=1 rd_en=0 rd_data=xx
# [5177500000] DBG rx_done=0 count=0 wr_ptr=5 rd_ptr=5 rx_empty=1 rd_en=0 rd_data=xx
# [5178500000] DBG rx_done=0 count=0 wr_ptr=5 rd_ptr=5 rx_empty=1 rd_en=0 rd_data=xx
# [5179500000] DBG rx_done=0 count=0 wr_ptr=5 rd_ptr=5 rx_empty=1 rd_en=0 rd_data=xx
# [5180500000] DBG rx_done=0 count=0 wr_ptr=5 rd_ptr=5 rx_empty=1 rd_en=0 rd_data=xx
# [5181500000] DBG rx_done=0 count=0 wr_ptr=5 rd_ptr=5 rx_empty=1 rd_en=0 rd_data=xx
# [5182500000] DBG rx_done=0 count=0 wr_ptr=5 rd_ptr=5 rx_empty=1 rd_en=0 rd_data=xx
# [5183500000] DBG rx_done=0 count=0 wr_ptr=5 rd_ptr=5 rx_empty=1 rd_en=0 rd_data=xx
# [5184500000] DBG rx_done=0 count=0 wr_ptr=5 rd_ptr=5 rx_empty=1 rd_en=0 rd_data=xx
# [5185500000] DBG rx_done=0 count=0 wr_ptr=5 rd_ptr=5 rx_empty=1 rd_en=0 rd_data=xx
# [5186500000] DBG rx_done=0 count=0 wr_ptr=5 rd_ptr=5 rx_empty=1 rd_en=0 rd_data=xx
# [5187500000] DBG rx_done=0 count=0 wr_ptr=5 rd_ptr=5 rx_empty=1 rd_en=0 rd_data=xx
# [5188500000] DBG rx_done=0 count=0 wr_ptr=5 rd_ptr=5 rx_empty=1 rd_en=0 rd_data=xx
# [5189500000] DBG rx_done=0 count=0 wr_ptr=5 rd_ptr=5 rx_empty=1 rd_en=0 rd_data=xx
# [5190500000] DBG rx_done=0 count=0 wr_ptr=5 rd_ptr=5 rx_empty=1 rd_en=0 rd_data=xx
# [5191500000] DBG rx_done=0 count=0 wr_ptr=5 rd_ptr=5 rx_empty=1 rd_en=0 rd_data=xx
# [5192500000] DBG rx_done=0 count=0 wr_ptr=5 rd_ptr=5 rx_empty=1 rd_en=0 rd_data=xx
# [5193500000] DBG rx_done=0 count=0 wr_ptr=5 rd_ptr=5 rx_empty=1 rd_en=0 rd_data=xx
# [5194500000] DBG rx_done=0 count=0 wr_ptr=5 rd_ptr=5 rx_empty=1 rd_en=0 rd_data=xx
# [5195500000] DBG rx_done=0 count=0 wr_ptr=5 rd_ptr=5 rx_empty=1 rd_en=0 rd_data=xx
# [5196500000] DBG rx_done=0 count=0 wr_ptr=5 rd_ptr=5 rx_empty=1 rd_en=0 rd_data=xx
# [5197500000] DBG rx_done=0 count=0 wr_ptr=5 rd_ptr=5 rx_empty=1 rd_en=0 rd_data=xx
# [5198500000] DBG rx_done=0 count=0 wr_ptr=5 rd_ptr=5 rx_empty=1 rd_en=0 rd_data=xx
# [5199500000] DBG rx_done=0 count=0 wr_ptr=5 rd_ptr=5 rx_empty=1 rd_en=0 rd_data=xx
# [5200500000] DBG rx_done=0 count=0 wr_ptr=5 rd_ptr=5 rx_empty=1 rd_en=0 rd_data=xx
# [5201500000] DBG rx_done=0 count=0 wr_ptr=5 rd_ptr=5 rx_empty=1 rd_en=0 rd_data=xx
# [5202500000] DBG rx_done=0 count=0 wr_ptr=5 rd_ptr=5 rx_empty=1 rd_en=0 rd_data=xx
# [5203500000] DBG rx_done=0 count=0 wr_ptr=5 rd_ptr=5 rx_empty=1 rd_en=0 rd_data=xx
# [5204500000] DBG rx_done=0 count=0 wr_ptr=5 rd_ptr=5 rx_empty=1 rd_en=0 rd_data=xx
# [5205500000] DBG rx_done=0 count=0 wr_ptr=5 rd_ptr=5 rx_empty=1 rd_en=0 rd_data=xx
# [5206500000] DBG rx_done=0 count=0 wr_ptr=5 rd_ptr=5 rx_empty=1 rd_en=0 rd_data=xx
# [5207500000] DBG rx_done=0 count=0 wr_ptr=5 rd_ptr=5 rx_empty=1 rd_en=0 rd_data=xx
# [5208500000] DBG rx_done=0 count=0 wr_ptr=5 rd_ptr=5 rx_empty=1 rd_en=0 rd_data=xx
# [5209500000] DBG rx_done=0 count=0 wr_ptr=5 rd_ptr=5 rx_empty=1 rd_en=0 rd_data=xx
# [5210500000] DBG rx_done=0 count=0 wr_ptr=5 rd_ptr=5 rx_empty=1 rd_en=0 rd_data=xx
# [5211500000] DBG rx_done=0 count=0 wr_ptr=5 rd_ptr=5 rx_empty=1 rd_en=0 rd_data=xx
# [5212500000] DBG rx_done=0 count=0 wr_ptr=5 rd_ptr=5 rx_empty=1 rd_en=0 rd_data=xx
# [5213500000] DBG rx_done=0 count=0 wr_ptr=5 rd_ptr=5 rx_empty=1 rd_en=0 rd_data=xx
# [5214500000] DBG rx_done=0 count=0 wr_ptr=5 rd_ptr=5 rx_empty=1 rd_en=0 rd_data=xx
# [5215500000] DBG rx_done=0 count=0 wr_ptr=5 rd_ptr=5 rx_empty=1 rd_en=0 rd_data=xx
# [5216500000] DBG rx_done=0 count=0 wr_ptr=5 rd_ptr=5 rx_empty=1 rd_en=0 rd_data=xx
# [5217500000] DBG rx_done=0 count=0 wr_ptr=5 rd_ptr=5 rx_empty=1 rd_en=0 rd_data=xx
# [5218500000] DBG rx_done=0 count=0 wr_ptr=5 rd_ptr=5 rx_empty=1 rd_en=0 rd_data=xx
# [5219500000] DBG rx_done=0 count=0 wr_ptr=5 rd_ptr=5 rx_empty=1 rd_en=0 rd_data=xx
# [5220500000] DBG rx_done=0 count=0 wr_ptr=5 rd_ptr=5 rx_empty=1 rd_en=0 rd_data=xx
# [5221500000] DBG rx_done=0 count=0 wr_ptr=5 rd_ptr=5 rx_empty=1 rd_en=0 rd_data=xx
# [5222500000] DBG rx_done=0 count=0 wr_ptr=5 rd_ptr=5 rx_empty=1 rd_en=0 rd_data=xx
# [5223500000] DBG rx_done=0 count=0 wr_ptr=5 rd_ptr=5 rx_empty=1 rd_en=0 rd_data=xx
# [5224500000] DBG rx_done=0 count=0 wr_ptr=5 rd_ptr=5 rx_empty=1 rd_en=0 rd_data=xx
# [5225500000] DBG rx_done=0 count=0 wr_ptr=5 rd_ptr=5 rx_empty=1 rd_en=0 rd_data=xx
# [5226500000] DBG rx_done=0 count=0 wr_ptr=5 rd_ptr=5 rx_empty=1 rd_en=0 rd_data=xx
# [5227500000] DBG rx_done=0 count=0 wr_ptr=5 rd_ptr=5 rx_empty=1 rd_en=0 rd_data=xx
# [5228500000] DBG rx_done=0 count=0 wr_ptr=5 rd_ptr=5 rx_empty=1 rd_en=0 rd_data=xx
# [5229500000] DBG rx_done=0 count=0 wr_ptr=5 rd_ptr=5 rx_empty=1 rd_en=0 rd_data=xx
# [5230500000] DBG rx_done=0 count=0 wr_ptr=5 rd_ptr=5 rx_empty=1 rd_en=0 rd_data=xx
# [5231500000] DBG rx_done=0 count=0 wr_ptr=5 rd_ptr=5 rx_empty=1 rd_en=0 rd_data=xx
# [5232500000] DBG rx_done=0 count=0 wr_ptr=5 rd_ptr=5 rx_empty=1 rd_en=0 rd_data=xx
# [5233500000] DBG rx_done=0 count=0 wr_ptr=5 rd_ptr=5 rx_empty=1 rd_en=0 rd_data=xx
# [5234500000] DBG rx_done=0 count=0 wr_ptr=5 rd_ptr=5 rx_empty=1 rd_en=0 rd_data=xx
# [5235500000] DBG rx_done=0 count=0 wr_ptr=5 rd_ptr=5 rx_empty=1 rd_en=0 rd_data=xx
# [5236500000] DBG rx_done=0 count=0 wr_ptr=5 rd_ptr=5 rx_empty=1 rd_en=0 rd_data=xx
# [5237500000] DBG rx_done=0 count=0 wr_ptr=5 rd_ptr=5 rx_empty=1 rd_en=0 rd_data=xx
# [5238500000] DBG rx_done=0 count=0 wr_ptr=5 rd_ptr=5 rx_empty=1 rd_en=0 rd_data=xx
# [5239500000] DBG rx_done=0 count=0 wr_ptr=5 rd_ptr=5 rx_empty=1 rd_en=0 rd_data=xx
# [5240500000] DBG rx_done=0 count=0 wr_ptr=5 rd_ptr=5 rx_empty=1 rd_en=0 rd_data=xx
# [5241500000] DBG rx_done=0 count=0 wr_ptr=5 rd_ptr=5 rx_empty=1 rd_en=0 rd_data=xx
# [5242500000] DBG rx_done=0 count=0 wr_ptr=5 rd_ptr=5 rx_empty=1 rd_en=0 rd_data=xx
# [5243500000] DBG rx_done=0 count=0 wr_ptr=5 rd_ptr=5 rx_empty=1 rd_en=0 rd_data=xx
# [5244500000] DBG rx_done=0 count=0 wr_ptr=5 rd_ptr=5 rx_empty=1 rd_en=0 rd_data=xx
# [5245500000] DBG rx_done=0 count=0 wr_ptr=5 rd_ptr=5 rx_empty=1 rd_en=0 rd_data=xx
# [5246500000] DBG rx_done=0 count=0 wr_ptr=5 rd_ptr=5 rx_empty=1 rd_en=0 rd_data=xx
# [5247500000] DBG rx_done=0 count=0 wr_ptr=5 rd_ptr=5 rx_empty=1 rd_en=0 rd_data=xx
# [5248500000] DBG rx_done=0 count=0 wr_ptr=5 rd_ptr=5 rx_empty=1 rd_en=0 rd_data=xx
# [5249500000] DBG rx_done=0 count=0 wr_ptr=5 rd_ptr=5 rx_empty=1 rd_en=0 rd_data=xx
# [5250500000] DBG rx_done=0 count=0 wr_ptr=5 rd_ptr=5 rx_empty=1 rd_en=0 rd_data=xx
# [5251500000] DBG rx_done=0 count=0 wr_ptr=5 rd_ptr=5 rx_empty=1 rd_en=0 rd_data=xx
# [5252500000] DBG rx_done=0 count=0 wr_ptr=5 rd_ptr=5 rx_empty=1 rd_en=0 rd_data=xx
# [5253500000] DBG rx_done=0 count=0 wr_ptr=5 rd_ptr=5 rx_empty=1 rd_en=0 rd_data=xx
# [5254500000] DBG rx_done=0 count=0 wr_ptr=5 rd_ptr=5 rx_empty=1 rd_en=0 rd_data=xx
# [5255500000] DBG rx_done=0 count=0 wr_ptr=5 rd_ptr=5 rx_empty=1 rd_en=0 rd_data=xx
# [5256500000] DBG rx_done=0 count=0 wr_ptr=5 rd_ptr=5 rx_empty=1 rd_en=0 rd_data=xx
# [5257500000] DBG rx_done=0 count=0 wr_ptr=5 rd_ptr=5 rx_empty=1 rd_en=0 rd_data=xx
# [5258500000] DBG rx_done=0 count=0 wr_ptr=5 rd_ptr=5 rx_empty=1 rd_en=0 rd_data=xx
# [5259500000] DBG rx_done=0 count=0 wr_ptr=5 rd_ptr=5 rx_empty=1 rd_en=0 rd_data=xx
# [5260500000] DBG rx_done=0 count=0 wr_ptr=5 rd_ptr=5 rx_empty=1 rd_en=0 rd_data=xx
# [5261500000] DBG rx_done=0 count=0 wr_ptr=5 rd_ptr=5 rx_empty=1 rd_en=0 rd_data=xx
# [5262500000] DBG rx_done=0 count=0 wr_ptr=5 rd_ptr=5 rx_empty=1 rd_en=0 rd_data=xx
# [5263500000] DBG rx_done=0 count=0 wr_ptr=5 rd_ptr=5 rx_empty=1 rd_en=0 rd_data=xx
# [5264500000] DBG rx_done=0 count=0 wr_ptr=5 rd_ptr=5 rx_empty=1 rd_en=0 rd_data=xx
# [5265500000] DBG rx_done=0 count=0 wr_ptr=5 rd_ptr=5 rx_empty=1 rd_en=0 rd_data=xx
# [5266500000] DBG rx_done=0 count=0 wr_ptr=5 rd_ptr=5 rx_empty=1 rd_en=0 rd_data=xx
# [5267500000] DBG rx_done=0 count=0 wr_ptr=5 rd_ptr=5 rx_empty=1 rd_en=0 rd_data=xx
# [5268500000] DBG rx_done=0 count=0 wr_ptr=5 rd_ptr=5 rx_empty=1 rd_en=0 rd_data=xx
# [5269500000] DBG rx_done=0 count=0 wr_ptr=5 rd_ptr=5 rx_empty=1 rd_en=0 rd_data=xx
# [5270500000] DBG rx_done=0 count=0 wr_ptr=5 rd_ptr=5 rx_empty=1 rd_en=0 rd_data=xx
# [5271500000] DBG rx_done=0 count=0 wr_ptr=5 rd_ptr=5 rx_empty=1 rd_en=0 rd_data=xx
# [5272500000] DBG rx_done=0 count=0 wr_ptr=5 rd_ptr=5 rx_empty=1 rd_en=0 rd_data=xx
# [5273500000] DBG rx_done=0 count=0 wr_ptr=5 rd_ptr=5 rx_empty=1 rd_en=0 rd_data=xx
# [5274500000] DBG rx_done=0 count=0 wr_ptr=5 rd_ptr=5 rx_empty=1 rd_en=0 rd_data=xx
# [5275500000] DBG rx_done=0 count=0 wr_ptr=5 rd_ptr=5 rx_empty=1 rd_en=0 rd_data=xx
# [5276500000] DBG rx_done=0 count=0 wr_ptr=5 rd_ptr=5 rx_empty=1 rd_en=0 rd_data=xx
# [5277500000] DBG rx_done=0 count=0 wr_ptr=5 rd_ptr=5 rx_empty=1 rd_en=0 rd_data=xx
# [5278500000] DBG rx_done=0 count=0 wr_ptr=5 rd_ptr=5 rx_empty=1 rd_en=0 rd_data=xx
# [5279500000] DBG rx_done=0 count=0 wr_ptr=5 rd_ptr=5 rx_empty=1 rd_en=0 rd_data=xx
# [5280500000] DBG rx_done=0 count=0 wr_ptr=5 rd_ptr=5 rx_empty=1 rd_en=0 rd_data=xx
# [5281500000] DBG rx_done=0 count=0 wr_ptr=5 rd_ptr=5 rx_empty=1 rd_en=0 rd_data=xx
# [5282500000] DBG rx_done=0 count=0 wr_ptr=5 rd_ptr=5 rx_empty=1 rd_en=0 rd_data=xx
# [5283500000] DBG rx_done=0 count=0 wr_ptr=5 rd_ptr=5 rx_empty=1 rd_en=0 rd_data=xx
# [5284500000] DBG rx_done=0 count=0 wr_ptr=5 rd_ptr=5 rx_empty=1 rd_en=0 rd_data=xx
# [5285500000] DBG rx_done=0 count=0 wr_ptr=5 rd_ptr=5 rx_empty=1 rd_en=0 rd_data=xx
# [5286500000] DBG rx_done=0 count=0 wr_ptr=5 rd_ptr=5 rx_empty=1 rd_en=0 rd_data=xx
# [5287500000] DBG rx_done=0 count=0 wr_ptr=5 rd_ptr=5 rx_empty=1 rd_en=0 rd_data=xx
# [5288500000] DBG rx_done=0 count=0 wr_ptr=5 rd_ptr=5 rx_empty=1 rd_en=0 rd_data=xx
# [5289500000] DBG rx_done=0 count=0 wr_ptr=5 rd_ptr=5 rx_empty=1 rd_en=0 rd_data=xx
# [5290500000] DBG rx_done=0 count=0 wr_ptr=5 rd_ptr=5 rx_empty=1 rd_en=0 rd_data=xx
# [5291500000] DBG rx_done=0 count=0 wr_ptr=5 rd_ptr=5 rx_empty=1 rd_en=0 rd_data=xx
# [5292500000] DBG rx_done=0 count=0 wr_ptr=5 rd_ptr=5 rx_empty=1 rd_en=0 rd_data=xx
# [5293500000] DBG rx_done=0 count=0 wr_ptr=5 rd_ptr=5 rx_empty=1 rd_en=0 rd_data=xx
# [5294500000] DBG rx_done=0 count=0 wr_ptr=5 rd_ptr=5 rx_empty=1 rd_en=0 rd_data=xx
# [5295500000] DBG rx_done=0 count=0 wr_ptr=5 rd_ptr=5 rx_empty=1 rd_en=0 rd_data=xx
# [5296500000] DBG rx_done=0 count=0 wr_ptr=5 rd_ptr=5 rx_empty=1 rd_en=0 rd_data=xx
# [5297500000] DBG rx_done=0 count=0 wr_ptr=5 rd_ptr=5 rx_empty=1 rd_en=0 rd_data=xx
# [5298500000] DBG rx_done=0 count=0 wr_ptr=5 rd_ptr=5 rx_empty=1 rd_en=0 rd_data=xx
# [5299500000] DBG rx_done=0 count=0 wr_ptr=5 rd_ptr=5 rx_empty=1 rd_en=0 rd_data=xx
# [5300500000] DBG rx_done=0 count=0 wr_ptr=5 rd_ptr=5 rx_empty=1 rd_en=0 rd_data=xx
# [5301500000] DBG rx_done=0 count=0 wr_ptr=5 rd_ptr=5 rx_empty=1 rd_en=0 rd_data=xx
# [5302500000] DBG rx_done=0 count=0 wr_ptr=5 rd_ptr=5 rx_empty=1 rd_en=0 rd_data=xx
# [5303500000] DBG rx_done=0 count=0 wr_ptr=5 rd_ptr=5 rx_empty=1 rd_en=0 rd_data=xx
# [5304500000] DBG rx_done=0 count=0 wr_ptr=5 rd_ptr=5 rx_empty=1 rd_en=0 rd_data=xx
# [5305500000] DBG rx_done=0 count=0 wr_ptr=5 rd_ptr=5 rx_empty=1 rd_en=0 rd_data=xx
# [5306500000] DBG rx_done=0 count=0 wr_ptr=5 rd_ptr=5 rx_empty=1 rd_en=0 rd_data=xx
# [5307500000] DBG rx_done=0 count=0 wr_ptr=5 rd_ptr=5 rx_empty=1 rd_en=0 rd_data=xx
# [5308500000] DBG rx_done=0 count=0 wr_ptr=5 rd_ptr=5 rx_empty=1 rd_en=0 rd_data=xx
# [5309500000] DBG rx_done=0 count=0 wr_ptr=5 rd_ptr=5 rx_empty=1 rd_en=0 rd_data=xx
# [5310500000] DBG rx_done=0 count=0 wr_ptr=5 rd_ptr=5 rx_empty=1 rd_en=0 rd_data=xx
# [5311500000] DBG rx_done=0 count=0 wr_ptr=5 rd_ptr=5 rx_empty=1 rd_en=0 rd_data=xx
# [5312500000] DBG rx_done=0 count=0 wr_ptr=5 rd_ptr=5 rx_empty=1 rd_en=0 rd_data=xx
# [5313500000] DBG rx_done=0 count=0 wr_ptr=5 rd_ptr=5 rx_empty=1 rd_en=0 rd_data=xx
# [5314500000] DBG rx_done=0 count=0 wr_ptr=5 rd_ptr=5 rx_empty=1 rd_en=0 rd_data=xx
# [5315500000] DBG rx_done=0 count=0 wr_ptr=5 rd_ptr=5 rx_empty=1 rd_en=0 rd_data=xx
# [5316500000] DBG rx_done=0 count=0 wr_ptr=5 rd_ptr=5 rx_empty=1 rd_en=0 rd_data=xx
# [5317500000] DBG rx_done=0 count=0 wr_ptr=5 rd_ptr=5 rx_empty=1 rd_en=0 rd_data=xx
# [5318500000] DBG rx_done=0 count=0 wr_ptr=5 rd_ptr=5 rx_empty=1 rd_en=0 rd_data=xx
# [5319500000] DBG rx_done=0 count=0 wr_ptr=5 rd_ptr=5 rx_empty=1 rd_en=0 rd_data=xx
# [5320500000] DBG rx_done=0 count=0 wr_ptr=5 rd_ptr=5 rx_empty=1 rd_en=0 rd_data=xx
# [5321500000] DBG rx_done=0 count=0 wr_ptr=5 rd_ptr=5 rx_empty=1 rd_en=0 rd_data=xx
# [5322500000] DBG rx_done=0 count=0 wr_ptr=5 rd_ptr=5 rx_empty=1 rd_en=0 rd_data=xx
# [5323500000] DBG rx_done=0 count=0 wr_ptr=5 rd_ptr=5 rx_empty=1 rd_en=0 rd_data=xx
# [5324500000] DBG rx_done=0 count=0 wr_ptr=5 rd_ptr=5 rx_empty=1 rd_en=0 rd_data=xx
# [5325500000] DBG rx_done=0 count=0 wr_ptr=5 rd_ptr=5 rx_empty=1 rd_en=0 rd_data=xx
# [5326500000] DBG rx_done=0 count=0 wr_ptr=5 rd_ptr=5 rx_empty=1 rd_en=0 rd_data=xx
# [5327500000] DBG rx_done=0 count=0 wr_ptr=5 rd_ptr=5 rx_empty=1 rd_en=0 rd_data=xx
# [5328500000] DBG rx_done=0 count=0 wr_ptr=5 rd_ptr=5 rx_empty=1 rd_en=0 rd_data=xx
# [5329500000] DBG rx_done=0 count=0 wr_ptr=5 rd_ptr=5 rx_empty=1 rd_en=0 rd_data=xx
# [5330500000] DBG rx_done=0 count=0 wr_ptr=5 rd_ptr=5 rx_empty=1 rd_en=0 rd_data=xx
# [5331500000] DBG rx_done=0 count=0 wr_ptr=5 rd_ptr=5 rx_empty=1 rd_en=0 rd_data=xx
# [5332500000] DBG rx_done=0 count=0 wr_ptr=5 rd_ptr=5 rx_empty=1 rd_en=0 rd_data=xx
# [5333500000] DBG rx_done=0 count=0 wr_ptr=5 rd_ptr=5 rx_empty=1 rd_en=0 rd_data=xx
# [5334500000] DBG rx_done=0 count=0 wr_ptr=5 rd_ptr=5 rx_empty=1 rd_en=0 rd_data=xx
# [5335500000] DBG rx_done=0 count=0 wr_ptr=5 rd_ptr=5 rx_empty=1 rd_en=0 rd_data=xx
# [5336500000] DBG rx_done=0 count=0 wr_ptr=5 rd_ptr=5 rx_empty=1 rd_en=0 rd_data=xx
# [5337500000] DBG rx_done=0 count=0 wr_ptr=5 rd_ptr=5 rx_empty=1 rd_en=0 rd_data=xx
# [5338500000] DBG rx_done=0 count=0 wr_ptr=5 rd_ptr=5 rx_empty=1 rd_en=0 rd_data=xx
# [5339500000] DBG rx_done=0 count=0 wr_ptr=5 rd_ptr=5 rx_empty=1 rd_en=0 rd_data=xx
# [5340500000] DBG rx_done=0 count=0 wr_ptr=5 rd_ptr=5 rx_empty=1 rd_en=0 rd_data=xx
# [5341500000] DBG rx_done=0 count=0 wr_ptr=5 rd_ptr=5 rx_empty=1 rd_en=0 rd_data=xx
# [5342500000] DBG rx_done=0 count=0 wr_ptr=5 rd_ptr=5 rx_empty=1 rd_en=0 rd_data=xx
# [5343500000] DBG rx_done=0 count=0 wr_ptr=5 rd_ptr=5 rx_empty=1 rd_en=0 rd_data=xx
# [5344500000] DBG rx_done=0 count=0 wr_ptr=5 rd_ptr=5 rx_empty=1 rd_en=0 rd_data=xx
# [5345500000] DBG rx_done=0 count=0 wr_ptr=5 rd_ptr=5 rx_empty=1 rd_en=0 rd_data=xx
# [5346500000] DBG rx_done=0 count=0 wr_ptr=5 rd_ptr=5 rx_empty=1 rd_en=0 rd_data=xx
# [5347500000] DBG rx_done=0 count=0 wr_ptr=5 rd_ptr=5 rx_empty=1 rd_en=0 rd_data=xx
# [5348500000] DBG rx_done=0 count=0 wr_ptr=5 rd_ptr=5 rx_empty=1 rd_en=0 rd_data=xx
# [5349500000] DBG rx_done=0 count=0 wr_ptr=5 rd_ptr=5 rx_empty=1 rd_en=0 rd_data=xx
# [5350500000] DBG rx_done=0 count=0 wr_ptr=5 rd_ptr=5 rx_empty=1 rd_en=0 rd_data=xx
# [5351500000] DBG rx_done=0 count=0 wr_ptr=5 rd_ptr=5 rx_empty=1 rd_en=0 rd_data=xx
# [5352500000] DBG rx_done=0 count=0 wr_ptr=5 rd_ptr=5 rx_empty=1 rd_en=0 rd_data=xx
# [5353500000] DBG rx_done=0 count=0 wr_ptr=5 rd_ptr=5 rx_empty=1 rd_en=0 rd_data=xx
# [5354500000] DBG rx_done=0 count=0 wr_ptr=5 rd_ptr=5 rx_empty=1 rd_en=0 rd_data=xx
# [5355500000] DBG rx_done=0 count=0 wr_ptr=5 rd_ptr=5 rx_empty=1 rd_en=0 rd_data=xx
# [5356500000] DBG rx_done=0 count=0 wr_ptr=5 rd_ptr=5 rx_empty=1 rd_en=0 rd_data=xx
# [5357500000] DBG rx_done=0 count=0 wr_ptr=5 rd_ptr=5 rx_empty=1 rd_en=0 rd_data=xx
# [5358500000] DBG rx_done=0 count=0 wr_ptr=5 rd_ptr=5 rx_empty=1 rd_en=0 rd_data=xx
# [5359500000] DBG rx_done=0 count=0 wr_ptr=5 rd_ptr=5 rx_empty=1 rd_en=0 rd_data=xx
# [5360500000] DBG rx_done=0 count=0 wr_ptr=5 rd_ptr=5 rx_empty=1 rd_en=0 rd_data=xx
# [5361500000] DBG rx_done=0 count=0 wr_ptr=5 rd_ptr=5 rx_empty=1 rd_en=0 rd_data=xx
# [5362500000] DBG rx_done=0 count=0 wr_ptr=5 rd_ptr=5 rx_empty=1 rd_en=0 rd_data=xx
# [5363500000] DBG rx_done=0 count=0 wr_ptr=5 rd_ptr=5 rx_empty=1 rd_en=0 rd_data=xx
# [5364500000] DBG rx_done=0 count=0 wr_ptr=5 rd_ptr=5 rx_empty=1 rd_en=0 rd_data=xx
# [5365500000] DBG rx_done=0 count=0 wr_ptr=5 rd_ptr=5 rx_empty=1 rd_en=0 rd_data=xx
# [5366500000] DBG rx_done=0 count=0 wr_ptr=5 rd_ptr=5 rx_empty=1 rd_en=0 rd_data=xx
# [5367500000] DBG rx_done=0 count=0 wr_ptr=5 rd_ptr=5 rx_empty=1 rd_en=0 rd_data=xx
# [5368500000] DBG rx_done=0 count=0 wr_ptr=5 rd_ptr=5 rx_empty=1 rd_en=0 rd_data=xx
# [5369500000] DBG rx_done=0 count=0 wr_ptr=5 rd_ptr=5 rx_empty=1 rd_en=0 rd_data=xx
# [5370500000] DBG rx_done=0 count=0 wr_ptr=5 rd_ptr=5 rx_empty=1 rd_en=0 rd_data=xx
# [5371500000] DBG rx_done=0 count=0 wr_ptr=5 rd_ptr=5 rx_empty=1 rd_en=0 rd_data=xx
# [5372500000] DBG rx_done=0 count=0 wr_ptr=5 rd_ptr=5 rx_empty=1 rd_en=0 rd_data=xx
# [5373500000] DBG rx_done=0 count=0 wr_ptr=5 rd_ptr=5 rx_empty=1 rd_en=0 rd_data=xx
# [5374500000] DBG rx_done=0 count=0 wr_ptr=5 rd_ptr=5 rx_empty=1 rd_en=0 rd_data=xx
# [5375500000] DBG rx_done=0 count=0 wr_ptr=5 rd_ptr=5 rx_empty=1 rd_en=0 rd_data=xx
# [5376500000] DBG rx_done=0 count=0 wr_ptr=5 rd_ptr=5 rx_empty=1 rd_en=0 rd_data=xx
# [5377500000] DBG rx_done=0 count=0 wr_ptr=5 rd_ptr=5 rx_empty=1 rd_en=0 rd_data=xx
# [5378500000] DBG rx_done=0 count=0 wr_ptr=5 rd_ptr=5 rx_empty=1 rd_en=0 rd_data=xx
# [5379500000] DBG rx_done=0 count=0 wr_ptr=5 rd_ptr=5 rx_empty=1 rd_en=0 rd_data=xx
# [5380500000] DBG rx_done=0 count=0 wr_ptr=5 rd_ptr=5 rx_empty=1 rd_en=0 rd_data=xx
# [5381500000] DBG rx_done=0 count=0 wr_ptr=5 rd_ptr=5 rx_empty=1 rd_en=0 rd_data=xx
# [5382500000] DBG rx_done=0 count=0 wr_ptr=5 rd_ptr=5 rx_empty=1 rd_en=0 rd_data=xx
# [5383500000] DBG rx_done=0 count=0 wr_ptr=5 rd_ptr=5 rx_empty=1 rd_en=0 rd_data=xx
# [5384500000] DBG rx_done=0 count=0 wr_ptr=5 rd_ptr=5 rx_empty=1 rd_en=0 rd_data=xx
# [5385500000] DBG rx_done=0 count=0 wr_ptr=5 rd_ptr=5 rx_empty=1 rd_en=0 rd_data=xx
# [5386500000] DBG rx_done=0 count=0 wr_ptr=5 rd_ptr=5 rx_empty=1 rd_en=0 rd_data=xx
# [5387500000] DBG rx_done=0 count=0 wr_ptr=5 rd_ptr=5 rx_empty=1 rd_en=0 rd_data=xx
# [5388500000] DBG rx_done=0 count=0 wr_ptr=5 rd_ptr=5 rx_empty=1 rd_en=0 rd_data=xx
# [5389500000] DBG rx_done=0 count=0 wr_ptr=5 rd_ptr=5 rx_empty=1 rd_en=0 rd_data=xx
# [5390500000] DBG rx_done=0 count=0 wr_ptr=5 rd_ptr=5 rx_empty=1 rd_en=0 rd_data=xx
# [5391500000] DBG rx_done=0 count=0 wr_ptr=5 rd_ptr=5 rx_empty=1 rd_en=0 rd_data=xx
# [5392500000] DBG rx_done=0 count=0 wr_ptr=5 rd_ptr=5 rx_empty=1 rd_en=0 rd_data=xx
# [5393500000] DBG rx_done=0 count=0 wr_ptr=5 rd_ptr=5 rx_empty=1 rd_en=0 rd_data=xx
# [5394500000] DBG rx_done=0 count=0 wr_ptr=5 rd_ptr=5 rx_empty=1 rd_en=0 rd_data=xx
# [5395500000] DBG rx_done=0 count=0 wr_ptr=5 rd_ptr=5 rx_empty=1 rd_en=0 rd_data=xx
# [5396500000] DBG rx_done=0 count=0 wr_ptr=5 rd_ptr=5 rx_empty=1 rd_en=0 rd_data=xx
# [5397500000] DBG rx_done=0 count=0 wr_ptr=5 rd_ptr=5 rx_empty=1 rd_en=0 rd_data=xx
# [5398500000] DBG rx_done=0 count=0 wr_ptr=5 rd_ptr=5 rx_empty=1 rd_en=0 rd_data=xx
# [5399500000] DBG rx_done=0 count=0 wr_ptr=5 rd_ptr=5 rx_empty=1 rd_en=0 rd_data=xx
# [5400500000] DBG rx_done=0 count=0 wr_ptr=5 rd_ptr=5 rx_empty=1 rd_en=0 rd_data=xx
# [5401500000] DBG rx_done=0 count=0 wr_ptr=5 rd_ptr=5 rx_empty=1 rd_en=0 rd_data=xx
# [5402500000] DBG rx_done=0 count=0 wr_ptr=5 rd_ptr=5 rx_empty=1 rd_en=0 rd_data=xx
# [5403500000] DBG rx_done=0 count=0 wr_ptr=5 rd_ptr=5 rx_empty=1 rd_en=0 rd_data=xx
# [5404500000] DBG rx_done=0 count=0 wr_ptr=5 rd_ptr=5 rx_empty=1 rd_en=0 rd_data=xx
# [5405500000] DBG rx_done=0 count=0 wr_ptr=5 rd_ptr=5 rx_empty=1 rd_en=0 rd_data=xx
# [5406500000] DBG rx_done=0 count=0 wr_ptr=5 rd_ptr=5 rx_empty=1 rd_en=0 rd_data=xx
# [5407500000] DBG rx_done=0 count=0 wr_ptr=5 rd_ptr=5 rx_empty=1 rd_en=0 rd_data=xx
# [5408500000] DBG rx_done=0 count=0 wr_ptr=5 rd_ptr=5 rx_empty=1 rd_en=0 rd_data=xx
# [5409500000] DBG rx_done=0 count=0 wr_ptr=5 rd_ptr=5 rx_empty=1 rd_en=0 rd_data=xx
# [5410500000] DBG rx_done=0 count=0 wr_ptr=5 rd_ptr=5 rx_empty=1 rd_en=0 rd_data=xx
# [5411500000] DBG rx_done=0 count=0 wr_ptr=5 rd_ptr=5 rx_empty=1 rd_en=0 rd_data=xx
# [5412500000] DBG rx_done=0 count=0 wr_ptr=5 rd_ptr=5 rx_empty=1 rd_en=0 rd_data=xx
# [5413500000] DBG rx_done=0 count=0 wr_ptr=5 rd_ptr=5 rx_empty=1 rd_en=0 rd_data=xx
# [5414500000] DBG rx_done=0 count=0 wr_ptr=5 rd_ptr=5 rx_empty=1 rd_en=0 rd_data=xx
# [5415500000] DBG rx_done=0 count=0 wr_ptr=5 rd_ptr=5 rx_empty=1 rd_en=0 rd_data=xx
# [5416500000] DBG rx_done=0 count=0 wr_ptr=5 rd_ptr=5 rx_empty=1 rd_en=0 rd_data=xx
# [5417500000] DBG rx_done=0 count=0 wr_ptr=5 rd_ptr=5 rx_empty=1 rd_en=0 rd_data=xx
# [5418500000] DBG rx_done=0 count=0 wr_ptr=5 rd_ptr=5 rx_empty=1 rd_en=0 rd_data=xx
# [5419500000] DBG rx_done=0 count=0 wr_ptr=5 rd_ptr=5 rx_empty=1 rd_en=0 rd_data=xx
# [5420500000] DBG rx_done=0 count=0 wr_ptr=5 rd_ptr=5 rx_empty=1 rd_en=0 rd_data=xx
# [5421500000] DBG rx_done=0 count=0 wr_ptr=5 rd_ptr=5 rx_empty=1 rd_en=0 rd_data=xx
# [5422500000] DBG rx_done=0 count=0 wr_ptr=5 rd_ptr=5 rx_empty=1 rd_en=0 rd_data=xx
# [5423500000] DBG rx_done=0 count=0 wr_ptr=5 rd_ptr=5 rx_empty=1 rd_en=0 rd_data=xx
# [5424500000] DBG rx_done=0 count=0 wr_ptr=5 rd_ptr=5 rx_empty=1 rd_en=0 rd_data=xx
# [5425500000] DBG rx_done=0 count=0 wr_ptr=5 rd_ptr=5 rx_empty=1 rd_en=0 rd_data=xx
# [5426500000] DBG rx_done=0 count=0 wr_ptr=5 rd_ptr=5 rx_empty=1 rd_en=0 rd_data=xx
# [5427500000] DBG rx_done=0 count=0 wr_ptr=5 rd_ptr=5 rx_empty=1 rd_en=0 rd_data=xx
# [5428500000] DBG rx_done=0 count=0 wr_ptr=5 rd_ptr=5 rx_empty=1 rd_en=0 rd_data=xx
# [5429500000] DBG rx_done=0 count=0 wr_ptr=5 rd_ptr=5 rx_empty=1 rd_en=0 rd_data=xx
# [5430500000] DBG rx_done=0 count=0 wr_ptr=5 rd_ptr=5 rx_empty=1 rd_en=0 rd_data=xx
# [5431500000] DBG rx_done=0 count=0 wr_ptr=5 rd_ptr=5 rx_empty=1 rd_en=0 rd_data=xx
# [5432500000] DBG rx_done=0 count=0 wr_ptr=5 rd_ptr=5 rx_empty=1 rd_en=0 rd_data=xx
# [5433500000] DBG rx_done=0 count=0 wr_ptr=5 rd_ptr=5 rx_empty=1 rd_en=0 rd_data=xx
# [5434500000] DBG rx_done=0 count=0 wr_ptr=5 rd_ptr=5 rx_empty=1 rd_en=0 rd_data=xx
# [5435500000] DBG rx_done=0 count=0 wr_ptr=5 rd_ptr=5 rx_empty=1 rd_en=0 rd_data=xx
# [5436500000] DBG rx_done=0 count=0 wr_ptr=5 rd_ptr=5 rx_empty=1 rd_en=0 rd_data=xx
# [5437500000] DBG rx_done=0 count=0 wr_ptr=5 rd_ptr=5 rx_empty=1 rd_en=0 rd_data=xx
# [5438500000] DBG rx_done=0 count=0 wr_ptr=5 rd_ptr=5 rx_empty=1 rd_en=0 rd_data=xx
# [5439500000] DBG rx_done=0 count=0 wr_ptr=5 rd_ptr=5 rx_empty=1 rd_en=0 rd_data=xx
# [5440500000] DBG rx_done=0 count=0 wr_ptr=5 rd_ptr=5 rx_empty=1 rd_en=0 rd_data=xx
# [5441500000] DBG rx_done=0 count=0 wr_ptr=5 rd_ptr=5 rx_empty=1 rd_en=0 rd_data=xx
# [5442500000] DBG rx_done=0 count=0 wr_ptr=5 rd_ptr=5 rx_empty=1 rd_en=0 rd_data=xx
# [5443500000] DBG rx_done=0 count=0 wr_ptr=5 rd_ptr=5 rx_empty=1 rd_en=0 rd_data=xx
# [5444500000] DBG rx_done=0 count=0 wr_ptr=5 rd_ptr=5 rx_empty=1 rd_en=0 rd_data=xx
# [5445500000] DBG rx_done=0 count=0 wr_ptr=5 rd_ptr=5 rx_empty=1 rd_en=0 rd_data=xx
# [5446500000] DBG rx_done=0 count=0 wr_ptr=5 rd_ptr=5 rx_empty=1 rd_en=0 rd_data=xx
# [5447500000] DBG rx_done=0 count=0 wr_ptr=5 rd_ptr=5 rx_empty=1 rd_en=0 rd_data=xx
# [5448500000] DBG rx_done=0 count=0 wr_ptr=5 rd_ptr=5 rx_empty=1 rd_en=0 rd_data=xx
# [5449500000] DBG rx_done=0 count=0 wr_ptr=5 rd_ptr=5 rx_empty=1 rd_en=0 rd_data=xx
# [5450500000] DBG rx_done=0 count=0 wr_ptr=5 rd_ptr=5 rx_empty=1 rd_en=0 rd_data=xx
# [5451500000] DBG rx_done=0 count=0 wr_ptr=5 rd_ptr=5 rx_empty=1 rd_en=0 rd_data=xx
# [5452500000] DBG rx_done=0 count=0 wr_ptr=5 rd_ptr=5 rx_empty=1 rd_en=0 rd_data=xx
# [5453500000] DBG rx_done=0 count=0 wr_ptr=5 rd_ptr=5 rx_empty=1 rd_en=0 rd_data=xx
# [5454500000] DBG rx_done=0 count=0 wr_ptr=5 rd_ptr=5 rx_empty=1 rd_en=0 rd_data=xx
# [5455500000] DBG rx_done=0 count=0 wr_ptr=5 rd_ptr=5 rx_empty=1 rd_en=0 rd_data=xx
# [5456500000] DBG rx_done=0 count=0 wr_ptr=5 rd_ptr=5 rx_empty=1 rd_en=0 rd_data=xx
# [5457500000] DBG rx_done=0 count=0 wr_ptr=5 rd_ptr=5 rx_empty=1 rd_en=0 rd_data=xx
# [5458500000] DBG rx_done=0 count=0 wr_ptr=5 rd_ptr=5 rx_empty=1 rd_en=0 rd_data=xx
# [5459500000] DBG rx_done=0 count=0 wr_ptr=5 rd_ptr=5 rx_empty=1 rd_en=0 rd_data=xx
# [5460500000] DBG rx_done=0 count=0 wr_ptr=5 rd_ptr=5 rx_empty=1 rd_en=0 rd_data=xx
# [5461500000] DBG rx_done=0 count=0 wr_ptr=5 rd_ptr=5 rx_empty=1 rd_en=0 rd_data=xx
# [5462500000] DBG rx_done=0 count=0 wr_ptr=5 rd_ptr=5 rx_empty=1 rd_en=0 rd_data=xx
# [5463500000] DBG rx_done=0 count=0 wr_ptr=5 rd_ptr=5 rx_empty=1 rd_en=0 rd_data=xx
# [5464500000] DBG rx_done=0 count=0 wr_ptr=5 rd_ptr=5 rx_empty=1 rd_en=0 rd_data=xx
# [5465500000] DBG rx_done=0 count=0 wr_ptr=5 rd_ptr=5 rx_empty=1 rd_en=0 rd_data=xx
# [5466500000] DBG rx_done=0 count=0 wr_ptr=5 rd_ptr=5 rx_empty=1 rd_en=0 rd_data=xx
# [5467500000] DBG rx_done=0 count=0 wr_ptr=5 rd_ptr=5 rx_empty=1 rd_en=0 rd_data=xx
# [5468500000] DBG rx_done=0 count=0 wr_ptr=5 rd_ptr=5 rx_empty=1 rd_en=0 rd_data=xx
# [5469500000] DBG rx_done=0 count=0 wr_ptr=5 rd_ptr=5 rx_empty=1 rd_en=0 rd_data=xx
# [5470500000] DBG rx_done=0 count=0 wr_ptr=5 rd_ptr=5 rx_empty=1 rd_en=0 rd_data=xx
# [5471500000] DBG rx_done=0 count=0 wr_ptr=5 rd_ptr=5 rx_empty=1 rd_en=0 rd_data=xx
# [5472500000] DBG rx_done=0 count=0 wr_ptr=5 rd_ptr=5 rx_empty=1 rd_en=0 rd_data=xx
# [5473500000] DBG rx_done=0 count=0 wr_ptr=5 rd_ptr=5 rx_empty=1 rd_en=0 rd_data=xx
# [5474500000] DBG rx_done=0 count=0 wr_ptr=5 rd_ptr=5 rx_empty=1 rd_en=0 rd_data=xx
# [5475500000] DBG rx_done=0 count=0 wr_ptr=5 rd_ptr=5 rx_empty=1 rd_en=0 rd_data=xx
# [5476500000] DBG rx_done=0 count=0 wr_ptr=5 rd_ptr=5 rx_empty=1 rd_en=0 rd_data=xx
# [5477500000] DBG rx_done=0 count=0 wr_ptr=5 rd_ptr=5 rx_empty=1 rd_en=0 rd_data=xx
# [5478500000] DBG rx_done=0 count=0 wr_ptr=5 rd_ptr=5 rx_empty=1 rd_en=0 rd_data=xx
# [5479500000] DBG rx_done=0 count=0 wr_ptr=5 rd_ptr=5 rx_empty=1 rd_en=0 rd_data=xx
# [5480500000] DBG rx_done=0 count=0 wr_ptr=5 rd_ptr=5 rx_empty=1 rd_en=0 rd_data=xx
# [5481500000] DBG rx_done=0 count=0 wr_ptr=5 rd_ptr=5 rx_empty=1 rd_en=0 rd_data=xx
# [5482500000] DBG rx_done=0 count=0 wr_ptr=5 rd_ptr=5 rx_empty=1 rd_en=0 rd_data=xx
# [5483500000] DBG rx_done=0 count=0 wr_ptr=5 rd_ptr=5 rx_empty=1 rd_en=0 rd_data=xx
# [5484500000] DBG rx_done=0 count=0 wr_ptr=5 rd_ptr=5 rx_empty=1 rd_en=0 rd_data=xx
# [5485500000] DBG rx_done=0 count=0 wr_ptr=5 rd_ptr=5 rx_empty=1 rd_en=0 rd_data=xx
# [5486500000] DBG rx_done=0 count=0 wr_ptr=5 rd_ptr=5 rx_empty=1 rd_en=0 rd_data=xx
# [5487500000] DBG rx_done=0 count=0 wr_ptr=5 rd_ptr=5 rx_empty=1 rd_en=0 rd_data=xx
# [5488500000] DBG rx_done=0 count=0 wr_ptr=5 rd_ptr=5 rx_empty=1 rd_en=0 rd_data=xx
# [5489500000] DBG rx_done=0 count=0 wr_ptr=5 rd_ptr=5 rx_empty=1 rd_en=0 rd_data=xx
# [5490500000] DBG rx_done=0 count=0 wr_ptr=5 rd_ptr=5 rx_empty=1 rd_en=0 rd_data=xx
# [5491500000] DBG rx_done=0 count=0 wr_ptr=5 rd_ptr=5 rx_empty=1 rd_en=0 rd_data=xx
# [5492500000] DBG rx_done=0 count=0 wr_ptr=5 rd_ptr=5 rx_empty=1 rd_en=0 rd_data=xx
# [5493500000] DBG rx_done=0 count=0 wr_ptr=5 rd_ptr=5 rx_empty=1 rd_en=0 rd_data=xx
# [5494500000] DBG rx_done=0 count=0 wr_ptr=5 rd_ptr=5 rx_empty=1 rd_en=0 rd_data=xx
# [5495500000] DBG rx_done=0 count=0 wr_ptr=5 rd_ptr=5 rx_empty=1 rd_en=0 rd_data=xx
# [5496500000] DBG rx_done=0 count=0 wr_ptr=5 rd_ptr=5 rx_empty=1 rd_en=0 rd_data=xx
# [5497500000] DBG rx_done=0 count=0 wr_ptr=5 rd_ptr=5 rx_empty=1 rd_en=0 rd_data=xx
# [5498500000] DBG rx_done=0 count=0 wr_ptr=5 rd_ptr=5 rx_empty=1 rd_en=0 rd_data=xx
# [5499500000] DBG rx_done=0 count=0 wr_ptr=5 rd_ptr=5 rx_empty=1 rd_en=0 rd_data=xx
# [5500500000] DBG rx_done=0 count=0 wr_ptr=5 rd_ptr=5 rx_empty=1 rd_en=0 rd_data=xx
# [5501500000] DBG rx_done=0 count=0 wr_ptr=5 rd_ptr=5 rx_empty=1 rd_en=0 rd_data=xx
# [5502500000] DBG rx_done=0 count=0 wr_ptr=5 rd_ptr=5 rx_empty=1 rd_en=0 rd_data=xx
# [5503500000] DBG rx_done=0 count=0 wr_ptr=5 rd_ptr=5 rx_empty=1 rd_en=0 rd_data=xx
# [5504500000] DBG rx_done=0 count=0 wr_ptr=5 rd_ptr=5 rx_empty=1 rd_en=0 rd_data=xx
# [5505500000] DBG rx_done=0 count=0 wr_ptr=5 rd_ptr=5 rx_empty=1 rd_en=0 rd_data=xx
# [5506500000] DBG rx_done=0 count=0 wr_ptr=5 rd_ptr=5 rx_empty=1 rd_en=0 rd_data=xx
# [5507500000] DBG rx_done=0 count=0 wr_ptr=5 rd_ptr=5 rx_empty=1 rd_en=0 rd_data=xx
# [5508500000] DBG rx_done=0 count=0 wr_ptr=5 rd_ptr=5 rx_empty=1 rd_en=0 rd_data=xx
# [5509500000] DBG rx_done=0 count=0 wr_ptr=5 rd_ptr=5 rx_empty=1 rd_en=0 rd_data=xx
# [5510500000] DBG rx_done=0 count=0 wr_ptr=5 rd_ptr=5 rx_empty=1 rd_en=0 rd_data=xx
# [5511500000] DBG rx_done=0 count=0 wr_ptr=5 rd_ptr=5 rx_empty=1 rd_en=0 rd_data=xx
# [5512500000] DBG rx_done=0 count=0 wr_ptr=5 rd_ptr=5 rx_empty=1 rd_en=0 rd_data=xx
# [5513500000] DBG rx_done=0 count=0 wr_ptr=5 rd_ptr=5 rx_empty=1 rd_en=0 rd_data=xx
# [5514500000] DBG rx_done=0 count=0 wr_ptr=5 rd_ptr=5 rx_empty=1 rd_en=0 rd_data=xx
# [5515500000] DBG rx_done=0 count=0 wr_ptr=5 rd_ptr=5 rx_empty=1 rd_en=0 rd_data=xx
# [5516500000] DBG rx_done=0 count=0 wr_ptr=5 rd_ptr=5 rx_empty=1 rd_en=0 rd_data=xx
# [5517500000] DBG rx_done=0 count=0 wr_ptr=5 rd_ptr=5 rx_empty=1 rd_en=0 rd_data=xx
# [5518500000] DBG rx_done=0 count=0 wr_ptr=5 rd_ptr=5 rx_empty=1 rd_en=0 rd_data=xx
# [5519500000] DBG rx_done=0 count=0 wr_ptr=5 rd_ptr=5 rx_empty=1 rd_en=0 rd_data=xx
# [5520500000] DBG rx_done=0 count=0 wr_ptr=5 rd_ptr=5 rx_empty=1 rd_en=0 rd_data=xx
# [5521500000] DBG rx_done=0 count=0 wr_ptr=5 rd_ptr=5 rx_empty=1 rd_en=0 rd_data=xx
# [5522500000] DBG rx_done=0 count=0 wr_ptr=5 rd_ptr=5 rx_empty=1 rd_en=0 rd_data=xx
# [5523500000] DBG rx_done=0 count=0 wr_ptr=5 rd_ptr=5 rx_empty=1 rd_en=0 rd_data=xx
# [5524500000] DBG rx_done=0 count=0 wr_ptr=5 rd_ptr=5 rx_empty=1 rd_en=0 rd_data=xx
# [5525500000] DBG rx_done=0 count=0 wr_ptr=5 rd_ptr=5 rx_empty=1 rd_en=0 rd_data=xx
# [5526500000] DBG rx_done=0 count=0 wr_ptr=5 rd_ptr=5 rx_empty=1 rd_en=0 rd_data=xx
# [5527500000] DBG rx_done=0 count=0 wr_ptr=5 rd_ptr=5 rx_empty=1 rd_en=0 rd_data=xx
# [5528500000] DBG rx_done=0 count=0 wr_ptr=5 rd_ptr=5 rx_empty=1 rd_en=0 rd_data=xx
# [5529500000] DBG rx_done=0 count=0 wr_ptr=5 rd_ptr=5 rx_empty=1 rd_en=0 rd_data=xx
# [5530500000] DBG rx_done=0 count=0 wr_ptr=5 rd_ptr=5 rx_empty=1 rd_en=0 rd_data=xx
# [5531500000] DBG rx_done=0 count=0 wr_ptr=5 rd_ptr=5 rx_empty=1 rd_en=0 rd_data=xx
# [5532500000] DBG rx_done=0 count=0 wr_ptr=5 rd_ptr=5 rx_empty=1 rd_en=0 rd_data=xx
# [5533500000] DBG rx_done=0 count=0 wr_ptr=5 rd_ptr=5 rx_empty=1 rd_en=0 rd_data=xx
# [5534500000] DBG rx_done=0 count=0 wr_ptr=5 rd_ptr=5 rx_empty=1 rd_en=0 rd_data=xx
# [5535500000] DBG rx_done=0 count=0 wr_ptr=5 rd_ptr=5 rx_empty=1 rd_en=0 rd_data=xx
# [5536500000] DBG rx_done=0 count=0 wr_ptr=5 rd_ptr=5 rx_empty=1 rd_en=0 rd_data=xx
# [5537500000] DBG rx_done=0 count=0 wr_ptr=5 rd_ptr=5 rx_empty=1 rd_en=0 rd_data=xx
# [5538500000] DBG rx_done=0 count=0 wr_ptr=5 rd_ptr=5 rx_empty=1 rd_en=0 rd_data=xx
# [5539500000] DBG rx_done=0 count=0 wr_ptr=5 rd_ptr=5 rx_empty=1 rd_en=0 rd_data=xx
# [5540500000] DBG rx_done=0 count=0 wr_ptr=5 rd_ptr=5 rx_empty=1 rd_en=0 rd_data=xx
# [5541500000] DBG rx_done=0 count=0 wr_ptr=5 rd_ptr=5 rx_empty=1 rd_en=0 rd_data=xx
# [5542500000] DBG rx_done=0 count=0 wr_ptr=5 rd_ptr=5 rx_empty=1 rd_en=0 rd_data=xx
# [5543500000] DBG rx_done=0 count=0 wr_ptr=5 rd_ptr=5 rx_empty=1 rd_en=0 rd_data=xx
# [5544500000] DBG rx_done=0 count=0 wr_ptr=5 rd_ptr=5 rx_empty=1 rd_en=0 rd_data=xx
# [5545500000] DBG rx_done=0 count=0 wr_ptr=5 rd_ptr=5 rx_empty=1 rd_en=0 rd_data=xx
# [5546500000] DBG rx_done=0 count=0 wr_ptr=5 rd_ptr=5 rx_empty=1 rd_en=0 rd_data=xx
# [5547500000] DBG rx_done=0 count=0 wr_ptr=5 rd_ptr=5 rx_empty=1 rd_en=0 rd_data=xx
# [5548500000] DBG rx_done=0 count=0 wr_ptr=5 rd_ptr=5 rx_empty=1 rd_en=0 rd_data=xx
# [5549500000] DBG rx_done=0 count=0 wr_ptr=5 rd_ptr=5 rx_empty=1 rd_en=0 rd_data=xx
# [5550500000] DBG rx_done=0 count=0 wr_ptr=5 rd_ptr=5 rx_empty=1 rd_en=0 rd_data=xx
# [5551500000] DBG rx_done=0 count=0 wr_ptr=5 rd_ptr=5 rx_empty=1 rd_en=0 rd_data=xx
# [5552500000] DBG rx_done=0 count=0 wr_ptr=5 rd_ptr=5 rx_empty=1 rd_en=0 rd_data=xx
# [5553500000] DBG rx_done=0 count=0 wr_ptr=5 rd_ptr=5 rx_empty=1 rd_en=0 rd_data=xx
# [5554500000] DBG rx_done=0 count=0 wr_ptr=5 rd_ptr=5 rx_empty=1 rd_en=0 rd_data=xx
# [5555500000] DBG rx_done=0 count=0 wr_ptr=5 rd_ptr=5 rx_empty=1 rd_en=0 rd_data=xx
# [5556500000] DBG rx_done=0 count=0 wr_ptr=5 rd_ptr=5 rx_empty=1 rd_en=0 rd_data=xx
# [5557500000] DBG rx_done=0 count=0 wr_ptr=5 rd_ptr=5 rx_empty=1 rd_en=0 rd_data=xx
# [5558500000] DBG rx_done=0 count=0 wr_ptr=5 rd_ptr=5 rx_empty=1 rd_en=0 rd_data=xx
# [5559500000] DBG rx_done=0 count=0 wr_ptr=5 rd_ptr=5 rx_empty=1 rd_en=0 rd_data=xx
# [5560500000] DBG rx_done=0 count=0 wr_ptr=5 rd_ptr=5 rx_empty=1 rd_en=0 rd_data=xx
# [5561500000] DBG rx_done=0 count=0 wr_ptr=5 rd_ptr=5 rx_empty=1 rd_en=0 rd_data=xx
# [5562500000] DBG rx_done=0 count=0 wr_ptr=5 rd_ptr=5 rx_empty=1 rd_en=0 rd_data=xx
# [5563500000] DBG rx_done=0 count=0 wr_ptr=5 rd_ptr=5 rx_empty=1 rd_en=0 rd_data=xx
# [5564500000] DBG rx_done=0 count=0 wr_ptr=5 rd_ptr=5 rx_empty=1 rd_en=0 rd_data=xx
# [5565500000] DBG rx_done=0 count=0 wr_ptr=5 rd_ptr=5 rx_empty=1 rd_en=0 rd_data=xx
# [5566500000] DBG rx_done=0 count=0 wr_ptr=5 rd_ptr=5 rx_empty=1 rd_en=0 rd_data=xx
# [5567500000] DBG rx_done=0 count=0 wr_ptr=5 rd_ptr=5 rx_empty=1 rd_en=0 rd_data=xx
# [5568500000] DBG rx_done=0 count=0 wr_ptr=5 rd_ptr=5 rx_empty=1 rd_en=0 rd_data=xx
# [5569500000] DBG rx_done=0 count=0 wr_ptr=5 rd_ptr=5 rx_empty=1 rd_en=0 rd_data=xx
# [5570500000] DBG rx_done=0 count=0 wr_ptr=5 rd_ptr=5 rx_empty=1 rd_en=0 rd_data=xx
# [5571500000] DBG rx_done=0 count=0 wr_ptr=5 rd_ptr=5 rx_empty=1 rd_en=0 rd_data=xx
# [5572500000] DBG rx_done=0 count=0 wr_ptr=5 rd_ptr=5 rx_empty=1 rd_en=0 rd_data=xx
# [5573500000] DBG rx_done=0 count=0 wr_ptr=5 rd_ptr=5 rx_empty=1 rd_en=0 rd_data=xx
# [5574500000] DBG rx_done=0 count=0 wr_ptr=5 rd_ptr=5 rx_empty=1 rd_en=0 rd_data=xx
# [5575500000] DBG rx_done=0 count=0 wr_ptr=5 rd_ptr=5 rx_empty=1 rd_en=0 rd_data=xx
# [5576500000] DBG rx_done=0 count=0 wr_ptr=5 rd_ptr=5 rx_empty=1 rd_en=0 rd_data=xx
# [5577500000] DBG rx_done=0 count=0 wr_ptr=5 rd_ptr=5 rx_empty=1 rd_en=0 rd_data=xx
# [5578500000] DBG rx_done=0 count=0 wr_ptr=5 rd_ptr=5 rx_empty=1 rd_en=0 rd_data=xx
# [5579500000] DBG rx_done=0 count=0 wr_ptr=5 rd_ptr=5 rx_empty=1 rd_en=0 rd_data=xx
# [5580500000] DBG rx_done=0 count=0 wr_ptr=5 rd_ptr=5 rx_empty=1 rd_en=0 rd_data=xx
# [5581500000] DBG rx_done=0 count=0 wr_ptr=5 rd_ptr=5 rx_empty=1 rd_en=0 rd_data=xx
# [5582500000] DBG rx_done=0 count=0 wr_ptr=5 rd_ptr=5 rx_empty=1 rd_en=0 rd_data=xx
# [5583500000] DBG rx_done=0 count=0 wr_ptr=5 rd_ptr=5 rx_empty=1 rd_en=0 rd_data=xx
# [5584500000] DBG rx_done=0 count=0 wr_ptr=5 rd_ptr=5 rx_empty=1 rd_en=0 rd_data=xx
# [5585500000] DBG rx_done=0 count=0 wr_ptr=5 rd_ptr=5 rx_empty=1 rd_en=0 rd_data=xx
# [5586500000] DBG rx_done=0 count=0 wr_ptr=5 rd_ptr=5 rx_empty=1 rd_en=0 rd_data=xx
# [5587500000] DBG rx_done=0 count=0 wr_ptr=5 rd_ptr=5 rx_empty=1 rd_en=0 rd_data=xx
# [5588500000] DBG rx_done=0 count=0 wr_ptr=5 rd_ptr=5 rx_empty=1 rd_en=0 rd_data=xx
# [5589500000] DBG rx_done=0 count=0 wr_ptr=5 rd_ptr=5 rx_empty=1 rd_en=0 rd_data=xx
# [5590500000] DBG rx_done=0 count=0 wr_ptr=5 rd_ptr=5 rx_empty=1 rd_en=0 rd_data=xx
# [5591500000] DBG rx_done=0 count=0 wr_ptr=5 rd_ptr=5 rx_empty=1 rd_en=0 rd_data=xx
# [5592500000] DBG rx_done=0 count=0 wr_ptr=5 rd_ptr=5 rx_empty=1 rd_en=0 rd_data=xx
# [5593500000] DBG rx_done=0 count=0 wr_ptr=5 rd_ptr=5 rx_empty=1 rd_en=0 rd_data=xx
# [5594500000] DBG rx_done=0 count=0 wr_ptr=5 rd_ptr=5 rx_empty=1 rd_en=0 rd_data=xx
# [5595500000] DBG rx_done=0 count=0 wr_ptr=5 rd_ptr=5 rx_empty=1 rd_en=0 rd_data=xx
# [5596500000] DBG rx_done=0 count=0 wr_ptr=5 rd_ptr=5 rx_empty=1 rd_en=0 rd_data=xx
# [5597500000] DBG rx_done=0 count=0 wr_ptr=5 rd_ptr=5 rx_empty=1 rd_en=0 rd_data=xx
# [5598500000] DBG rx_done=0 count=0 wr_ptr=5 rd_ptr=5 rx_empty=1 rd_en=0 rd_data=xx
# [5599500000] DBG rx_done=0 count=0 wr_ptr=5 rd_ptr=5 rx_empty=1 rd_en=0 rd_data=xx
# [5600500000] DBG rx_done=0 count=0 wr_ptr=5 rd_ptr=5 rx_empty=1 rd_en=0 rd_data=xx
# [5601500000] DBG rx_done=0 count=0 wr_ptr=5 rd_ptr=5 rx_empty=1 rd_en=0 rd_data=xx
# [5602500000] DBG rx_done=0 count=0 wr_ptr=5 rd_ptr=5 rx_empty=1 rd_en=0 rd_data=xx
# [5603500000] DBG rx_done=0 count=0 wr_ptr=5 rd_ptr=5 rx_empty=1 rd_en=0 rd_data=xx
# [5604500000] DBG rx_done=0 count=0 wr_ptr=5 rd_ptr=5 rx_empty=1 rd_en=0 rd_data=xx
# [5605500000] DBG rx_done=0 count=0 wr_ptr=5 rd_ptr=5 rx_empty=1 rd_en=0 rd_data=xx
# [5606500000] DBG rx_done=0 count=0 wr_ptr=5 rd_ptr=5 rx_empty=1 rd_en=0 rd_data=xx
# [5607500000] DBG rx_done=0 count=0 wr_ptr=5 rd_ptr=5 rx_empty=1 rd_en=0 rd_data=xx
# [5608500000] DBG rx_done=0 count=0 wr_ptr=5 rd_ptr=5 rx_empty=1 rd_en=0 rd_data=xx
# [5609500000] DBG rx_done=0 count=0 wr_ptr=5 rd_ptr=5 rx_empty=1 rd_en=0 rd_data=xx
# [5610500000] DBG rx_done=0 count=0 wr_ptr=5 rd_ptr=5 rx_empty=1 rd_en=0 rd_data=xx
# [5611500000] DBG rx_done=0 count=0 wr_ptr=5 rd_ptr=5 rx_empty=1 rd_en=0 rd_data=xx
# [5612500000] DBG rx_done=0 count=0 wr_ptr=5 rd_ptr=5 rx_empty=1 rd_en=0 rd_data=xx
# [5613500000] DBG rx_done=0 count=0 wr_ptr=5 rd_ptr=5 rx_empty=1 rd_en=0 rd_data=xx
# [5614500000] DBG rx_done=0 count=0 wr_ptr=5 rd_ptr=5 rx_empty=1 rd_en=0 rd_data=xx
# [5615500000] DBG rx_done=0 count=0 wr_ptr=5 rd_ptr=5 rx_empty=1 rd_en=0 rd_data=xx
# [5616500000] DBG rx_done=0 count=0 wr_ptr=5 rd_ptr=5 rx_empty=1 rd_en=0 rd_data=xx
# [5617500000] DBG rx_done=0 count=0 wr_ptr=5 rd_ptr=5 rx_empty=1 rd_en=0 rd_data=xx
# [5618500000] DBG rx_done=0 count=0 wr_ptr=5 rd_ptr=5 rx_empty=1 rd_en=0 rd_data=xx
# [5619500000] DBG rx_done=0 count=0 wr_ptr=5 rd_ptr=5 rx_empty=1 rd_en=0 rd_data=xx
# [5620500000] DBG rx_done=0 count=0 wr_ptr=5 rd_ptr=5 rx_empty=1 rd_en=0 rd_data=xx
# [5621500000] DBG rx_done=0 count=0 wr_ptr=5 rd_ptr=5 rx_empty=1 rd_en=0 rd_data=xx
# [5622500000] DBG rx_done=0 count=0 wr_ptr=5 rd_ptr=5 rx_empty=1 rd_en=0 rd_data=xx
# [5623500000] DBG rx_done=0 count=0 wr_ptr=5 rd_ptr=5 rx_empty=1 rd_en=0 rd_data=xx
# [5624500000] DBG rx_done=0 count=0 wr_ptr=5 rd_ptr=5 rx_empty=1 rd_en=0 rd_data=xx
# [5625500000] DBG rx_done=0 count=0 wr_ptr=5 rd_ptr=5 rx_empty=1 rd_en=0 rd_data=xx
# [5626500000] DBG rx_done=0 count=0 wr_ptr=5 rd_ptr=5 rx_empty=1 rd_en=0 rd_data=xx
# [5627500000] DBG rx_done=0 count=0 wr_ptr=5 rd_ptr=5 rx_empty=1 rd_en=0 rd_data=xx
# [5628500000] DBG rx_done=0 count=0 wr_ptr=5 rd_ptr=5 rx_empty=1 rd_en=0 rd_data=xx
# [5629500000] DBG rx_done=0 count=0 wr_ptr=5 rd_ptr=5 rx_empty=1 rd_en=0 rd_data=xx
# [5630500000] DBG rx_done=0 count=0 wr_ptr=5 rd_ptr=5 rx_empty=1 rd_en=0 rd_data=xx
# [5631500000] DBG rx_done=0 count=0 wr_ptr=5 rd_ptr=5 rx_empty=1 rd_en=0 rd_data=xx
# [5632500000] DBG rx_done=0 count=0 wr_ptr=5 rd_ptr=5 rx_empty=1 rd_en=0 rd_data=xx
# [5633500000] DBG rx_done=0 count=0 wr_ptr=5 rd_ptr=5 rx_empty=1 rd_en=0 rd_data=xx
# [5634500000] DBG rx_done=0 count=0 wr_ptr=5 rd_ptr=5 rx_empty=1 rd_en=0 rd_data=xx
# [5635500000] DBG rx_done=0 count=0 wr_ptr=5 rd_ptr=5 rx_empty=1 rd_en=0 rd_data=xx
# [5636500000] DBG rx_done=0 count=0 wr_ptr=5 rd_ptr=5 rx_empty=1 rd_en=0 rd_data=xx
# [5637500000] DBG rx_done=0 count=0 wr_ptr=5 rd_ptr=5 rx_empty=1 rd_en=0 rd_data=xx
# [5638500000] DBG rx_done=0 count=0 wr_ptr=5 rd_ptr=5 rx_empty=1 rd_en=0 rd_data=xx
# [5639500000] DBG rx_done=0 count=0 wr_ptr=5 rd_ptr=5 rx_empty=1 rd_en=0 rd_data=xx
# [5640500000] DBG rx_done=0 count=0 wr_ptr=5 rd_ptr=5 rx_empty=1 rd_en=0 rd_data=xx
# [5641500000] DBG rx_done=0 count=0 wr_ptr=5 rd_ptr=5 rx_empty=1 rd_en=0 rd_data=xx
# [5642500000] DBG rx_done=0 count=0 wr_ptr=5 rd_ptr=5 rx_empty=1 rd_en=0 rd_data=xx
# [5643500000] DBG rx_done=0 count=0 wr_ptr=5 rd_ptr=5 rx_empty=1 rd_en=0 rd_data=xx
# [5644500000] DBG rx_done=0 count=0 wr_ptr=5 rd_ptr=5 rx_empty=1 rd_en=0 rd_data=xx
# [5645500000] DBG rx_done=0 count=0 wr_ptr=5 rd_ptr=5 rx_empty=1 rd_en=0 rd_data=xx
# [5646500000] DBG rx_done=0 count=0 wr_ptr=5 rd_ptr=5 rx_empty=1 rd_en=0 rd_data=xx
# [5647500000] DBG rx_done=0 count=0 wr_ptr=5 rd_ptr=5 rx_empty=1 rd_en=0 rd_data=xx
# [5648500000] DBG rx_done=0 count=0 wr_ptr=5 rd_ptr=5 rx_empty=1 rd_en=0 rd_data=xx
# [5649500000] DBG rx_done=0 count=0 wr_ptr=5 rd_ptr=5 rx_empty=1 rd_en=0 rd_data=xx
# [5650500000] DBG rx_done=0 count=0 wr_ptr=5 rd_ptr=5 rx_empty=1 rd_en=0 rd_data=xx
# [5651500000] DBG rx_done=0 count=0 wr_ptr=5 rd_ptr=5 rx_empty=1 rd_en=0 rd_data=xx
# [5652500000] DBG rx_done=0 count=0 wr_ptr=5 rd_ptr=5 rx_empty=1 rd_en=0 rd_data=xx
# [5653500000] DBG rx_done=0 count=0 wr_ptr=5 rd_ptr=5 rx_empty=1 rd_en=0 rd_data=xx
# [5654500000] DBG rx_done=0 count=0 wr_ptr=5 rd_ptr=5 rx_empty=1 rd_en=0 rd_data=xx
# [5655500000] DBG rx_done=0 count=0 wr_ptr=5 rd_ptr=5 rx_empty=1 rd_en=0 rd_data=xx
# [5656500000] DBG rx_done=0 count=0 wr_ptr=5 rd_ptr=5 rx_empty=1 rd_en=0 rd_data=xx
# [5657500000] DBG rx_done=0 count=0 wr_ptr=5 rd_ptr=5 rx_empty=1 rd_en=0 rd_data=xx
# [5658500000] DBG rx_done=0 count=0 wr_ptr=5 rd_ptr=5 rx_empty=1 rd_en=0 rd_data=xx
# [5659500000] DBG rx_done=0 count=0 wr_ptr=5 rd_ptr=5 rx_empty=1 rd_en=0 rd_data=xx
# [5660500000] DBG rx_done=0 count=0 wr_ptr=5 rd_ptr=5 rx_empty=1 rd_en=0 rd_data=xx
# [5661500000] DBG rx_done=0 count=0 wr_ptr=5 rd_ptr=5 rx_empty=1 rd_en=0 rd_data=xx
# [5662500000] DBG rx_done=0 count=0 wr_ptr=5 rd_ptr=5 rx_empty=1 rd_en=0 rd_data=xx
# [5663500000] DBG rx_done=0 count=0 wr_ptr=5 rd_ptr=5 rx_empty=1 rd_en=0 rd_data=xx
# [5664500000] DBG rx_done=0 count=0 wr_ptr=5 rd_ptr=5 rx_empty=1 rd_en=0 rd_data=xx
# [5665500000] DBG rx_done=0 count=0 wr_ptr=5 rd_ptr=5 rx_empty=1 rd_en=0 rd_data=xx
# [5666500000] DBG rx_done=0 count=0 wr_ptr=5 rd_ptr=5 rx_empty=1 rd_en=0 rd_data=xx
# [5667500000] DBG rx_done=0 count=0 wr_ptr=5 rd_ptr=5 rx_empty=1 rd_en=0 rd_data=xx
# [5668500000] DBG rx_done=0 count=0 wr_ptr=5 rd_ptr=5 rx_empty=1 rd_en=0 rd_data=xx
# [5669500000] DBG rx_done=0 count=0 wr_ptr=5 rd_ptr=5 rx_empty=1 rd_en=0 rd_data=xx
# [5670500000] DBG rx_done=0 count=0 wr_ptr=5 rd_ptr=5 rx_empty=1 rd_en=0 rd_data=xx
# [5671500000] DBG rx_done=0 count=0 wr_ptr=5 rd_ptr=5 rx_empty=1 rd_en=0 rd_data=xx
# [5672500000] DBG rx_done=0 count=0 wr_ptr=5 rd_ptr=5 rx_empty=1 rd_en=0 rd_data=xx
# [5673500000] DBG rx_done=0 count=0 wr_ptr=5 rd_ptr=5 rx_empty=1 rd_en=0 rd_data=xx
# [5674500000] DBG rx_done=0 count=0 wr_ptr=5 rd_ptr=5 rx_empty=1 rd_en=0 rd_data=xx
# [5675500000] DBG rx_done=0 count=0 wr_ptr=5 rd_ptr=5 rx_empty=1 rd_en=0 rd_data=xx
# [5676500000] DBG rx_done=0 count=0 wr_ptr=5 rd_ptr=5 rx_empty=1 rd_en=0 rd_data=xx
# [5677500000] DBG rx_done=0 count=0 wr_ptr=5 rd_ptr=5 rx_empty=1 rd_en=0 rd_data=xx
# [5678500000] DBG rx_done=0 count=0 wr_ptr=5 rd_ptr=5 rx_empty=1 rd_en=0 rd_data=xx
# [5679500000] DBG rx_done=0 count=0 wr_ptr=5 rd_ptr=5 rx_empty=1 rd_en=0 rd_data=xx
# [5680500000] DBG rx_done=0 count=0 wr_ptr=5 rd_ptr=5 rx_empty=1 rd_en=0 rd_data=xx
# [5681500000] DBG rx_done=0 count=0 wr_ptr=5 rd_ptr=5 rx_empty=1 rd_en=0 rd_data=xx
# [5682500000] DBG rx_done=0 count=0 wr_ptr=5 rd_ptr=5 rx_empty=1 rd_en=0 rd_data=xx
# [5683500000] DBG rx_done=0 count=0 wr_ptr=5 rd_ptr=5 rx_empty=1 rd_en=0 rd_data=xx
# [5684500000] DBG rx_done=0 count=0 wr_ptr=5 rd_ptr=5 rx_empty=1 rd_en=0 rd_data=xx
# [5685500000] DBG rx_done=0 count=0 wr_ptr=5 rd_ptr=5 rx_empty=1 rd_en=0 rd_data=xx
# [5686500000] DBG rx_done=0 count=0 wr_ptr=5 rd_ptr=5 rx_empty=1 rd_en=0 rd_data=xx
# [5687500000] DBG rx_done=0 count=0 wr_ptr=5 rd_ptr=5 rx_empty=1 rd_en=0 rd_data=xx
# [5688500000] DBG rx_done=0 count=0 wr_ptr=5 rd_ptr=5 rx_empty=1 rd_en=0 rd_data=xx
# [5689500000] DBG rx_done=0 count=0 wr_ptr=5 rd_ptr=5 rx_empty=1 rd_en=0 rd_data=xx
# [5690500000] DBG rx_done=0 count=0 wr_ptr=5 rd_ptr=5 rx_empty=1 rd_en=0 rd_data=xx
# [5691500000] DBG rx_done=0 count=0 wr_ptr=5 rd_ptr=5 rx_empty=1 rd_en=0 rd_data=xx
# [5692500000] DBG rx_done=0 count=0 wr_ptr=5 rd_ptr=5 rx_empty=1 rd_en=0 rd_data=xx
# [5693500000] DBG rx_done=0 count=0 wr_ptr=5 rd_ptr=5 rx_empty=1 rd_en=0 rd_data=xx
# [5694500000] DBG rx_done=0 count=0 wr_ptr=5 rd_ptr=5 rx_empty=1 rd_en=0 rd_data=xx
# [5695500000] DBG rx_done=0 count=0 wr_ptr=5 rd_ptr=5 rx_empty=1 rd_en=0 rd_data=xx
# [5696500000] DBG rx_done=0 count=0 wr_ptr=5 rd_ptr=5 rx_empty=1 rd_en=0 rd_data=xx
# [5697500000] DBG rx_done=0 count=0 wr_ptr=5 rd_ptr=5 rx_empty=1 rd_en=0 rd_data=xx
# [5698500000] DBG rx_done=0 count=0 wr_ptr=5 rd_ptr=5 rx_empty=1 rd_en=0 rd_data=xx
# [5699500000] DBG rx_done=0 count=0 wr_ptr=5 rd_ptr=5 rx_empty=1 rd_en=0 rd_data=xx
# [5700500000] DBG rx_done=0 count=0 wr_ptr=5 rd_ptr=5 rx_empty=1 rd_en=0 rd_data=xx
# [5701500000] DBG rx_done=0 count=0 wr_ptr=5 rd_ptr=5 rx_empty=1 rd_en=0 rd_data=xx
# [5702500000] DBG rx_done=0 count=0 wr_ptr=5 rd_ptr=5 rx_empty=1 rd_en=0 rd_data=xx
# [5703500000] DBG rx_done=0 count=0 wr_ptr=5 rd_ptr=5 rx_empty=1 rd_en=0 rd_data=xx
# [5704500000] DBG rx_done=0 count=0 wr_ptr=5 rd_ptr=5 rx_empty=1 rd_en=0 rd_data=xx
# [5705500000] DBG rx_done=0 count=0 wr_ptr=5 rd_ptr=5 rx_empty=1 rd_en=0 rd_data=xx
# [5706500000] DBG rx_done=0 count=0 wr_ptr=5 rd_ptr=5 rx_empty=1 rd_en=0 rd_data=xx
# [5707500000] DBG rx_done=0 count=0 wr_ptr=5 rd_ptr=5 rx_empty=1 rd_en=0 rd_data=xx
# [5708500000] DBG rx_done=0 count=0 wr_ptr=5 rd_ptr=5 rx_empty=1 rd_en=0 rd_data=xx
# [5709500000] DBG rx_done=0 count=0 wr_ptr=5 rd_ptr=5 rx_empty=1 rd_en=0 rd_data=xx
# [5710500000] DBG rx_done=0 count=0 wr_ptr=5 rd_ptr=5 rx_empty=1 rd_en=0 rd_data=xx
# [5711500000] DBG rx_done=0 count=0 wr_ptr=5 rd_ptr=5 rx_empty=1 rd_en=0 rd_data=xx
# [5712500000] DBG rx_done=0 count=0 wr_ptr=5 rd_ptr=5 rx_empty=1 rd_en=0 rd_data=xx
# [5713500000] DBG rx_done=0 count=0 wr_ptr=5 rd_ptr=5 rx_empty=1 rd_en=0 rd_data=xx
# [5714500000] DBG rx_done=0 count=0 wr_ptr=5 rd_ptr=5 rx_empty=1 rd_en=0 rd_data=xx
# [5715500000] DBG rx_done=0 count=0 wr_ptr=5 rd_ptr=5 rx_empty=1 rd_en=0 rd_data=xx
# [5716500000] DBG rx_done=0 count=0 wr_ptr=5 rd_ptr=5 rx_empty=1 rd_en=0 rd_data=xx
# [5717500000] DBG rx_done=0 count=0 wr_ptr=5 rd_ptr=5 rx_empty=1 rd_en=0 rd_data=xx
# [5718500000] DBG rx_done=0 count=0 wr_ptr=5 rd_ptr=5 rx_empty=1 rd_en=0 rd_data=xx
# [5719500000] DBG rx_done=0 count=0 wr_ptr=5 rd_ptr=5 rx_empty=1 rd_en=0 rd_data=xx
# [5720500000] DBG rx_done=0 count=0 wr_ptr=5 rd_ptr=5 rx_empty=1 rd_en=0 rd_data=xx
# [5721500000] DBG rx_done=0 count=0 wr_ptr=5 rd_ptr=5 rx_empty=1 rd_en=0 rd_data=xx
# [5722500000] DBG rx_done=0 count=0 wr_ptr=5 rd_ptr=5 rx_empty=1 rd_en=0 rd_data=xx
# [5723500000] DBG rx_done=0 count=0 wr_ptr=5 rd_ptr=5 rx_empty=1 rd_en=0 rd_data=xx
# [5724500000] DBG rx_done=0 count=0 wr_ptr=5 rd_ptr=5 rx_empty=1 rd_en=0 rd_data=xx
# [5725500000] DBG rx_done=0 count=0 wr_ptr=5 rd_ptr=5 rx_empty=1 rd_en=0 rd_data=xx
# [5726500000] DBG rx_done=0 count=0 wr_ptr=5 rd_ptr=5 rx_empty=1 rd_en=0 rd_data=xx
# [5727500000] DBG rx_done=0 count=0 wr_ptr=5 rd_ptr=5 rx_empty=1 rd_en=0 rd_data=xx
# [5728500000] DBG rx_done=0 count=0 wr_ptr=5 rd_ptr=5 rx_empty=1 rd_en=0 rd_data=xx
# [5729500000] DBG rx_done=0 count=0 wr_ptr=5 rd_ptr=5 rx_empty=1 rd_en=0 rd_data=xx
# [5730500000] DBG rx_done=0 count=0 wr_ptr=5 rd_ptr=5 rx_empty=1 rd_en=0 rd_data=xx
# [5731500000] DBG rx_done=0 count=0 wr_ptr=5 rd_ptr=5 rx_empty=1 rd_en=0 rd_data=xx
# [5732500000] DBG rx_done=0 count=0 wr_ptr=5 rd_ptr=5 rx_empty=1 rd_en=0 rd_data=xx
# [5733500000] DBG rx_done=0 count=0 wr_ptr=5 rd_ptr=5 rx_empty=1 rd_en=0 rd_data=xx
# [5734500000] DBG rx_done=0 count=0 wr_ptr=5 rd_ptr=5 rx_empty=1 rd_en=0 rd_data=xx
# [5735500000] DBG rx_done=0 count=0 wr_ptr=5 rd_ptr=5 rx_empty=1 rd_en=0 rd_data=xx
# [5736500000] DBG rx_done=0 count=0 wr_ptr=5 rd_ptr=5 rx_empty=1 rd_en=0 rd_data=xx
# [5737500000] DBG rx_done=0 count=0 wr_ptr=5 rd_ptr=5 rx_empty=1 rd_en=0 rd_data=xx
# [5738500000] DBG rx_done=0 count=0 wr_ptr=5 rd_ptr=5 rx_empty=1 rd_en=0 rd_data=xx
# [5739500000] DBG rx_done=0 count=0 wr_ptr=5 rd_ptr=5 rx_empty=1 rd_en=0 rd_data=xx
# [5740500000] DBG rx_done=0 count=0 wr_ptr=5 rd_ptr=5 rx_empty=1 rd_en=0 rd_data=xx
# [5741500000] DBG rx_done=0 count=0 wr_ptr=5 rd_ptr=5 rx_empty=1 rd_en=0 rd_data=xx
# [5742500000] DBG rx_done=0 count=0 wr_ptr=5 rd_ptr=5 rx_empty=1 rd_en=0 rd_data=xx
# [5743500000] DBG rx_done=0 count=0 wr_ptr=5 rd_ptr=5 rx_empty=1 rd_en=0 rd_data=xx
# [5744500000] DBG rx_done=0 count=0 wr_ptr=5 rd_ptr=5 rx_empty=1 rd_en=0 rd_data=xx
# [5745500000] DBG rx_done=0 count=0 wr_ptr=5 rd_ptr=5 rx_empty=1 rd_en=0 rd_data=xx
# [5746500000] DBG rx_done=0 count=0 wr_ptr=5 rd_ptr=5 rx_empty=1 rd_en=0 rd_data=xx
# [5747500000] DBG rx_done=0 count=0 wr_ptr=5 rd_ptr=5 rx_empty=1 rd_en=0 rd_data=xx
# [5748500000] DBG rx_done=0 count=0 wr_ptr=5 rd_ptr=5 rx_empty=1 rd_en=0 rd_data=xx
# [5749500000] DBG rx_done=0 count=0 wr_ptr=5 rd_ptr=5 rx_empty=1 rd_en=0 rd_data=xx
# [5750500000] DBG rx_done=0 count=0 wr_ptr=5 rd_ptr=5 rx_empty=1 rd_en=0 rd_data=xx
# [5751500000] DBG rx_done=0 count=0 wr_ptr=5 rd_ptr=5 rx_empty=1 rd_en=0 rd_data=xx
# [5752500000] DBG rx_done=0 count=0 wr_ptr=5 rd_ptr=5 rx_empty=1 rd_en=0 rd_data=xx
# [5753500000] DBG rx_done=0 count=0 wr_ptr=5 rd_ptr=5 rx_empty=1 rd_en=0 rd_data=xx
# [5754500000] DBG rx_done=0 count=0 wr_ptr=5 rd_ptr=5 rx_empty=1 rd_en=0 rd_data=xx
# [5755500000] DBG rx_done=0 count=0 wr_ptr=5 rd_ptr=5 rx_empty=1 rd_en=0 rd_data=xx
# [5756500000] DBG rx_done=0 count=0 wr_ptr=5 rd_ptr=5 rx_empty=1 rd_en=0 rd_data=xx
# [5757500000] DBG rx_done=0 count=0 wr_ptr=5 rd_ptr=5 rx_empty=1 rd_en=0 rd_data=xx
# [5758500000] DBG rx_done=0 count=0 wr_ptr=5 rd_ptr=5 rx_empty=1 rd_en=0 rd_data=xx
# [5759500000] DBG rx_done=0 count=0 wr_ptr=5 rd_ptr=5 rx_empty=1 rd_en=0 rd_data=xx
# [5760500000] DBG rx_done=0 count=0 wr_ptr=5 rd_ptr=5 rx_empty=1 rd_en=0 rd_data=xx
# [5761500000] DBG rx_done=0 count=0 wr_ptr=5 rd_ptr=5 rx_empty=1 rd_en=0 rd_data=xx
# [5762500000] DBG rx_done=0 count=0 wr_ptr=5 rd_ptr=5 rx_empty=1 rd_en=0 rd_data=xx
# [5763500000] DBG rx_done=0 count=0 wr_ptr=5 rd_ptr=5 rx_empty=1 rd_en=0 rd_data=xx
# [5764500000] DBG rx_done=0 count=0 wr_ptr=5 rd_ptr=5 rx_empty=1 rd_en=0 rd_data=xx
# [5765500000] DBG rx_done=0 count=0 wr_ptr=5 rd_ptr=5 rx_empty=1 rd_en=0 rd_data=xx
# [5766500000] DBG rx_done=0 count=0 wr_ptr=5 rd_ptr=5 rx_empty=1 rd_en=0 rd_data=xx
# [5767500000] DBG rx_done=0 count=0 wr_ptr=5 rd_ptr=5 rx_empty=1 rd_en=0 rd_data=xx
# [5768500000] DBG rx_done=0 count=0 wr_ptr=5 rd_ptr=5 rx_empty=1 rd_en=0 rd_data=xx
# [5769500000] DBG rx_done=0 count=0 wr_ptr=5 rd_ptr=5 rx_empty=1 rd_en=0 rd_data=xx
# [5770500000] DBG rx_done=0 count=0 wr_ptr=5 rd_ptr=5 rx_empty=1 rd_en=0 rd_data=xx
# [5771500000] DBG rx_done=0 count=0 wr_ptr=5 rd_ptr=5 rx_empty=1 rd_en=0 rd_data=xx
# [5772500000] DBG rx_done=0 count=0 wr_ptr=5 rd_ptr=5 rx_empty=1 rd_en=0 rd_data=xx
# [5773500000] DBG rx_done=0 count=0 wr_ptr=5 rd_ptr=5 rx_empty=1 rd_en=0 rd_data=xx
# [5774500000] DBG rx_done=0 count=0 wr_ptr=5 rd_ptr=5 rx_empty=1 rd_en=0 rd_data=xx
# [5775500000] DBG rx_done=0 count=0 wr_ptr=5 rd_ptr=5 rx_empty=1 rd_en=0 rd_data=xx
# [5776500000] DBG rx_done=0 count=0 wr_ptr=5 rd_ptr=5 rx_empty=1 rd_en=0 rd_data=xx
# [5777500000] DBG rx_done=0 count=0 wr_ptr=5 rd_ptr=5 rx_empty=1 rd_en=0 rd_data=xx
# [5778500000] DBG rx_done=0 count=0 wr_ptr=5 rd_ptr=5 rx_empty=1 rd_en=0 rd_data=xx
# [5779500000] DBG rx_done=0 count=0 wr_ptr=5 rd_ptr=5 rx_empty=1 rd_en=0 rd_data=xx
# [5780500000] DBG rx_done=0 count=0 wr_ptr=5 rd_ptr=5 rx_empty=1 rd_en=0 rd_data=xx
# [5781500000] DBG rx_done=0 count=0 wr_ptr=5 rd_ptr=5 rx_empty=1 rd_en=0 rd_data=xx
# [5782500000] DBG rx_done=0 count=0 wr_ptr=5 rd_ptr=5 rx_empty=1 rd_en=0 rd_data=xx
# [5783500000] DBG rx_done=0 count=0 wr_ptr=5 rd_ptr=5 rx_empty=1 rd_en=0 rd_data=xx
# [5784500000] DBG rx_done=0 count=0 wr_ptr=5 rd_ptr=5 rx_empty=1 rd_en=0 rd_data=xx
# [5785500000] DBG rx_done=0 count=0 wr_ptr=5 rd_ptr=5 rx_empty=1 rd_en=0 rd_data=xx
# [5786500000] DBG rx_done=0 count=0 wr_ptr=5 rd_ptr=5 rx_empty=1 rd_en=0 rd_data=xx
# [5787500000] DBG rx_done=0 count=0 wr_ptr=5 rd_ptr=5 rx_empty=1 rd_en=0 rd_data=xx
# [5788500000] DBG rx_done=0 count=0 wr_ptr=5 rd_ptr=5 rx_empty=1 rd_en=0 rd_data=xx
# [5789500000] DBG rx_done=0 count=0 wr_ptr=5 rd_ptr=5 rx_empty=1 rd_en=0 rd_data=xx
# [5790500000] DBG rx_done=0 count=0 wr_ptr=5 rd_ptr=5 rx_empty=1 rd_en=0 rd_data=xx
# [5791500000] DBG rx_done=0 count=0 wr_ptr=5 rd_ptr=5 rx_empty=1 rd_en=0 rd_data=xx
# [5792500000] DBG rx_done=0 count=0 wr_ptr=5 rd_ptr=5 rx_empty=1 rd_en=0 rd_data=xx
# [5793500000] DBG rx_done=0 count=0 wr_ptr=5 rd_ptr=5 rx_empty=1 rd_en=0 rd_data=xx
# [5794500000] DBG rx_done=0 count=0 wr_ptr=5 rd_ptr=5 rx_empty=1 rd_en=0 rd_data=xx
# [5795500000] DBG rx_done=0 count=0 wr_ptr=5 rd_ptr=5 rx_empty=1 rd_en=0 rd_data=xx
# [5796500000] DBG rx_done=0 count=0 wr_ptr=5 rd_ptr=5 rx_empty=1 rd_en=0 rd_data=xx
# [5797500000] DBG rx_done=0 count=0 wr_ptr=5 rd_ptr=5 rx_empty=1 rd_en=0 rd_data=xx
# [5798500000] DBG rx_done=0 count=0 wr_ptr=5 rd_ptr=5 rx_empty=1 rd_en=0 rd_data=xx
# [5799500000] DBG rx_done=0 count=0 wr_ptr=5 rd_ptr=5 rx_empty=1 rd_en=0 rd_data=xx
# [5800500000] DBG rx_done=0 count=0 wr_ptr=5 rd_ptr=5 rx_empty=1 rd_en=0 rd_data=xx
# [5801500000] DBG rx_done=0 count=0 wr_ptr=5 rd_ptr=5 rx_empty=1 rd_en=0 rd_data=xx
# [5802500000] DBG rx_done=0 count=0 wr_ptr=5 rd_ptr=5 rx_empty=1 rd_en=0 rd_data=xx
# [5803500000] DBG rx_done=0 count=0 wr_ptr=5 rd_ptr=5 rx_empty=1 rd_en=0 rd_data=xx
# [5804500000] DBG rx_done=0 count=0 wr_ptr=5 rd_ptr=5 rx_empty=1 rd_en=0 rd_data=xx
# [5805500000] DBG rx_done=0 count=0 wr_ptr=5 rd_ptr=5 rx_empty=1 rd_en=0 rd_data=xx
# [5806500000] DBG rx_done=0 count=0 wr_ptr=5 rd_ptr=5 rx_empty=1 rd_en=0 rd_data=xx
# [5807500000] DBG rx_done=0 count=0 wr_ptr=5 rd_ptr=5 rx_empty=1 rd_en=0 rd_data=xx
# [5808500000] DBG rx_done=0 count=0 wr_ptr=5 rd_ptr=5 rx_empty=1 rd_en=0 rd_data=xx
# [5809500000] DBG rx_done=0 count=0 wr_ptr=5 rd_ptr=5 rx_empty=1 rd_en=0 rd_data=xx
# [5810500000] DBG rx_done=0 count=0 wr_ptr=5 rd_ptr=5 rx_empty=1 rd_en=0 rd_data=xx
# [5811500000] DBG rx_done=0 count=0 wr_ptr=5 rd_ptr=5 rx_empty=1 rd_en=0 rd_data=xx
# [5812500000] DBG rx_done=0 count=0 wr_ptr=5 rd_ptr=5 rx_empty=1 rd_en=0 rd_data=xx
# [5813500000] DBG rx_done=1 count=0 wr_ptr=5 rd_ptr=5 rx_empty=1 rd_en=0 rd_data=xx
# [5814500000] DBG rx_done=0 count=1 wr_ptr=6 rd_ptr=5 rx_empty=0 rd_en=0 rd_data=41
# [5815500000] DBG rx_done=0 count=1 wr_ptr=6 rd_ptr=5 rx_empty=0 rd_en=1 rd_data=41
# [5815500000] ERROR: popped 0x41, expected 0x46
# [5816500000] DBG rx_done=0 count=0 wr_ptr=6 rd_ptr=6 rx_empty=1 rd_en=0 rd_data=xx
# [5817500000] DBG rx_done=0 count=0 wr_ptr=6 rd_ptr=6 rx_empty=1 rd_en=1 rd_data=xx
# [5817500000] ERROR: popped 0xxx, expected 0x47
# [5818500000] DBG rx_done=0 count=0 wr_ptr=6 rd_ptr=6 rx_empty=1 rd_en=0 rd_data=xx
# [5819500000] DBG rx_done=0 count=0 wr_ptr=6 rd_ptr=6 rx_empty=1 rd_en=0 rd_data=xx
# [5820500000] DBG rx_done=0 count=0 wr_ptr=6 rd_ptr=6 rx_empty=1 rd_en=0 rd_data=xx
# [5821500000] DBG rx_done=0 count=0 wr_ptr=6 rd_ptr=6 rx_empty=1 rd_en=0 rd_data=xx
# [5822500000] DBG rx_done=0 count=0 wr_ptr=6 rd_ptr=6 rx_empty=1 rd_en=0 rd_data=xx
# [5823500000] DBG rx_done=0 count=0 wr_ptr=6 rd_ptr=6 rx_empty=1 rd_en=0 rd_data=xx
# [5824500000] DBG rx_done=0 count=0 wr_ptr=6 rd_ptr=6 rx_empty=1 rd_en=0 rd_data=xx
# [5825500000] DBG rx_done=0 count=0 wr_ptr=6 rd_ptr=6 rx_empty=1 rd_en=0 rd_data=xx
# [5826500000] DBG rx_done=0 count=0 wr_ptr=6 rd_ptr=6 rx_empty=1 rd_en=0 rd_data=xx
# [5827500000] DBG rx_done=0 count=0 wr_ptr=6 rd_ptr=6 rx_empty=1 rd_en=0 rd_data=xx
# [5828500000] DBG rx_done=0 count=0 wr_ptr=6 rd_ptr=6 rx_empty=1 rd_en=0 rd_data=xx
# [5829500000] DBG rx_done=0 count=0 wr_ptr=6 rd_ptr=6 rx_empty=1 rd_en=0 rd_data=xx
# [5830500000] DBG rx_done=0 count=0 wr_ptr=6 rd_ptr=6 rx_empty=1 rd_en=0 rd_data=xx
# [5831500000] DBG rx_done=0 count=0 wr_ptr=6 rd_ptr=6 rx_empty=1 rd_en=0 rd_data=xx
# [5832500000] DBG rx_done=0 count=0 wr_ptr=6 rd_ptr=6 rx_empty=1 rd_en=0 rd_data=xx
# [5833500000] DBG rx_done=0 count=0 wr_ptr=6 rd_ptr=6 rx_empty=1 rd_en=0 rd_data=xx
# [5834500000] DBG rx_done=0 count=0 wr_ptr=6 rd_ptr=6 rx_empty=1 rd_en=0 rd_data=xx
# [5835500000] DBG rx_done=0 count=0 wr_ptr=6 rd_ptr=6 rx_empty=1 rd_en=0 rd_data=xx
# [5836500000] DBG rx_done=0 count=0 wr_ptr=6 rd_ptr=6 rx_empty=1 rd_en=0 rd_data=xx
# [5837500000] DBG rx_done=0 count=0 wr_ptr=6 rd_ptr=6 rx_empty=1 rd_en=0 rd_data=xx
# [5838500000] DBG rx_done=0 count=0 wr_ptr=6 rd_ptr=6 rx_empty=1 rd_en=0 rd_data=xx
# [5839500000] DBG rx_done=0 count=0 wr_ptr=6 rd_ptr=6 rx_empty=1 rd_en=0 rd_data=xx
# [5840500000] DBG rx_done=0 count=0 wr_ptr=6 rd_ptr=6 rx_empty=1 rd_en=0 rd_data=xx
# [5841500000] DBG rx_done=0 count=0 wr_ptr=6 rd_ptr=6 rx_empty=1 rd_en=0 rd_data=xx
# [5842500000] DBG rx_done=0 count=0 wr_ptr=6 rd_ptr=6 rx_empty=1 rd_en=0 rd_data=xx
# [5843500000] DBG rx_done=0 count=0 wr_ptr=6 rd_ptr=6 rx_empty=1 rd_en=0 rd_data=xx
# [5844500000] DBG rx_done=0 count=0 wr_ptr=6 rd_ptr=6 rx_empty=1 rd_en=0 rd_data=xx
# [5845500000] DBG rx_done=0 count=0 wr_ptr=6 rd_ptr=6 rx_empty=1 rd_en=0 rd_data=xx
# [5846500000] DBG rx_done=0 count=0 wr_ptr=6 rd_ptr=6 rx_empty=1 rd_en=0 rd_data=xx
# [5847500000] DBG rx_done=0 count=0 wr_ptr=6 rd_ptr=6 rx_empty=1 rd_en=0 rd_data=xx
# [5848500000] DBG rx_done=0 count=0 wr_ptr=6 rd_ptr=6 rx_empty=1 rd_en=0 rd_data=xx
# [5849500000] DBG rx_done=0 count=0 wr_ptr=6 rd_ptr=6 rx_empty=1 rd_en=0 rd_data=xx
# [5850500000] DBG rx_done=0 count=0 wr_ptr=6 rd_ptr=6 rx_empty=1 rd_en=0 rd_data=xx
# [5851500000] DBG rx_done=0 count=0 wr_ptr=6 rd_ptr=6 rx_empty=1 rd_en=0 rd_data=xx
# [5852500000] DBG rx_done=0 count=0 wr_ptr=6 rd_ptr=6 rx_empty=1 rd_en=0 rd_data=xx
# [5853500000] DBG rx_done=0 count=0 wr_ptr=6 rd_ptr=6 rx_empty=1 rd_en=0 rd_data=xx
# [5854500000] DBG rx_done=0 count=0 wr_ptr=6 rd_ptr=6 rx_empty=1 rd_en=0 rd_data=xx
# [5855500000] DBG rx_done=0 count=0 wr_ptr=6 rd_ptr=6 rx_empty=1 rd_en=0 rd_data=xx
# [5856500000] DBG rx_done=0 count=0 wr_ptr=6 rd_ptr=6 rx_empty=1 rd_en=0 rd_data=xx
# [5857500000] DBG rx_done=0 count=0 wr_ptr=6 rd_ptr=6 rx_empty=1 rd_en=0 rd_data=xx
# [5858500000] DBG rx_done=0 count=0 wr_ptr=6 rd_ptr=6 rx_empty=1 rd_en=0 rd_data=xx
# [5859500000] DBG rx_done=0 count=0 wr_ptr=6 rd_ptr=6 rx_empty=1 rd_en=0 rd_data=xx
# [5860500000] DBG rx_done=0 count=0 wr_ptr=6 rd_ptr=6 rx_empty=1 rd_en=0 rd_data=xx
# [5861500000] DBG rx_done=0 count=0 wr_ptr=6 rd_ptr=6 rx_empty=1 rd_en=0 rd_data=xx
# [5862500000] DBG rx_done=0 count=0 wr_ptr=6 rd_ptr=6 rx_empty=1 rd_en=0 rd_data=xx
# [5863500000] DBG rx_done=0 count=0 wr_ptr=6 rd_ptr=6 rx_empty=1 rd_en=0 rd_data=xx
# [5864500000] DBG rx_done=0 count=0 wr_ptr=6 rd_ptr=6 rx_empty=1 rd_en=0 rd_data=xx
# [5865500000] DBG rx_done=0 count=0 wr_ptr=6 rd_ptr=6 rx_empty=1 rd_en=0 rd_data=xx
# [5866500000] DBG rx_done=0 count=0 wr_ptr=6 rd_ptr=6 rx_empty=1 rd_en=0 rd_data=xx
# [5867500000] DBG rx_done=0 count=0 wr_ptr=6 rd_ptr=6 rx_empty=1 rd_en=0 rd_data=xx
# [5868500000] DBG rx_done=0 count=0 wr_ptr=6 rd_ptr=6 rx_empty=1 rd_en=0 rd_data=xx
# [5869500000] DBG rx_done=0 count=0 wr_ptr=6 rd_ptr=6 rx_empty=1 rd_en=0 rd_data=xx
# [5870500000] DBG rx_done=0 count=0 wr_ptr=6 rd_ptr=6 rx_empty=1 rd_en=0 rd_data=xx
# [5871500000] DBG rx_done=0 count=0 wr_ptr=6 rd_ptr=6 rx_empty=1 rd_en=0 rd_data=xx
# [5872500000] DBG rx_done=0 count=0 wr_ptr=6 rd_ptr=6 rx_empty=1 rd_en=0 rd_data=xx
# [5873500000] DBG rx_done=0 count=0 wr_ptr=6 rd_ptr=6 rx_empty=1 rd_en=0 rd_data=xx
# [5874500000] DBG rx_done=0 count=0 wr_ptr=6 rd_ptr=6 rx_empty=1 rd_en=0 rd_data=xx
# [5875500000] DBG rx_done=0 count=0 wr_ptr=6 rd_ptr=6 rx_empty=1 rd_en=0 rd_data=xx
# [5876500000] DBG rx_done=0 count=0 wr_ptr=6 rd_ptr=6 rx_empty=1 rd_en=0 rd_data=xx
# [5877500000] DBG rx_done=0 count=0 wr_ptr=6 rd_ptr=6 rx_empty=1 rd_en=0 rd_data=xx
# [5878500000] DBG rx_done=0 count=0 wr_ptr=6 rd_ptr=6 rx_empty=1 rd_en=0 rd_data=xx
# [5879500000] DBG rx_done=0 count=0 wr_ptr=6 rd_ptr=6 rx_empty=1 rd_en=0 rd_data=xx
# [5880500000] DBG rx_done=0 count=0 wr_ptr=6 rd_ptr=6 rx_empty=1 rd_en=0 rd_data=xx
# [5881500000] DBG rx_done=0 count=0 wr_ptr=6 rd_ptr=6 rx_empty=1 rd_en=0 rd_data=xx
# [5882500000] DBG rx_done=0 count=0 wr_ptr=6 rd_ptr=6 rx_empty=1 rd_en=0 rd_data=xx
# [5883500000] DBG rx_done=0 count=0 wr_ptr=6 rd_ptr=6 rx_empty=1 rd_en=0 rd_data=xx
# [5884500000] DBG rx_done=0 count=0 wr_ptr=6 rd_ptr=6 rx_empty=1 rd_en=0 rd_data=xx
# [5885500000] DBG rx_done=0 count=0 wr_ptr=6 rd_ptr=6 rx_empty=1 rd_en=0 rd_data=xx
# [5886500000] DBG rx_done=0 count=0 wr_ptr=6 rd_ptr=6 rx_empty=1 rd_en=0 rd_data=xx
# [5887500000] DBG rx_done=0 count=0 wr_ptr=6 rd_ptr=6 rx_empty=1 rd_en=0 rd_data=xx
# [5888500000] DBG rx_done=0 count=0 wr_ptr=6 rd_ptr=6 rx_empty=1 rd_en=0 rd_data=xx
# [5889500000] DBG rx_done=0 count=0 wr_ptr=6 rd_ptr=6 rx_empty=1 rd_en=0 rd_data=xx
# [5890500000] DBG rx_done=0 count=0 wr_ptr=6 rd_ptr=6 rx_empty=1 rd_en=0 rd_data=xx
# [5891500000] DBG rx_done=0 count=0 wr_ptr=6 rd_ptr=6 rx_empty=1 rd_en=0 rd_data=xx
# [5892500000] DBG rx_done=0 count=0 wr_ptr=6 rd_ptr=6 rx_empty=1 rd_en=0 rd_data=xx
# [5893500000] DBG rx_done=0 count=0 wr_ptr=6 rd_ptr=6 rx_empty=1 rd_en=0 rd_data=xx
# [5894500000] DBG rx_done=0 count=0 wr_ptr=6 rd_ptr=6 rx_empty=1 rd_en=0 rd_data=xx
# [5895500000] DBG rx_done=0 count=0 wr_ptr=6 rd_ptr=6 rx_empty=1 rd_en=0 rd_data=xx
# [5896500000] DBG rx_done=0 count=0 wr_ptr=6 rd_ptr=6 rx_empty=1 rd_en=0 rd_data=xx
# [5897500000] DBG rx_done=0 count=0 wr_ptr=6 rd_ptr=6 rx_empty=1 rd_en=0 rd_data=xx
# [5898500000] DBG rx_done=0 count=0 wr_ptr=6 rd_ptr=6 rx_empty=1 rd_en=0 rd_data=xx
# [5899500000] DBG rx_done=0 count=0 wr_ptr=6 rd_ptr=6 rx_empty=1 rd_en=0 rd_data=xx
# [5900500000] DBG rx_done=0 count=0 wr_ptr=6 rd_ptr=6 rx_empty=1 rd_en=0 rd_data=xx
# [5901500000] DBG rx_done=0 count=0 wr_ptr=6 rd_ptr=6 rx_empty=1 rd_en=0 rd_data=xx
# [5902500000] DBG rx_done=0 count=0 wr_ptr=6 rd_ptr=6 rx_empty=1 rd_en=0 rd_data=xx
# [5903500000] DBG rx_done=0 count=0 wr_ptr=6 rd_ptr=6 rx_empty=1 rd_en=0 rd_data=xx
# [5904500000] DBG rx_done=0 count=0 wr_ptr=6 rd_ptr=6 rx_empty=1 rd_en=0 rd_data=xx
# [5905500000] DBG rx_done=0 count=0 wr_ptr=6 rd_ptr=6 rx_empty=1 rd_en=0 rd_data=xx
# [5906500000] DBG rx_done=0 count=0 wr_ptr=6 rd_ptr=6 rx_empty=1 rd_en=0 rd_data=xx
# [5907500000] DBG rx_done=0 count=0 wr_ptr=6 rd_ptr=6 rx_empty=1 rd_en=0 rd_data=xx
# [5908500000] DBG rx_done=0 count=0 wr_ptr=6 rd_ptr=6 rx_empty=1 rd_en=0 rd_data=xx
# [5909500000] DBG rx_done=0 count=0 wr_ptr=6 rd_ptr=6 rx_empty=1 rd_en=0 rd_data=xx
# [5910500000] DBG rx_done=0 count=0 wr_ptr=6 rd_ptr=6 rx_empty=1 rd_en=0 rd_data=xx
# [5911500000] DBG rx_done=0 count=0 wr_ptr=6 rd_ptr=6 rx_empty=1 rd_en=0 rd_data=xx
# [5912500000] DBG rx_done=0 count=0 wr_ptr=6 rd_ptr=6 rx_empty=1 rd_en=0 rd_data=xx
# [5913500000] DBG rx_done=0 count=0 wr_ptr=6 rd_ptr=6 rx_empty=1 rd_en=0 rd_data=xx
# [5914500000] DBG rx_done=0 count=0 wr_ptr=6 rd_ptr=6 rx_empty=1 rd_en=0 rd_data=xx
# [5915500000] DBG rx_done=0 count=0 wr_ptr=6 rd_ptr=6 rx_empty=1 rd_en=0 rd_data=xx
# [5916500000] DBG rx_done=0 count=0 wr_ptr=6 rd_ptr=6 rx_empty=1 rd_en=0 rd_data=xx
# [5917500000] DBG rx_done=0 count=0 wr_ptr=6 rd_ptr=6 rx_empty=1 rd_en=0 rd_data=xx
# [5918500000] DBG rx_done=0 count=0 wr_ptr=6 rd_ptr=6 rx_empty=1 rd_en=0 rd_data=xx
# [5919500000] DBG rx_done=0 count=0 wr_ptr=6 rd_ptr=6 rx_empty=1 rd_en=0 rd_data=xx
# [5920500000] DBG rx_done=0 count=0 wr_ptr=6 rd_ptr=6 rx_empty=1 rd_en=0 rd_data=xx
# [5921500000] DBG rx_done=0 count=0 wr_ptr=6 rd_ptr=6 rx_empty=1 rd_en=0 rd_data=xx
# [5922500000] DBG rx_done=0 count=0 wr_ptr=6 rd_ptr=6 rx_empty=1 rd_en=0 rd_data=xx
# [5923500000] DBG rx_done=0 count=0 wr_ptr=6 rd_ptr=6 rx_empty=1 rd_en=0 rd_data=xx
# [5924500000] DBG rx_done=0 count=0 wr_ptr=6 rd_ptr=6 rx_empty=1 rd_en=0 rd_data=xx
# [5925500000] DBG rx_done=0 count=0 wr_ptr=6 rd_ptr=6 rx_empty=1 rd_en=0 rd_data=xx
# [5926500000] DBG rx_done=0 count=0 wr_ptr=6 rd_ptr=6 rx_empty=1 rd_en=0 rd_data=xx
# [5927500000] DBG rx_done=0 count=0 wr_ptr=6 rd_ptr=6 rx_empty=1 rd_en=0 rd_data=xx
# [5928500000] DBG rx_done=0 count=0 wr_ptr=6 rd_ptr=6 rx_empty=1 rd_en=0 rd_data=xx
# [5929500000] DBG rx_done=0 count=0 wr_ptr=6 rd_ptr=6 rx_empty=1 rd_en=0 rd_data=xx
# [5930500000] DBG rx_done=0 count=0 wr_ptr=6 rd_ptr=6 rx_empty=1 rd_en=0 rd_data=xx
# [5931500000] DBG rx_done=0 count=0 wr_ptr=6 rd_ptr=6 rx_empty=1 rd_en=0 rd_data=xx
# [5932500000] DBG rx_done=0 count=0 wr_ptr=6 rd_ptr=6 rx_empty=1 rd_en=0 rd_data=xx
# [5933500000] DBG rx_done=0 count=0 wr_ptr=6 rd_ptr=6 rx_empty=1 rd_en=0 rd_data=xx
# [5934500000] DBG rx_done=0 count=0 wr_ptr=6 rd_ptr=6 rx_empty=1 rd_en=0 rd_data=xx
# [5935500000] DBG rx_done=0 count=0 wr_ptr=6 rd_ptr=6 rx_empty=1 rd_en=0 rd_data=xx
# [5936500000] DBG rx_done=0 count=0 wr_ptr=6 rd_ptr=6 rx_empty=1 rd_en=0 rd_data=xx
# [5937500000] DBG rx_done=0 count=0 wr_ptr=6 rd_ptr=6 rx_empty=1 rd_en=0 rd_data=xx
# [5938500000] DBG rx_done=0 count=0 wr_ptr=6 rd_ptr=6 rx_empty=1 rd_en=0 rd_data=xx
# [5939500000] DBG rx_done=0 count=0 wr_ptr=6 rd_ptr=6 rx_empty=1 rd_en=0 rd_data=xx
# [5940500000] DBG rx_done=0 count=0 wr_ptr=6 rd_ptr=6 rx_empty=1 rd_en=0 rd_data=xx
# [5941500000] DBG rx_done=0 count=0 wr_ptr=6 rd_ptr=6 rx_empty=1 rd_en=0 rd_data=xx
# [5942500000] DBG rx_done=0 count=0 wr_ptr=6 rd_ptr=6 rx_empty=1 rd_en=0 rd_data=xx
# [5943500000] DBG rx_done=0 count=0 wr_ptr=6 rd_ptr=6 rx_empty=1 rd_en=0 rd_data=xx
# [5944500000] DBG rx_done=0 count=0 wr_ptr=6 rd_ptr=6 rx_empty=1 rd_en=0 rd_data=xx
# [5945500000] DBG rx_done=0 count=0 wr_ptr=6 rd_ptr=6 rx_empty=1 rd_en=0 rd_data=xx
# [5946500000] DBG rx_done=0 count=0 wr_ptr=6 rd_ptr=6 rx_empty=1 rd_en=0 rd_data=xx
# [5947500000] DBG rx_done=0 count=0 wr_ptr=6 rd_ptr=6 rx_empty=1 rd_en=0 rd_data=xx
# [5948500000] DBG rx_done=0 count=0 wr_ptr=6 rd_ptr=6 rx_empty=1 rd_en=0 rd_data=xx
# [5949500000] DBG rx_done=0 count=0 wr_ptr=6 rd_ptr=6 rx_empty=1 rd_en=0 rd_data=xx
# [5950500000] DBG rx_done=0 count=0 wr_ptr=6 rd_ptr=6 rx_empty=1 rd_en=0 rd_data=xx
# [5951500000] DBG rx_done=0 count=0 wr_ptr=6 rd_ptr=6 rx_empty=1 rd_en=0 rd_data=xx
# [5952500000] DBG rx_done=0 count=0 wr_ptr=6 rd_ptr=6 rx_empty=1 rd_en=0 rd_data=xx
# [5953500000] DBG rx_done=0 count=0 wr_ptr=6 rd_ptr=6 rx_empty=1 rd_en=0 rd_data=xx
# [5954500000] DBG rx_done=0 count=0 wr_ptr=6 rd_ptr=6 rx_empty=1 rd_en=0 rd_data=xx
# [5955500000] DBG rx_done=0 count=0 wr_ptr=6 rd_ptr=6 rx_empty=1 rd_en=0 rd_data=xx
# [5956500000] DBG rx_done=0 count=0 wr_ptr=6 rd_ptr=6 rx_empty=1 rd_en=0 rd_data=xx
# [5957500000] DBG rx_done=0 count=0 wr_ptr=6 rd_ptr=6 rx_empty=1 rd_en=0 rd_data=xx
# [5958500000] DBG rx_done=0 count=0 wr_ptr=6 rd_ptr=6 rx_empty=1 rd_en=0 rd_data=xx
# [5959500000] DBG rx_done=0 count=0 wr_ptr=6 rd_ptr=6 rx_empty=1 rd_en=0 rd_data=xx
# [5960500000] DBG rx_done=0 count=0 wr_ptr=6 rd_ptr=6 rx_empty=1 rd_en=0 rd_data=xx
# [5961500000] DBG rx_done=0 count=0 wr_ptr=6 rd_ptr=6 rx_empty=1 rd_en=0 rd_data=xx
# [5962500000] DBG rx_done=0 count=0 wr_ptr=6 rd_ptr=6 rx_empty=1 rd_en=0 rd_data=xx
# [5963500000] DBG rx_done=0 count=0 wr_ptr=6 rd_ptr=6 rx_empty=1 rd_en=0 rd_data=xx
# [5964500000] DBG rx_done=0 count=0 wr_ptr=6 rd_ptr=6 rx_empty=1 rd_en=0 rd_data=xx
# [5965500000] DBG rx_done=0 count=0 wr_ptr=6 rd_ptr=6 rx_empty=1 rd_en=0 rd_data=xx
# [5966500000] DBG rx_done=0 count=0 wr_ptr=6 rd_ptr=6 rx_empty=1 rd_en=0 rd_data=xx
# [5967500000] DBG rx_done=0 count=0 wr_ptr=6 rd_ptr=6 rx_empty=1 rd_en=0 rd_data=xx
# [5968500000] DBG rx_done=0 count=0 wr_ptr=6 rd_ptr=6 rx_empty=1 rd_en=0 rd_data=xx
# [5969500000] DBG rx_done=0 count=0 wr_ptr=6 rd_ptr=6 rx_empty=1 rd_en=0 rd_data=xx
# [5970500000] DBG rx_done=0 count=0 wr_ptr=6 rd_ptr=6 rx_empty=1 rd_en=0 rd_data=xx
# [5971500000] DBG rx_done=0 count=0 wr_ptr=6 rd_ptr=6 rx_empty=1 rd_en=0 rd_data=xx
# [5972500000] DBG rx_done=0 count=0 wr_ptr=6 rd_ptr=6 rx_empty=1 rd_en=0 rd_data=xx
# [5973500000] DBG rx_done=0 count=0 wr_ptr=6 rd_ptr=6 rx_empty=1 rd_en=0 rd_data=xx
# [5974500000] DBG rx_done=0 count=0 wr_ptr=6 rd_ptr=6 rx_empty=1 rd_en=0 rd_data=xx
# [5975500000] DBG rx_done=0 count=0 wr_ptr=6 rd_ptr=6 rx_empty=1 rd_en=0 rd_data=xx
# [5976500000] DBG rx_done=0 count=0 wr_ptr=6 rd_ptr=6 rx_empty=1 rd_en=0 rd_data=xx
# [5977500000] DBG rx_done=0 count=0 wr_ptr=6 rd_ptr=6 rx_empty=1 rd_en=0 rd_data=xx
# [5978500000] DBG rx_done=0 count=0 wr_ptr=6 rd_ptr=6 rx_empty=1 rd_en=0 rd_data=xx
# [5979500000] DBG rx_done=0 count=0 wr_ptr=6 rd_ptr=6 rx_empty=1 rd_en=0 rd_data=xx
# [5980500000] DBG rx_done=0 count=0 wr_ptr=6 rd_ptr=6 rx_empty=1 rd_en=0 rd_data=xx
# [5981500000] DBG rx_done=0 count=0 wr_ptr=6 rd_ptr=6 rx_empty=1 rd_en=0 rd_data=xx
# [5982500000] DBG rx_done=0 count=0 wr_ptr=6 rd_ptr=6 rx_empty=1 rd_en=0 rd_data=xx
# [5983500000] DBG rx_done=0 count=0 wr_ptr=6 rd_ptr=6 rx_empty=1 rd_en=0 rd_data=xx
# [5984500000] DBG rx_done=0 count=0 wr_ptr=6 rd_ptr=6 rx_empty=1 rd_en=0 rd_data=xx
# [5985500000] DBG rx_done=0 count=0 wr_ptr=6 rd_ptr=6 rx_empty=1 rd_en=0 rd_data=xx
# [5986500000] DBG rx_done=0 count=0 wr_ptr=6 rd_ptr=6 rx_empty=1 rd_en=0 rd_data=xx
# [5987500000] DBG rx_done=0 count=0 wr_ptr=6 rd_ptr=6 rx_empty=1 rd_en=0 rd_data=xx
# [5988500000] DBG rx_done=0 count=0 wr_ptr=6 rd_ptr=6 rx_empty=1 rd_en=0 rd_data=xx
# [5989500000] DBG rx_done=0 count=0 wr_ptr=6 rd_ptr=6 rx_empty=1 rd_en=0 rd_data=xx
# [5990500000] DBG rx_done=0 count=0 wr_ptr=6 rd_ptr=6 rx_empty=1 rd_en=0 rd_data=xx
# [5991500000] DBG rx_done=0 count=0 wr_ptr=6 rd_ptr=6 rx_empty=1 rd_en=0 rd_data=xx
# [5992500000] DBG rx_done=0 count=0 wr_ptr=6 rd_ptr=6 rx_empty=1 rd_en=0 rd_data=xx
# [5993500000] DBG rx_done=0 count=0 wr_ptr=6 rd_ptr=6 rx_empty=1 rd_en=0 rd_data=xx
# [5994500000] DBG rx_done=0 count=0 wr_ptr=6 rd_ptr=6 rx_empty=1 rd_en=0 rd_data=xx
# [5995500000] DBG rx_done=0 count=0 wr_ptr=6 rd_ptr=6 rx_empty=1 rd_en=0 rd_data=xx
# [5996500000] DBG rx_done=0 count=0 wr_ptr=6 rd_ptr=6 rx_empty=1 rd_en=0 rd_data=xx
# [5997500000] DBG rx_done=0 count=0 wr_ptr=6 rd_ptr=6 rx_empty=1 rd_en=0 rd_data=xx
# [5998500000] DBG rx_done=0 count=0 wr_ptr=6 rd_ptr=6 rx_empty=1 rd_en=0 rd_data=xx
# [5999500000] DBG rx_done=0 count=0 wr_ptr=6 rd_ptr=6 rx_empty=1 rd_en=0 rd_data=xx
# [6000500000] DBG rx_done=0 count=0 wr_ptr=6 rd_ptr=6 rx_empty=1 rd_en=0 rd_data=xx
# [6001500000] DBG rx_done=0 count=0 wr_ptr=6 rd_ptr=6 rx_empty=1 rd_en=0 rd_data=xx
# [6002500000] DBG rx_done=0 count=0 wr_ptr=6 rd_ptr=6 rx_empty=1 rd_en=0 rd_data=xx
# [6003500000] DBG rx_done=0 count=0 wr_ptr=6 rd_ptr=6 rx_empty=1 rd_en=0 rd_data=xx
# [6004500000] DBG rx_done=0 count=0 wr_ptr=6 rd_ptr=6 rx_empty=1 rd_en=0 rd_data=xx
# [6005500000] DBG rx_done=0 count=0 wr_ptr=6 rd_ptr=6 rx_empty=1 rd_en=0 rd_data=xx
# [6006500000] DBG rx_done=0 count=0 wr_ptr=6 rd_ptr=6 rx_empty=1 rd_en=0 rd_data=xx
# [6007500000] DBG rx_done=0 count=0 wr_ptr=6 rd_ptr=6 rx_empty=1 rd_en=0 rd_data=xx
# [6008500000] DBG rx_done=0 count=0 wr_ptr=6 rd_ptr=6 rx_empty=1 rd_en=0 rd_data=xx
# [6009500000] DBG rx_done=0 count=0 wr_ptr=6 rd_ptr=6 rx_empty=1 rd_en=0 rd_data=xx
# [6010500000] DBG rx_done=0 count=0 wr_ptr=6 rd_ptr=6 rx_empty=1 rd_en=0 rd_data=xx
# [6011500000] DBG rx_done=0 count=0 wr_ptr=6 rd_ptr=6 rx_empty=1 rd_en=0 rd_data=xx
# [6012500000] DBG rx_done=0 count=0 wr_ptr=6 rd_ptr=6 rx_empty=1 rd_en=0 rd_data=xx
# [6013500000] DBG rx_done=0 count=0 wr_ptr=6 rd_ptr=6 rx_empty=1 rd_en=0 rd_data=xx
# [6014500000] DBG rx_done=0 count=0 wr_ptr=6 rd_ptr=6 rx_empty=1 rd_en=0 rd_data=xx
# [6015500000] DBG rx_done=0 count=0 wr_ptr=6 rd_ptr=6 rx_empty=1 rd_en=0 rd_data=xx
# [6016500000] DBG rx_done=0 count=0 wr_ptr=6 rd_ptr=6 rx_empty=1 rd_en=0 rd_data=xx
# [6017500000] DBG rx_done=0 count=0 wr_ptr=6 rd_ptr=6 rx_empty=1 rd_en=0 rd_data=xx
# [6018500000] DBG rx_done=0 count=0 wr_ptr=6 rd_ptr=6 rx_empty=1 rd_en=0 rd_data=xx
# [6019500000] DBG rx_done=0 count=0 wr_ptr=6 rd_ptr=6 rx_empty=1 rd_en=0 rd_data=xx
# [6020500000] DBG rx_done=0 count=0 wr_ptr=6 rd_ptr=6 rx_empty=1 rd_en=0 rd_data=xx
# [6021500000] DBG rx_done=0 count=0 wr_ptr=6 rd_ptr=6 rx_empty=1 rd_en=0 rd_data=xx
# [6022500000] DBG rx_done=0 count=0 wr_ptr=6 rd_ptr=6 rx_empty=1 rd_en=0 rd_data=xx
# [6023500000] DBG rx_done=0 count=0 wr_ptr=6 rd_ptr=6 rx_empty=1 rd_en=0 rd_data=xx
# [6024500000] DBG rx_done=0 count=0 wr_ptr=6 rd_ptr=6 rx_empty=1 rd_en=0 rd_data=xx
# [6025500000] DBG rx_done=0 count=0 wr_ptr=6 rd_ptr=6 rx_empty=1 rd_en=0 rd_data=xx
# [6026500000] DBG rx_done=0 count=0 wr_ptr=6 rd_ptr=6 rx_empty=1 rd_en=0 rd_data=xx
# [6027500000] DBG rx_done=0 count=0 wr_ptr=6 rd_ptr=6 rx_empty=1 rd_en=0 rd_data=xx
# [6028500000] DBG rx_done=0 count=0 wr_ptr=6 rd_ptr=6 rx_empty=1 rd_en=0 rd_data=xx
# [6029500000] DBG rx_done=0 count=0 wr_ptr=6 rd_ptr=6 rx_empty=1 rd_en=0 rd_data=xx
# [6030500000] DBG rx_done=0 count=0 wr_ptr=6 rd_ptr=6 rx_empty=1 rd_en=0 rd_data=xx
# [6031500000] DBG rx_done=0 count=0 wr_ptr=6 rd_ptr=6 rx_empty=1 rd_en=0 rd_data=xx
# [6032500000] DBG rx_done=0 count=0 wr_ptr=6 rd_ptr=6 rx_empty=1 rd_en=0 rd_data=xx
# [6033500000] DBG rx_done=0 count=0 wr_ptr=6 rd_ptr=6 rx_empty=1 rd_en=0 rd_data=xx
# [6034500000] DBG rx_done=0 count=0 wr_ptr=6 rd_ptr=6 rx_empty=1 rd_en=0 rd_data=xx
# [6035500000] DBG rx_done=0 count=0 wr_ptr=6 rd_ptr=6 rx_empty=1 rd_en=0 rd_data=xx
# [6036500000] DBG rx_done=0 count=0 wr_ptr=6 rd_ptr=6 rx_empty=1 rd_en=0 rd_data=xx
# [6037500000] DBG rx_done=0 count=0 wr_ptr=6 rd_ptr=6 rx_empty=1 rd_en=0 rd_data=xx
# [6038500000] DBG rx_done=0 count=0 wr_ptr=6 rd_ptr=6 rx_empty=1 rd_en=0 rd_data=xx
# [6039500000] DBG rx_done=0 count=0 wr_ptr=6 rd_ptr=6 rx_empty=1 rd_en=0 rd_data=xx
# [6040500000] DBG rx_done=0 count=0 wr_ptr=6 rd_ptr=6 rx_empty=1 rd_en=0 rd_data=xx
# [6041500000] DBG rx_done=0 count=0 wr_ptr=6 rd_ptr=6 rx_empty=1 rd_en=0 rd_data=xx
# [6042500000] DBG rx_done=0 count=0 wr_ptr=6 rd_ptr=6 rx_empty=1 rd_en=0 rd_data=xx
# [6043500000] DBG rx_done=0 count=0 wr_ptr=6 rd_ptr=6 rx_empty=1 rd_en=0 rd_data=xx
# [6044500000] DBG rx_done=0 count=0 wr_ptr=6 rd_ptr=6 rx_empty=1 rd_en=0 rd_data=xx
# [6045500000] DBG rx_done=0 count=0 wr_ptr=6 rd_ptr=6 rx_empty=1 rd_en=0 rd_data=xx
# [6046500000] DBG rx_done=0 count=0 wr_ptr=6 rd_ptr=6 rx_empty=1 rd_en=0 rd_data=xx
# [6047500000] DBG rx_done=0 count=0 wr_ptr=6 rd_ptr=6 rx_empty=1 rd_en=0 rd_data=xx
# [6048500000] DBG rx_done=0 count=0 wr_ptr=6 rd_ptr=6 rx_empty=1 rd_en=0 rd_data=xx
# [6049500000] DBG rx_done=0 count=0 wr_ptr=6 rd_ptr=6 rx_empty=1 rd_en=0 rd_data=xx
# [6050500000] DBG rx_done=0 count=0 wr_ptr=6 rd_ptr=6 rx_empty=1 rd_en=0 rd_data=xx
# [6051500000] DBG rx_done=0 count=0 wr_ptr=6 rd_ptr=6 rx_empty=1 rd_en=0 rd_data=xx
# [6052500000] DBG rx_done=0 count=0 wr_ptr=6 rd_ptr=6 rx_empty=1 rd_en=0 rd_data=xx
# [6053500000] DBG rx_done=0 count=0 wr_ptr=6 rd_ptr=6 rx_empty=1 rd_en=0 rd_data=xx
# [6054500000] DBG rx_done=0 count=0 wr_ptr=6 rd_ptr=6 rx_empty=1 rd_en=0 rd_data=xx
# [6055500000] DBG rx_done=0 count=0 wr_ptr=6 rd_ptr=6 rx_empty=1 rd_en=0 rd_data=xx
# [6056500000] DBG rx_done=0 count=0 wr_ptr=6 rd_ptr=6 rx_empty=1 rd_en=0 rd_data=xx
# [6057500000] DBG rx_done=0 count=0 wr_ptr=6 rd_ptr=6 rx_empty=1 rd_en=0 rd_data=xx
# [6058500000] DBG rx_done=0 count=0 wr_ptr=6 rd_ptr=6 rx_empty=1 rd_en=0 rd_data=xx
# [6059500000] DBG rx_done=0 count=0 wr_ptr=6 rd_ptr=6 rx_empty=1 rd_en=0 rd_data=xx
# [6060500000] DBG rx_done=0 count=0 wr_ptr=6 rd_ptr=6 rx_empty=1 rd_en=0 rd_data=xx
# [6061500000] DBG rx_done=0 count=0 wr_ptr=6 rd_ptr=6 rx_empty=1 rd_en=0 rd_data=xx
# [6062500000] DBG rx_done=0 count=0 wr_ptr=6 rd_ptr=6 rx_empty=1 rd_en=0 rd_data=xx
# [6063500000] DBG rx_done=0 count=0 wr_ptr=6 rd_ptr=6 rx_empty=1 rd_en=0 rd_data=xx
# [6064500000] DBG rx_done=0 count=0 wr_ptr=6 rd_ptr=6 rx_empty=1 rd_en=0 rd_data=xx
# [6065500000] DBG rx_done=0 count=0 wr_ptr=6 rd_ptr=6 rx_empty=1 rd_en=0 rd_data=xx
# [6066500000] DBG rx_done=0 count=0 wr_ptr=6 rd_ptr=6 rx_empty=1 rd_en=0 rd_data=xx
# [6067500000] DBG rx_done=0 count=0 wr_ptr=6 rd_ptr=6 rx_empty=1 rd_en=0 rd_data=xx
# [6068500000] DBG rx_done=0 count=0 wr_ptr=6 rd_ptr=6 rx_empty=1 rd_en=0 rd_data=xx
# [6069500000] DBG rx_done=0 count=0 wr_ptr=6 rd_ptr=6 rx_empty=1 rd_en=0 rd_data=xx
# [6070500000] DBG rx_done=0 count=0 wr_ptr=6 rd_ptr=6 rx_empty=1 rd_en=0 rd_data=xx
# [6071500000] DBG rx_done=0 count=0 wr_ptr=6 rd_ptr=6 rx_empty=1 rd_en=0 rd_data=xx
# [6072500000] DBG rx_done=0 count=0 wr_ptr=6 rd_ptr=6 rx_empty=1 rd_en=0 rd_data=xx
# [6073500000] DBG rx_done=0 count=0 wr_ptr=6 rd_ptr=6 rx_empty=1 rd_en=0 rd_data=xx
# [6074500000] DBG rx_done=0 count=0 wr_ptr=6 rd_ptr=6 rx_empty=1 rd_en=0 rd_data=xx
# [6075500000] DBG rx_done=0 count=0 wr_ptr=6 rd_ptr=6 rx_empty=1 rd_en=0 rd_data=xx
# [6076500000] DBG rx_done=0 count=0 wr_ptr=6 rd_ptr=6 rx_empty=1 rd_en=0 rd_data=xx
# [6077500000] DBG rx_done=0 count=0 wr_ptr=6 rd_ptr=6 rx_empty=1 rd_en=0 rd_data=xx
# [6078500000] DBG rx_done=0 count=0 wr_ptr=6 rd_ptr=6 rx_empty=1 rd_en=0 rd_data=xx
# [6079500000] DBG rx_done=0 count=0 wr_ptr=6 rd_ptr=6 rx_empty=1 rd_en=0 rd_data=xx
# [6080500000] DBG rx_done=0 count=0 wr_ptr=6 rd_ptr=6 rx_empty=1 rd_en=0 rd_data=xx
# [6081500000] DBG rx_done=0 count=0 wr_ptr=6 rd_ptr=6 rx_empty=1 rd_en=0 rd_data=xx
# [6082500000] DBG rx_done=0 count=0 wr_ptr=6 rd_ptr=6 rx_empty=1 rd_en=0 rd_data=xx
# [6083500000] DBG rx_done=0 count=0 wr_ptr=6 rd_ptr=6 rx_empty=1 rd_en=0 rd_data=xx
# [6084500000] DBG rx_done=0 count=0 wr_ptr=6 rd_ptr=6 rx_empty=1 rd_en=0 rd_data=xx
# [6085500000] DBG rx_done=0 count=0 wr_ptr=6 rd_ptr=6 rx_empty=1 rd_en=0 rd_data=xx
# [6086500000] DBG rx_done=0 count=0 wr_ptr=6 rd_ptr=6 rx_empty=1 rd_en=0 rd_data=xx
# [6087500000] DBG rx_done=0 count=0 wr_ptr=6 rd_ptr=6 rx_empty=1 rd_en=0 rd_data=xx
# [6088500000] DBG rx_done=0 count=0 wr_ptr=6 rd_ptr=6 rx_empty=1 rd_en=0 rd_data=xx
# [6089500000] DBG rx_done=0 count=0 wr_ptr=6 rd_ptr=6 rx_empty=1 rd_en=0 rd_data=xx
# [6090500000] DBG rx_done=0 count=0 wr_ptr=6 rd_ptr=6 rx_empty=1 rd_en=0 rd_data=xx
# [6091500000] DBG rx_done=0 count=0 wr_ptr=6 rd_ptr=6 rx_empty=1 rd_en=0 rd_data=xx
# [6092500000] DBG rx_done=0 count=0 wr_ptr=6 rd_ptr=6 rx_empty=1 rd_en=0 rd_data=xx
# [6093500000] DBG rx_done=0 count=0 wr_ptr=6 rd_ptr=6 rx_empty=1 rd_en=0 rd_data=xx
# [6094500000] DBG rx_done=0 count=0 wr_ptr=6 rd_ptr=6 rx_empty=1 rd_en=0 rd_data=xx
# [6095500000] DBG rx_done=0 count=0 wr_ptr=6 rd_ptr=6 rx_empty=1 rd_en=0 rd_data=xx
# [6096500000] DBG rx_done=0 count=0 wr_ptr=6 rd_ptr=6 rx_empty=1 rd_en=0 rd_data=xx
# [6097500000] DBG rx_done=0 count=0 wr_ptr=6 rd_ptr=6 rx_empty=1 rd_en=0 rd_data=xx
# [6098500000] DBG rx_done=0 count=0 wr_ptr=6 rd_ptr=6 rx_empty=1 rd_en=0 rd_data=xx
# [6099500000] DBG rx_done=0 count=0 wr_ptr=6 rd_ptr=6 rx_empty=1 rd_en=0 rd_data=xx
# [6100500000] DBG rx_done=0 count=0 wr_ptr=6 rd_ptr=6 rx_empty=1 rd_en=0 rd_data=xx
# [6101500000] DBG rx_done=0 count=0 wr_ptr=6 rd_ptr=6 rx_empty=1 rd_en=0 rd_data=xx
# [6102500000] DBG rx_done=0 count=0 wr_ptr=6 rd_ptr=6 rx_empty=1 rd_en=0 rd_data=xx
# [6103500000] DBG rx_done=0 count=0 wr_ptr=6 rd_ptr=6 rx_empty=1 rd_en=0 rd_data=xx
# [6104500000] DBG rx_done=0 count=0 wr_ptr=6 rd_ptr=6 rx_empty=1 rd_en=0 rd_data=xx
# [6105500000] DBG rx_done=0 count=0 wr_ptr=6 rd_ptr=6 rx_empty=1 rd_en=0 rd_data=xx
# [6106500000] DBG rx_done=0 count=0 wr_ptr=6 rd_ptr=6 rx_empty=1 rd_en=0 rd_data=xx
# [6107500000] DBG rx_done=0 count=0 wr_ptr=6 rd_ptr=6 rx_empty=1 rd_en=0 rd_data=xx
# [6108500000] DBG rx_done=0 count=0 wr_ptr=6 rd_ptr=6 rx_empty=1 rd_en=0 rd_data=xx
# [6109500000] DBG rx_done=0 count=0 wr_ptr=6 rd_ptr=6 rx_empty=1 rd_en=0 rd_data=xx
# [6110500000] DBG rx_done=0 count=0 wr_ptr=6 rd_ptr=6 rx_empty=1 rd_en=0 rd_data=xx
# [6111500000] DBG rx_done=0 count=0 wr_ptr=6 rd_ptr=6 rx_empty=1 rd_en=0 rd_data=xx
# [6112500000] DBG rx_done=0 count=0 wr_ptr=6 rd_ptr=6 rx_empty=1 rd_en=0 rd_data=xx
# [6113500000] DBG rx_done=0 count=0 wr_ptr=6 rd_ptr=6 rx_empty=1 rd_en=0 rd_data=xx
# [6114500000] DBG rx_done=0 count=0 wr_ptr=6 rd_ptr=6 rx_empty=1 rd_en=0 rd_data=xx
# [6115500000] DBG rx_done=0 count=0 wr_ptr=6 rd_ptr=6 rx_empty=1 rd_en=0 rd_data=xx
# [6116500000] DBG rx_done=0 count=0 wr_ptr=6 rd_ptr=6 rx_empty=1 rd_en=0 rd_data=xx
# [6117500000] DBG rx_done=0 count=0 wr_ptr=6 rd_ptr=6 rx_empty=1 rd_en=0 rd_data=xx
# [6118500000] DBG rx_done=0 count=0 wr_ptr=6 rd_ptr=6 rx_empty=1 rd_en=0 rd_data=xx
# [6119500000] DBG rx_done=0 count=0 wr_ptr=6 rd_ptr=6 rx_empty=1 rd_en=0 rd_data=xx
# [6120500000] DBG rx_done=0 count=0 wr_ptr=6 rd_ptr=6 rx_empty=1 rd_en=0 rd_data=xx
# [6121500000] DBG rx_done=0 count=0 wr_ptr=6 rd_ptr=6 rx_empty=1 rd_en=0 rd_data=xx
# [6122500000] DBG rx_done=0 count=0 wr_ptr=6 rd_ptr=6 rx_empty=1 rd_en=0 rd_data=xx
# [6123500000] DBG rx_done=0 count=0 wr_ptr=6 rd_ptr=6 rx_empty=1 rd_en=0 rd_data=xx
# [6124500000] DBG rx_done=0 count=0 wr_ptr=6 rd_ptr=6 rx_empty=1 rd_en=0 rd_data=xx
# [6125500000] DBG rx_done=0 count=0 wr_ptr=6 rd_ptr=6 rx_empty=1 rd_en=0 rd_data=xx
# [6126500000] DBG rx_done=0 count=0 wr_ptr=6 rd_ptr=6 rx_empty=1 rd_en=0 rd_data=xx
# [6127500000] DBG rx_done=0 count=0 wr_ptr=6 rd_ptr=6 rx_empty=1 rd_en=0 rd_data=xx
# [6128500000] DBG rx_done=0 count=0 wr_ptr=6 rd_ptr=6 rx_empty=1 rd_en=0 rd_data=xx
# [6129500000] DBG rx_done=0 count=0 wr_ptr=6 rd_ptr=6 rx_empty=1 rd_en=0 rd_data=xx
# [6130500000] DBG rx_done=0 count=0 wr_ptr=6 rd_ptr=6 rx_empty=1 rd_en=0 rd_data=xx
# [6131500000] DBG rx_done=0 count=0 wr_ptr=6 rd_ptr=6 rx_empty=1 rd_en=0 rd_data=xx
# [6132500000] DBG rx_done=0 count=0 wr_ptr=6 rd_ptr=6 rx_empty=1 rd_en=0 rd_data=xx
# [6133500000] DBG rx_done=0 count=0 wr_ptr=6 rd_ptr=6 rx_empty=1 rd_en=0 rd_data=xx
# [6134500000] DBG rx_done=0 count=0 wr_ptr=6 rd_ptr=6 rx_empty=1 rd_en=0 rd_data=xx
# [6135500000] DBG rx_done=0 count=0 wr_ptr=6 rd_ptr=6 rx_empty=1 rd_en=0 rd_data=xx
# [6136500000] DBG rx_done=0 count=0 wr_ptr=6 rd_ptr=6 rx_empty=1 rd_en=0 rd_data=xx
# [6137500000] DBG rx_done=0 count=0 wr_ptr=6 rd_ptr=6 rx_empty=1 rd_en=0 rd_data=xx
# [6138500000] DBG rx_done=0 count=0 wr_ptr=6 rd_ptr=6 rx_empty=1 rd_en=0 rd_data=xx
# [6139500000] DBG rx_done=0 count=0 wr_ptr=6 rd_ptr=6 rx_empty=1 rd_en=0 rd_data=xx
# [6140500000] DBG rx_done=0 count=0 wr_ptr=6 rd_ptr=6 rx_empty=1 rd_en=0 rd_data=xx
# [6141500000] DBG rx_done=0 count=0 wr_ptr=6 rd_ptr=6 rx_empty=1 rd_en=0 rd_data=xx
# [6142500000] DBG rx_done=0 count=0 wr_ptr=6 rd_ptr=6 rx_empty=1 rd_en=0 rd_data=xx
# [6143500000] DBG rx_done=0 count=0 wr_ptr=6 rd_ptr=6 rx_empty=1 rd_en=0 rd_data=xx
# [6144500000] DBG rx_done=0 count=0 wr_ptr=6 rd_ptr=6 rx_empty=1 rd_en=0 rd_data=xx
# [6145500000] DBG rx_done=0 count=0 wr_ptr=6 rd_ptr=6 rx_empty=1 rd_en=0 rd_data=xx
# [6146500000] DBG rx_done=0 count=0 wr_ptr=6 rd_ptr=6 rx_empty=1 rd_en=0 rd_data=xx
# [6147500000] DBG rx_done=0 count=0 wr_ptr=6 rd_ptr=6 rx_empty=1 rd_en=0 rd_data=xx
# [6148500000] DBG rx_done=0 count=0 wr_ptr=6 rd_ptr=6 rx_empty=1 rd_en=0 rd_data=xx
# [6149500000] DBG rx_done=0 count=0 wr_ptr=6 rd_ptr=6 rx_empty=1 rd_en=0 rd_data=xx
# [6150500000] DBG rx_done=0 count=0 wr_ptr=6 rd_ptr=6 rx_empty=1 rd_en=0 rd_data=xx
# [6151500000] DBG rx_done=0 count=0 wr_ptr=6 rd_ptr=6 rx_empty=1 rd_en=0 rd_data=xx
# [6152500000] DBG rx_done=0 count=0 wr_ptr=6 rd_ptr=6 rx_empty=1 rd_en=0 rd_data=xx
# [6153500000] DBG rx_done=0 count=0 wr_ptr=6 rd_ptr=6 rx_empty=1 rd_en=0 rd_data=xx
# [6154500000] DBG rx_done=0 count=0 wr_ptr=6 rd_ptr=6 rx_empty=1 rd_en=0 rd_data=xx
# [6155500000] DBG rx_done=0 count=0 wr_ptr=6 rd_ptr=6 rx_empty=1 rd_en=0 rd_data=xx
# [6156500000] DBG rx_done=0 count=0 wr_ptr=6 rd_ptr=6 rx_empty=1 rd_en=0 rd_data=xx
# [6157500000] DBG rx_done=0 count=0 wr_ptr=6 rd_ptr=6 rx_empty=1 rd_en=0 rd_data=xx
# [6158500000] DBG rx_done=0 count=0 wr_ptr=6 rd_ptr=6 rx_empty=1 rd_en=0 rd_data=xx
# [6159500000] DBG rx_done=0 count=0 wr_ptr=6 rd_ptr=6 rx_empty=1 rd_en=0 rd_data=xx
# [6160500000] DBG rx_done=0 count=0 wr_ptr=6 rd_ptr=6 rx_empty=1 rd_en=0 rd_data=xx
# [6161500000] DBG rx_done=0 count=0 wr_ptr=6 rd_ptr=6 rx_empty=1 rd_en=0 rd_data=xx
# [6162500000] DBG rx_done=0 count=0 wr_ptr=6 rd_ptr=6 rx_empty=1 rd_en=0 rd_data=xx
# [6163500000] DBG rx_done=0 count=0 wr_ptr=6 rd_ptr=6 rx_empty=1 rd_en=0 rd_data=xx
# [6164500000] DBG rx_done=0 count=0 wr_ptr=6 rd_ptr=6 rx_empty=1 rd_en=0 rd_data=xx
# [6165500000] DBG rx_done=0 count=0 wr_ptr=6 rd_ptr=6 rx_empty=1 rd_en=0 rd_data=xx
# [6166500000] DBG rx_done=0 count=0 wr_ptr=6 rd_ptr=6 rx_empty=1 rd_en=0 rd_data=xx
# [6167500000] DBG rx_done=0 count=0 wr_ptr=6 rd_ptr=6 rx_empty=1 rd_en=0 rd_data=xx
# [6168500000] DBG rx_done=0 count=0 wr_ptr=6 rd_ptr=6 rx_empty=1 rd_en=0 rd_data=xx
# [6169500000] DBG rx_done=0 count=0 wr_ptr=6 rd_ptr=6 rx_empty=1 rd_en=0 rd_data=xx
# [6170500000] DBG rx_done=0 count=0 wr_ptr=6 rd_ptr=6 rx_empty=1 rd_en=0 rd_data=xx
# [6171500000] DBG rx_done=0 count=0 wr_ptr=6 rd_ptr=6 rx_empty=1 rd_en=0 rd_data=xx
# [6172500000] DBG rx_done=0 count=0 wr_ptr=6 rd_ptr=6 rx_empty=1 rd_en=0 rd_data=xx
# [6173500000] DBG rx_done=0 count=0 wr_ptr=6 rd_ptr=6 rx_empty=1 rd_en=0 rd_data=xx
# [6174500000] DBG rx_done=0 count=0 wr_ptr=6 rd_ptr=6 rx_empty=1 rd_en=0 rd_data=xx
# [6175500000] DBG rx_done=0 count=0 wr_ptr=6 rd_ptr=6 rx_empty=1 rd_en=0 rd_data=xx
# [6176500000] DBG rx_done=0 count=0 wr_ptr=6 rd_ptr=6 rx_empty=1 rd_en=0 rd_data=xx
# [6177500000] DBG rx_done=0 count=0 wr_ptr=6 rd_ptr=6 rx_empty=1 rd_en=0 rd_data=xx
# [6178500000] DBG rx_done=0 count=0 wr_ptr=6 rd_ptr=6 rx_empty=1 rd_en=0 rd_data=xx
# [6179500000] DBG rx_done=0 count=0 wr_ptr=6 rd_ptr=6 rx_empty=1 rd_en=0 rd_data=xx
# [6180500000] DBG rx_done=0 count=0 wr_ptr=6 rd_ptr=6 rx_empty=1 rd_en=0 rd_data=xx
# [6181500000] DBG rx_done=0 count=0 wr_ptr=6 rd_ptr=6 rx_empty=1 rd_en=0 rd_data=xx
# [6182500000] DBG rx_done=0 count=0 wr_ptr=6 rd_ptr=6 rx_empty=1 rd_en=0 rd_data=xx
# [6183500000] DBG rx_done=0 count=0 wr_ptr=6 rd_ptr=6 rx_empty=1 rd_en=0 rd_data=xx
# [6184500000] DBG rx_done=0 count=0 wr_ptr=6 rd_ptr=6 rx_empty=1 rd_en=0 rd_data=xx
# [6185500000] DBG rx_done=0 count=0 wr_ptr=6 rd_ptr=6 rx_empty=1 rd_en=0 rd_data=xx
# [6186500000] DBG rx_done=0 count=0 wr_ptr=6 rd_ptr=6 rx_empty=1 rd_en=0 rd_data=xx
# [6187500000] DBG rx_done=0 count=0 wr_ptr=6 rd_ptr=6 rx_empty=1 rd_en=0 rd_data=xx
# [6188500000] DBG rx_done=0 count=0 wr_ptr=6 rd_ptr=6 rx_empty=1 rd_en=0 rd_data=xx
# [6189500000] DBG rx_done=0 count=0 wr_ptr=6 rd_ptr=6 rx_empty=1 rd_en=0 rd_data=xx
# [6190500000] DBG rx_done=0 count=0 wr_ptr=6 rd_ptr=6 rx_empty=1 rd_en=0 rd_data=xx
# [6191500000] DBG rx_done=0 count=0 wr_ptr=6 rd_ptr=6 rx_empty=1 rd_en=0 rd_data=xx
# [6192500000] DBG rx_done=0 count=0 wr_ptr=6 rd_ptr=6 rx_empty=1 rd_en=0 rd_data=xx
# [6193500000] DBG rx_done=0 count=0 wr_ptr=6 rd_ptr=6 rx_empty=1 rd_en=0 rd_data=xx
# [6194500000] DBG rx_done=0 count=0 wr_ptr=6 rd_ptr=6 rx_empty=1 rd_en=0 rd_data=xx
# [6195500000] DBG rx_done=0 count=0 wr_ptr=6 rd_ptr=6 rx_empty=1 rd_en=0 rd_data=xx
# [6196500000] DBG rx_done=0 count=0 wr_ptr=6 rd_ptr=6 rx_empty=1 rd_en=0 rd_data=xx
# [6197500000] DBG rx_done=0 count=0 wr_ptr=6 rd_ptr=6 rx_empty=1 rd_en=0 rd_data=xx
# [6198500000] DBG rx_done=0 count=0 wr_ptr=6 rd_ptr=6 rx_empty=1 rd_en=0 rd_data=xx
# [6199500000] DBG rx_done=0 count=0 wr_ptr=6 rd_ptr=6 rx_empty=1 rd_en=0 rd_data=xx
# [6200500000] DBG rx_done=0 count=0 wr_ptr=6 rd_ptr=6 rx_empty=1 rd_en=0 rd_data=xx
# [6201500000] DBG rx_done=0 count=0 wr_ptr=6 rd_ptr=6 rx_empty=1 rd_en=0 rd_data=xx
# [6202500000] DBG rx_done=0 count=0 wr_ptr=6 rd_ptr=6 rx_empty=1 rd_en=0 rd_data=xx
# [6203500000] DBG rx_done=0 count=0 wr_ptr=6 rd_ptr=6 rx_empty=1 rd_en=0 rd_data=xx
# [6204500000] DBG rx_done=0 count=0 wr_ptr=6 rd_ptr=6 rx_empty=1 rd_en=0 rd_data=xx
# [6205500000] DBG rx_done=0 count=0 wr_ptr=6 rd_ptr=6 rx_empty=1 rd_en=0 rd_data=xx
# [6206500000] DBG rx_done=0 count=0 wr_ptr=6 rd_ptr=6 rx_empty=1 rd_en=0 rd_data=xx
# [6207500000] DBG rx_done=0 count=0 wr_ptr=6 rd_ptr=6 rx_empty=1 rd_en=0 rd_data=xx
# [6208500000] DBG rx_done=0 count=0 wr_ptr=6 rd_ptr=6 rx_empty=1 rd_en=0 rd_data=xx
# [6209500000] DBG rx_done=0 count=0 wr_ptr=6 rd_ptr=6 rx_empty=1 rd_en=0 rd_data=xx
# [6210500000] DBG rx_done=0 count=0 wr_ptr=6 rd_ptr=6 rx_empty=1 rd_en=0 rd_data=xx
# [6211500000] DBG rx_done=0 count=0 wr_ptr=6 rd_ptr=6 rx_empty=1 rd_en=0 rd_data=xx
# [6212500000] DBG rx_done=0 count=0 wr_ptr=6 rd_ptr=6 rx_empty=1 rd_en=0 rd_data=xx
# [6213500000] DBG rx_done=0 count=0 wr_ptr=6 rd_ptr=6 rx_empty=1 rd_en=0 rd_data=xx
# [6214500000] DBG rx_done=0 count=0 wr_ptr=6 rd_ptr=6 rx_empty=1 rd_en=0 rd_data=xx
# [6215500000] DBG rx_done=0 count=0 wr_ptr=6 rd_ptr=6 rx_empty=1 rd_en=0 rd_data=xx
# [6216500000] DBG rx_done=0 count=0 wr_ptr=6 rd_ptr=6 rx_empty=1 rd_en=0 rd_data=xx
# [6217500000] DBG rx_done=0 count=0 wr_ptr=6 rd_ptr=6 rx_empty=1 rd_en=0 rd_data=xx
# [6218500000] DBG rx_done=0 count=0 wr_ptr=6 rd_ptr=6 rx_empty=1 rd_en=0 rd_data=xx
# [6219500000] DBG rx_done=0 count=0 wr_ptr=6 rd_ptr=6 rx_empty=1 rd_en=0 rd_data=xx
# [6220500000] DBG rx_done=0 count=0 wr_ptr=6 rd_ptr=6 rx_empty=1 rd_en=0 rd_data=xx
# [6221500000] DBG rx_done=0 count=0 wr_ptr=6 rd_ptr=6 rx_empty=1 rd_en=0 rd_data=xx
# [6222500000] DBG rx_done=0 count=0 wr_ptr=6 rd_ptr=6 rx_empty=1 rd_en=0 rd_data=xx
# [6223500000] DBG rx_done=0 count=0 wr_ptr=6 rd_ptr=6 rx_empty=1 rd_en=0 rd_data=xx
# [6224500000] DBG rx_done=0 count=0 wr_ptr=6 rd_ptr=6 rx_empty=1 rd_en=0 rd_data=xx
# [6225500000] DBG rx_done=0 count=0 wr_ptr=6 rd_ptr=6 rx_empty=1 rd_en=0 rd_data=xx
# [6226500000] DBG rx_done=0 count=0 wr_ptr=6 rd_ptr=6 rx_empty=1 rd_en=0 rd_data=xx
# [6227500000] DBG rx_done=0 count=0 wr_ptr=6 rd_ptr=6 rx_empty=1 rd_en=0 rd_data=xx
# [6228500000] DBG rx_done=0 count=0 wr_ptr=6 rd_ptr=6 rx_empty=1 rd_en=0 rd_data=xx
# [6229500000] DBG rx_done=0 count=0 wr_ptr=6 rd_ptr=6 rx_empty=1 rd_en=0 rd_data=xx
# [6230500000] DBG rx_done=0 count=0 wr_ptr=6 rd_ptr=6 rx_empty=1 rd_en=0 rd_data=xx
# [6231500000] DBG rx_done=0 count=0 wr_ptr=6 rd_ptr=6 rx_empty=1 rd_en=0 rd_data=xx
# [6232500000] DBG rx_done=0 count=0 wr_ptr=6 rd_ptr=6 rx_empty=1 rd_en=0 rd_data=xx
# [6233500000] DBG rx_done=0 count=0 wr_ptr=6 rd_ptr=6 rx_empty=1 rd_en=0 rd_data=xx
# [6234500000] DBG rx_done=0 count=0 wr_ptr=6 rd_ptr=6 rx_empty=1 rd_en=0 rd_data=xx
# [6235500000] DBG rx_done=0 count=0 wr_ptr=6 rd_ptr=6 rx_empty=1 rd_en=0 rd_data=xx
# [6236500000] DBG rx_done=0 count=0 wr_ptr=6 rd_ptr=6 rx_empty=1 rd_en=0 rd_data=xx
# [6237500000] DBG rx_done=0 count=0 wr_ptr=6 rd_ptr=6 rx_empty=1 rd_en=0 rd_data=xx
# [6238500000] DBG rx_done=0 count=0 wr_ptr=6 rd_ptr=6 rx_empty=1 rd_en=0 rd_data=xx
# [6239500000] DBG rx_done=0 count=0 wr_ptr=6 rd_ptr=6 rx_empty=1 rd_en=0 rd_data=xx
# [6240500000] DBG rx_done=0 count=0 wr_ptr=6 rd_ptr=6 rx_empty=1 rd_en=0 rd_data=xx
# [6241500000] DBG rx_done=0 count=0 wr_ptr=6 rd_ptr=6 rx_empty=1 rd_en=0 rd_data=xx
# [6242500000] DBG rx_done=0 count=0 wr_ptr=6 rd_ptr=6 rx_empty=1 rd_en=0 rd_data=xx
# [6243500000] DBG rx_done=0 count=0 wr_ptr=6 rd_ptr=6 rx_empty=1 rd_en=0 rd_data=xx
# [6244500000] DBG rx_done=0 count=0 wr_ptr=6 rd_ptr=6 rx_empty=1 rd_en=0 rd_data=xx
# [6245500000] DBG rx_done=0 count=0 wr_ptr=6 rd_ptr=6 rx_empty=1 rd_en=0 rd_data=xx
# [6246500000] DBG rx_done=0 count=0 wr_ptr=6 rd_ptr=6 rx_empty=1 rd_en=0 rd_data=xx
# [6247500000] DBG rx_done=0 count=0 wr_ptr=6 rd_ptr=6 rx_empty=1 rd_en=0 rd_data=xx
# [6248500000] DBG rx_done=0 count=0 wr_ptr=6 rd_ptr=6 rx_empty=1 rd_en=0 rd_data=xx
# [6249500000] DBG rx_done=0 count=0 wr_ptr=6 rd_ptr=6 rx_empty=1 rd_en=0 rd_data=xx
# [6250500000] DBG rx_done=0 count=0 wr_ptr=6 rd_ptr=6 rx_empty=1 rd_en=0 rd_data=xx
# [6251500000] DBG rx_done=0 count=0 wr_ptr=6 rd_ptr=6 rx_empty=1 rd_en=0 rd_data=xx
# [6252500000] DBG rx_done=0 count=0 wr_ptr=6 rd_ptr=6 rx_empty=1 rd_en=0 rd_data=xx
# [6253500000] DBG rx_done=0 count=0 wr_ptr=6 rd_ptr=6 rx_empty=1 rd_en=0 rd_data=xx
# [6254500000] DBG rx_done=0 count=0 wr_ptr=6 rd_ptr=6 rx_empty=1 rd_en=0 rd_data=xx
# [6255500000] DBG rx_done=0 count=0 wr_ptr=6 rd_ptr=6 rx_empty=1 rd_en=0 rd_data=xx
# [6256500000] DBG rx_done=0 count=0 wr_ptr=6 rd_ptr=6 rx_empty=1 rd_en=0 rd_data=xx
# [6257500000] DBG rx_done=0 count=0 wr_ptr=6 rd_ptr=6 rx_empty=1 rd_en=0 rd_data=xx
# [6258500000] DBG rx_done=0 count=0 wr_ptr=6 rd_ptr=6 rx_empty=1 rd_en=0 rd_data=xx
# [6259500000] DBG rx_done=0 count=0 wr_ptr=6 rd_ptr=6 rx_empty=1 rd_en=0 rd_data=xx
# [6260500000] DBG rx_done=0 count=0 wr_ptr=6 rd_ptr=6 rx_empty=1 rd_en=0 rd_data=xx
# [6261500000] DBG rx_done=0 count=0 wr_ptr=6 rd_ptr=6 rx_empty=1 rd_en=0 rd_data=xx
# [6262500000] DBG rx_done=0 count=0 wr_ptr=6 rd_ptr=6 rx_empty=1 rd_en=0 rd_data=xx
# [6263500000] DBG rx_done=0 count=0 wr_ptr=6 rd_ptr=6 rx_empty=1 rd_en=0 rd_data=xx
# [6264500000] DBG rx_done=0 count=0 wr_ptr=6 rd_ptr=6 rx_empty=1 rd_en=0 rd_data=xx
# [6265500000] DBG rx_done=0 count=0 wr_ptr=6 rd_ptr=6 rx_empty=1 rd_en=0 rd_data=xx
# [6266500000] DBG rx_done=0 count=0 wr_ptr=6 rd_ptr=6 rx_empty=1 rd_en=0 rd_data=xx
# [6267500000] DBG rx_done=0 count=0 wr_ptr=6 rd_ptr=6 rx_empty=1 rd_en=0 rd_data=xx
# [6268500000] DBG rx_done=0 count=0 wr_ptr=6 rd_ptr=6 rx_empty=1 rd_en=0 rd_data=xx
# [6269500000] DBG rx_done=0 count=0 wr_ptr=6 rd_ptr=6 rx_empty=1 rd_en=0 rd_data=xx
# [6270500000] DBG rx_done=0 count=0 wr_ptr=6 rd_ptr=6 rx_empty=1 rd_en=0 rd_data=xx
# [6271500000] DBG rx_done=0 count=0 wr_ptr=6 rd_ptr=6 rx_empty=1 rd_en=0 rd_data=xx
# [6272500000] DBG rx_done=0 count=0 wr_ptr=6 rd_ptr=6 rx_empty=1 rd_en=0 rd_data=xx
# [6273500000] DBG rx_done=0 count=0 wr_ptr=6 rd_ptr=6 rx_empty=1 rd_en=0 rd_data=xx
# [6274500000] DBG rx_done=0 count=0 wr_ptr=6 rd_ptr=6 rx_empty=1 rd_en=0 rd_data=xx
# [6275500000] DBG rx_done=0 count=0 wr_ptr=6 rd_ptr=6 rx_empty=1 rd_en=0 rd_data=xx
# [6276500000] DBG rx_done=0 count=0 wr_ptr=6 rd_ptr=6 rx_empty=1 rd_en=0 rd_data=xx
# [6277500000] DBG rx_done=0 count=0 wr_ptr=6 rd_ptr=6 rx_empty=1 rd_en=0 rd_data=xx
# [6278500000] DBG rx_done=0 count=0 wr_ptr=6 rd_ptr=6 rx_empty=1 rd_en=0 rd_data=xx
# [6279500000] DBG rx_done=0 count=0 wr_ptr=6 rd_ptr=6 rx_empty=1 rd_en=0 rd_data=xx
# [6280500000] DBG rx_done=0 count=0 wr_ptr=6 rd_ptr=6 rx_empty=1 rd_en=0 rd_data=xx
# [6281500000] DBG rx_done=0 count=0 wr_ptr=6 rd_ptr=6 rx_empty=1 rd_en=0 rd_data=xx
# [6282500000] DBG rx_done=0 count=0 wr_ptr=6 rd_ptr=6 rx_empty=1 rd_en=0 rd_data=xx
# [6283500000] DBG rx_done=0 count=0 wr_ptr=6 rd_ptr=6 rx_empty=1 rd_en=0 rd_data=xx
# [6284500000] DBG rx_done=0 count=0 wr_ptr=6 rd_ptr=6 rx_empty=1 rd_en=0 rd_data=xx
# [6285500000] DBG rx_done=0 count=0 wr_ptr=6 rd_ptr=6 rx_empty=1 rd_en=0 rd_data=xx
# [6286500000] DBG rx_done=0 count=0 wr_ptr=6 rd_ptr=6 rx_empty=1 rd_en=0 rd_data=xx
# [6287500000] DBG rx_done=0 count=0 wr_ptr=6 rd_ptr=6 rx_empty=1 rd_en=0 rd_data=xx
# [6288500000] DBG rx_done=0 count=0 wr_ptr=6 rd_ptr=6 rx_empty=1 rd_en=0 rd_data=xx
# [6289500000] DBG rx_done=0 count=0 wr_ptr=6 rd_ptr=6 rx_empty=1 rd_en=0 rd_data=xx
# [6290500000] DBG rx_done=0 count=0 wr_ptr=6 rd_ptr=6 rx_empty=1 rd_en=0 rd_data=xx
# [6291500000] DBG rx_done=0 count=0 wr_ptr=6 rd_ptr=6 rx_empty=1 rd_en=0 rd_data=xx
# [6292500000] DBG rx_done=0 count=0 wr_ptr=6 rd_ptr=6 rx_empty=1 rd_en=0 rd_data=xx
# [6293500000] DBG rx_done=0 count=0 wr_ptr=6 rd_ptr=6 rx_empty=1 rd_en=0 rd_data=xx
# [6294500000] DBG rx_done=0 count=0 wr_ptr=6 rd_ptr=6 rx_empty=1 rd_en=0 rd_data=xx
# [6295500000] DBG rx_done=0 count=0 wr_ptr=6 rd_ptr=6 rx_empty=1 rd_en=0 rd_data=xx
# [6296500000] DBG rx_done=0 count=0 wr_ptr=6 rd_ptr=6 rx_empty=1 rd_en=0 rd_data=xx
# [6297500000] DBG rx_done=0 count=0 wr_ptr=6 rd_ptr=6 rx_empty=1 rd_en=0 rd_data=xx
# [6298500000] DBG rx_done=0 count=0 wr_ptr=6 rd_ptr=6 rx_empty=1 rd_en=0 rd_data=xx
# [6299500000] DBG rx_done=0 count=0 wr_ptr=6 rd_ptr=6 rx_empty=1 rd_en=0 rd_data=xx
# [6300500000] DBG rx_done=0 count=0 wr_ptr=6 rd_ptr=6 rx_empty=1 rd_en=0 rd_data=xx
# [6301500000] DBG rx_done=0 count=0 wr_ptr=6 rd_ptr=6 rx_empty=1 rd_en=0 rd_data=xx
# [6302500000] DBG rx_done=0 count=0 wr_ptr=6 rd_ptr=6 rx_empty=1 rd_en=0 rd_data=xx
# [6303500000] DBG rx_done=0 count=0 wr_ptr=6 rd_ptr=6 rx_empty=1 rd_en=0 rd_data=xx
# [6304500000] DBG rx_done=0 count=0 wr_ptr=6 rd_ptr=6 rx_empty=1 rd_en=0 rd_data=xx
# [6305500000] DBG rx_done=0 count=0 wr_ptr=6 rd_ptr=6 rx_empty=1 rd_en=0 rd_data=xx
# [6306500000] DBG rx_done=0 count=0 wr_ptr=6 rd_ptr=6 rx_empty=1 rd_en=0 rd_data=xx
# [6307500000] DBG rx_done=0 count=0 wr_ptr=6 rd_ptr=6 rx_empty=1 rd_en=0 rd_data=xx
# [6308500000] DBG rx_done=0 count=0 wr_ptr=6 rd_ptr=6 rx_empty=1 rd_en=0 rd_data=xx
# [6309500000] DBG rx_done=0 count=0 wr_ptr=6 rd_ptr=6 rx_empty=1 rd_en=0 rd_data=xx
# [6310500000] DBG rx_done=0 count=0 wr_ptr=6 rd_ptr=6 rx_empty=1 rd_en=0 rd_data=xx
# [6311500000] DBG rx_done=0 count=0 wr_ptr=6 rd_ptr=6 rx_empty=1 rd_en=0 rd_data=xx
# [6312500000] DBG rx_done=0 count=0 wr_ptr=6 rd_ptr=6 rx_empty=1 rd_en=0 rd_data=xx
# [6313500000] DBG rx_done=0 count=0 wr_ptr=6 rd_ptr=6 rx_empty=1 rd_en=0 rd_data=xx
# [6314500000] DBG rx_done=0 count=0 wr_ptr=6 rd_ptr=6 rx_empty=1 rd_en=0 rd_data=xx
# [6315500000] DBG rx_done=0 count=0 wr_ptr=6 rd_ptr=6 rx_empty=1 rd_en=0 rd_data=xx
# [6316500000] DBG rx_done=0 count=0 wr_ptr=6 rd_ptr=6 rx_empty=1 rd_en=0 rd_data=xx
# [6317500000] DBG rx_done=0 count=0 wr_ptr=6 rd_ptr=6 rx_empty=1 rd_en=0 rd_data=xx
# [6318500000] DBG rx_done=0 count=0 wr_ptr=6 rd_ptr=6 rx_empty=1 rd_en=0 rd_data=xx
# [6319500000] DBG rx_done=0 count=0 wr_ptr=6 rd_ptr=6 rx_empty=1 rd_en=0 rd_data=xx
# [6320500000] DBG rx_done=0 count=0 wr_ptr=6 rd_ptr=6 rx_empty=1 rd_en=0 rd_data=xx
# [6321500000] DBG rx_done=0 count=0 wr_ptr=6 rd_ptr=6 rx_empty=1 rd_en=0 rd_data=xx
# [6322500000] DBG rx_done=0 count=0 wr_ptr=6 rd_ptr=6 rx_empty=1 rd_en=0 rd_data=xx
# [6323500000] DBG rx_done=0 count=0 wr_ptr=6 rd_ptr=6 rx_empty=1 rd_en=0 rd_data=xx
# [6324500000] DBG rx_done=0 count=0 wr_ptr=6 rd_ptr=6 rx_empty=1 rd_en=0 rd_data=xx
# [6325500000] DBG rx_done=0 count=0 wr_ptr=6 rd_ptr=6 rx_empty=1 rd_en=0 rd_data=xx
# [6326500000] DBG rx_done=0 count=0 wr_ptr=6 rd_ptr=6 rx_empty=1 rd_en=0 rd_data=xx
# [6327500000] DBG rx_done=0 count=0 wr_ptr=6 rd_ptr=6 rx_empty=1 rd_en=0 rd_data=xx
# [6328500000] DBG rx_done=0 count=0 wr_ptr=6 rd_ptr=6 rx_empty=1 rd_en=0 rd_data=xx
# [6329500000] DBG rx_done=0 count=0 wr_ptr=6 rd_ptr=6 rx_empty=1 rd_en=0 rd_data=xx
# [6330500000] DBG rx_done=0 count=0 wr_ptr=6 rd_ptr=6 rx_empty=1 rd_en=0 rd_data=xx
# [6331500000] DBG rx_done=0 count=0 wr_ptr=6 rd_ptr=6 rx_empty=1 rd_en=0 rd_data=xx
# [6332500000] DBG rx_done=0 count=0 wr_ptr=6 rd_ptr=6 rx_empty=1 rd_en=0 rd_data=xx
# [6333500000] DBG rx_done=0 count=0 wr_ptr=6 rd_ptr=6 rx_empty=1 rd_en=0 rd_data=xx
# [6334500000] DBG rx_done=0 count=0 wr_ptr=6 rd_ptr=6 rx_empty=1 rd_en=0 rd_data=xx
# [6335500000] DBG rx_done=0 count=0 wr_ptr=6 rd_ptr=6 rx_empty=1 rd_en=0 rd_data=xx
# [6336500000] DBG rx_done=0 count=0 wr_ptr=6 rd_ptr=6 rx_empty=1 rd_en=0 rd_data=xx
# [6337500000] DBG rx_done=0 count=0 wr_ptr=6 rd_ptr=6 rx_empty=1 rd_en=0 rd_data=xx
# [6338500000] DBG rx_done=0 count=0 wr_ptr=6 rd_ptr=6 rx_empty=1 rd_en=0 rd_data=xx
# [6339500000] DBG rx_done=0 count=0 wr_ptr=6 rd_ptr=6 rx_empty=1 rd_en=0 rd_data=xx
# [6340500000] DBG rx_done=0 count=0 wr_ptr=6 rd_ptr=6 rx_empty=1 rd_en=0 rd_data=xx
# [6341500000] DBG rx_done=0 count=0 wr_ptr=6 rd_ptr=6 rx_empty=1 rd_en=0 rd_data=xx
# [6342500000] DBG rx_done=0 count=0 wr_ptr=6 rd_ptr=6 rx_empty=1 rd_en=0 rd_data=xx
# [6343500000] DBG rx_done=0 count=0 wr_ptr=6 rd_ptr=6 rx_empty=1 rd_en=0 rd_data=xx
# [6344500000] DBG rx_done=0 count=0 wr_ptr=6 rd_ptr=6 rx_empty=1 rd_en=0 rd_data=xx
# [6345500000] DBG rx_done=0 count=0 wr_ptr=6 rd_ptr=6 rx_empty=1 rd_en=0 rd_data=xx
# [6346500000] DBG rx_done=0 count=0 wr_ptr=6 rd_ptr=6 rx_empty=1 rd_en=0 rd_data=xx
# [6347500000] DBG rx_done=0 count=0 wr_ptr=6 rd_ptr=6 rx_empty=1 rd_en=0 rd_data=xx
# [6348500000] DBG rx_done=0 count=0 wr_ptr=6 rd_ptr=6 rx_empty=1 rd_en=0 rd_data=xx
# [6349500000] DBG rx_done=0 count=0 wr_ptr=6 rd_ptr=6 rx_empty=1 rd_en=0 rd_data=xx
# [6350500000] DBG rx_done=0 count=0 wr_ptr=6 rd_ptr=6 rx_empty=1 rd_en=0 rd_data=xx
# [6351500000] DBG rx_done=0 count=0 wr_ptr=6 rd_ptr=6 rx_empty=1 rd_en=0 rd_data=xx
# [6352500000] DBG rx_done=0 count=0 wr_ptr=6 rd_ptr=6 rx_empty=1 rd_en=0 rd_data=xx
# [6353500000] DBG rx_done=0 count=0 wr_ptr=6 rd_ptr=6 rx_empty=1 rd_en=0 rd_data=xx
# [6354500000] DBG rx_done=0 count=0 wr_ptr=6 rd_ptr=6 rx_empty=1 rd_en=0 rd_data=xx
# [6355500000] DBG rx_done=0 count=0 wr_ptr=6 rd_ptr=6 rx_empty=1 rd_en=0 rd_data=xx
# [6356500000] DBG rx_done=0 count=0 wr_ptr=6 rd_ptr=6 rx_empty=1 rd_en=0 rd_data=xx
# [6357500000] DBG rx_done=0 count=0 wr_ptr=6 rd_ptr=6 rx_empty=1 rd_en=0 rd_data=xx
# [6358500000] DBG rx_done=0 count=0 wr_ptr=6 rd_ptr=6 rx_empty=1 rd_en=0 rd_data=xx
# [6359500000] DBG rx_done=0 count=0 wr_ptr=6 rd_ptr=6 rx_empty=1 rd_en=0 rd_data=xx
# [6360500000] DBG rx_done=0 count=0 wr_ptr=6 rd_ptr=6 rx_empty=1 rd_en=0 rd_data=xx
# [6361500000] DBG rx_done=0 count=0 wr_ptr=6 rd_ptr=6 rx_empty=1 rd_en=0 rd_data=xx
# [6362500000] DBG rx_done=0 count=0 wr_ptr=6 rd_ptr=6 rx_empty=1 rd_en=0 rd_data=xx
# [6363500000] DBG rx_done=0 count=0 wr_ptr=6 rd_ptr=6 rx_empty=1 rd_en=0 rd_data=xx
# [6364500000] DBG rx_done=0 count=0 wr_ptr=6 rd_ptr=6 rx_empty=1 rd_en=0 rd_data=xx
# [6365500000] DBG rx_done=0 count=0 wr_ptr=6 rd_ptr=6 rx_empty=1 rd_en=0 rd_data=xx
# [6366500000] DBG rx_done=0 count=0 wr_ptr=6 rd_ptr=6 rx_empty=1 rd_en=0 rd_data=xx
# [6367500000] DBG rx_done=0 count=0 wr_ptr=6 rd_ptr=6 rx_empty=1 rd_en=0 rd_data=xx
# [6368500000] DBG rx_done=0 count=0 wr_ptr=6 rd_ptr=6 rx_empty=1 rd_en=0 rd_data=xx
# [6369500000] DBG rx_done=0 count=0 wr_ptr=6 rd_ptr=6 rx_empty=1 rd_en=0 rd_data=xx
# [6370500000] DBG rx_done=0 count=0 wr_ptr=6 rd_ptr=6 rx_empty=1 rd_en=0 rd_data=xx
# [6371500000] DBG rx_done=0 count=0 wr_ptr=6 rd_ptr=6 rx_empty=1 rd_en=0 rd_data=xx
# [6372500000] DBG rx_done=0 count=0 wr_ptr=6 rd_ptr=6 rx_empty=1 rd_en=0 rd_data=xx
# [6373500000] DBG rx_done=0 count=0 wr_ptr=6 rd_ptr=6 rx_empty=1 rd_en=0 rd_data=xx
# [6374500000] DBG rx_done=0 count=0 wr_ptr=6 rd_ptr=6 rx_empty=1 rd_en=0 rd_data=xx
# [6375500000] DBG rx_done=0 count=0 wr_ptr=6 rd_ptr=6 rx_empty=1 rd_en=0 rd_data=xx
# [6376500000] DBG rx_done=0 count=0 wr_ptr=6 rd_ptr=6 rx_empty=1 rd_en=0 rd_data=xx
# [6377500000] DBG rx_done=0 count=0 wr_ptr=6 rd_ptr=6 rx_empty=1 rd_en=0 rd_data=xx
# [6378500000] DBG rx_done=0 count=0 wr_ptr=6 rd_ptr=6 rx_empty=1 rd_en=0 rd_data=xx
# [6379500000] DBG rx_done=0 count=0 wr_ptr=6 rd_ptr=6 rx_empty=1 rd_en=0 rd_data=xx
# [6380500000] DBG rx_done=0 count=0 wr_ptr=6 rd_ptr=6 rx_empty=1 rd_en=0 rd_data=xx
# [6381500000] DBG rx_done=0 count=0 wr_ptr=6 rd_ptr=6 rx_empty=1 rd_en=0 rd_data=xx
# [6382500000] DBG rx_done=0 count=0 wr_ptr=6 rd_ptr=6 rx_empty=1 rd_en=0 rd_data=xx
# [6383500000] DBG rx_done=0 count=0 wr_ptr=6 rd_ptr=6 rx_empty=1 rd_en=0 rd_data=xx
# [6384500000] DBG rx_done=0 count=0 wr_ptr=6 rd_ptr=6 rx_empty=1 rd_en=0 rd_data=xx
# [6385500000] DBG rx_done=0 count=0 wr_ptr=6 rd_ptr=6 rx_empty=1 rd_en=0 rd_data=xx
# [6386500000] DBG rx_done=0 count=0 wr_ptr=6 rd_ptr=6 rx_empty=1 rd_en=0 rd_data=xx
# [6387500000] DBG rx_done=0 count=0 wr_ptr=6 rd_ptr=6 rx_empty=1 rd_en=0 rd_data=xx
# [6388500000] DBG rx_done=0 count=0 wr_ptr=6 rd_ptr=6 rx_empty=1 rd_en=0 rd_data=xx
# [6389500000] DBG rx_done=0 count=0 wr_ptr=6 rd_ptr=6 rx_empty=1 rd_en=0 rd_data=xx
# [6390500000] DBG rx_done=0 count=0 wr_ptr=6 rd_ptr=6 rx_empty=1 rd_en=0 rd_data=xx
# [6391500000] DBG rx_done=0 count=0 wr_ptr=6 rd_ptr=6 rx_empty=1 rd_en=0 rd_data=xx
# [6392500000] DBG rx_done=0 count=0 wr_ptr=6 rd_ptr=6 rx_empty=1 rd_en=0 rd_data=xx
# [6393500000] DBG rx_done=0 count=0 wr_ptr=6 rd_ptr=6 rx_empty=1 rd_en=0 rd_data=xx
# [6394500000] DBG rx_done=0 count=0 wr_ptr=6 rd_ptr=6 rx_empty=1 rd_en=0 rd_data=xx
# [6395500000] DBG rx_done=0 count=0 wr_ptr=6 rd_ptr=6 rx_empty=1 rd_en=0 rd_data=xx
# [6396500000] DBG rx_done=0 count=0 wr_ptr=6 rd_ptr=6 rx_empty=1 rd_en=0 rd_data=xx
# [6397500000] DBG rx_done=0 count=0 wr_ptr=6 rd_ptr=6 rx_empty=1 rd_en=0 rd_data=xx
# [6398500000] DBG rx_done=0 count=0 wr_ptr=6 rd_ptr=6 rx_empty=1 rd_en=0 rd_data=xx
# [6399500000] DBG rx_done=0 count=0 wr_ptr=6 rd_ptr=6 rx_empty=1 rd_en=0 rd_data=xx
# [6400500000] DBG rx_done=0 count=0 wr_ptr=6 rd_ptr=6 rx_empty=1 rd_en=0 rd_data=xx
# [6401500000] DBG rx_done=0 count=0 wr_ptr=6 rd_ptr=6 rx_empty=1 rd_en=0 rd_data=xx
# [6402500000] DBG rx_done=0 count=0 wr_ptr=6 rd_ptr=6 rx_empty=1 rd_en=0 rd_data=xx
# [6403500000] DBG rx_done=0 count=0 wr_ptr=6 rd_ptr=6 rx_empty=1 rd_en=0 rd_data=xx
# [6404500000] DBG rx_done=0 count=0 wr_ptr=6 rd_ptr=6 rx_empty=1 rd_en=0 rd_data=xx
# [6405500000] DBG rx_done=0 count=0 wr_ptr=6 rd_ptr=6 rx_empty=1 rd_en=0 rd_data=xx
# [6406500000] DBG rx_done=0 count=0 wr_ptr=6 rd_ptr=6 rx_empty=1 rd_en=0 rd_data=xx
# [6407500000] DBG rx_done=0 count=0 wr_ptr=6 rd_ptr=6 rx_empty=1 rd_en=0 rd_data=xx
# [6408500000] DBG rx_done=0 count=0 wr_ptr=6 rd_ptr=6 rx_empty=1 rd_en=0 rd_data=xx
# [6409500000] DBG rx_done=0 count=0 wr_ptr=6 rd_ptr=6 rx_empty=1 rd_en=0 rd_data=xx
# [6410500000] DBG rx_done=0 count=0 wr_ptr=6 rd_ptr=6 rx_empty=1 rd_en=0 rd_data=xx
# [6411500000] DBG rx_done=0 count=0 wr_ptr=6 rd_ptr=6 rx_empty=1 rd_en=0 rd_data=xx
# [6412500000] DBG rx_done=0 count=0 wr_ptr=6 rd_ptr=6 rx_empty=1 rd_en=0 rd_data=xx
# [6413500000] DBG rx_done=0 count=0 wr_ptr=6 rd_ptr=6 rx_empty=1 rd_en=0 rd_data=xx
# [6414500000] DBG rx_done=0 count=0 wr_ptr=6 rd_ptr=6 rx_empty=1 rd_en=0 rd_data=xx
# [6415500000] DBG rx_done=0 count=0 wr_ptr=6 rd_ptr=6 rx_empty=1 rd_en=0 rd_data=xx
# [6416500000] DBG rx_done=0 count=0 wr_ptr=6 rd_ptr=6 rx_empty=1 rd_en=0 rd_data=xx
# [6417500000] DBG rx_done=0 count=0 wr_ptr=6 rd_ptr=6 rx_empty=1 rd_en=0 rd_data=xx
# [6418500000] DBG rx_done=0 count=0 wr_ptr=6 rd_ptr=6 rx_empty=1 rd_en=0 rd_data=xx
# [6419500000] DBG rx_done=0 count=0 wr_ptr=6 rd_ptr=6 rx_empty=1 rd_en=0 rd_data=xx
# [6420500000] DBG rx_done=0 count=0 wr_ptr=6 rd_ptr=6 rx_empty=1 rd_en=0 rd_data=xx
# [6421500000] DBG rx_done=0 count=0 wr_ptr=6 rd_ptr=6 rx_empty=1 rd_en=0 rd_data=xx
# [6422500000] DBG rx_done=0 count=0 wr_ptr=6 rd_ptr=6 rx_empty=1 rd_en=0 rd_data=xx
# [6423500000] DBG rx_done=0 count=0 wr_ptr=6 rd_ptr=6 rx_empty=1 rd_en=0 rd_data=xx
# [6424500000] DBG rx_done=0 count=0 wr_ptr=6 rd_ptr=6 rx_empty=1 rd_en=0 rd_data=xx
# [6425500000] DBG rx_done=0 count=0 wr_ptr=6 rd_ptr=6 rx_empty=1 rd_en=0 rd_data=xx
# [6426500000] DBG rx_done=0 count=0 wr_ptr=6 rd_ptr=6 rx_empty=1 rd_en=0 rd_data=xx
# [6427500000] DBG rx_done=0 count=0 wr_ptr=6 rd_ptr=6 rx_empty=1 rd_en=0 rd_data=xx
# [6428500000] DBG rx_done=0 count=0 wr_ptr=6 rd_ptr=6 rx_empty=1 rd_en=0 rd_data=xx
# [6429500000] DBG rx_done=0 count=0 wr_ptr=6 rd_ptr=6 rx_empty=1 rd_en=0 rd_data=xx
# [6430500000] DBG rx_done=0 count=0 wr_ptr=6 rd_ptr=6 rx_empty=1 rd_en=0 rd_data=xx
# [6431500000] DBG rx_done=0 count=0 wr_ptr=6 rd_ptr=6 rx_empty=1 rd_en=0 rd_data=xx
# [6432500000] DBG rx_done=0 count=0 wr_ptr=6 rd_ptr=6 rx_empty=1 rd_en=0 rd_data=xx
# [6433500000] DBG rx_done=0 count=0 wr_ptr=6 rd_ptr=6 rx_empty=1 rd_en=0 rd_data=xx
# [6434500000] DBG rx_done=0 count=0 wr_ptr=6 rd_ptr=6 rx_empty=1 rd_en=0 rd_data=xx
# [6435500000] DBG rx_done=0 count=0 wr_ptr=6 rd_ptr=6 rx_empty=1 rd_en=0 rd_data=xx
# [6436500000] DBG rx_done=0 count=0 wr_ptr=6 rd_ptr=6 rx_empty=1 rd_en=0 rd_data=xx
# [6437500000] DBG rx_done=0 count=0 wr_ptr=6 rd_ptr=6 rx_empty=1 rd_en=0 rd_data=xx
# [6438500000] DBG rx_done=0 count=0 wr_ptr=6 rd_ptr=6 rx_empty=1 rd_en=0 rd_data=xx
# [6439500000] DBG rx_done=0 count=0 wr_ptr=6 rd_ptr=6 rx_empty=1 rd_en=0 rd_data=xx
# [6440500000] DBG rx_done=0 count=0 wr_ptr=6 rd_ptr=6 rx_empty=1 rd_en=0 rd_data=xx
# [6441500000] DBG rx_done=0 count=0 wr_ptr=6 rd_ptr=6 rx_empty=1 rd_en=0 rd_data=xx
# [6442500000] DBG rx_done=0 count=0 wr_ptr=6 rd_ptr=6 rx_empty=1 rd_en=0 rd_data=xx
# [6443500000] DBG rx_done=0 count=0 wr_ptr=6 rd_ptr=6 rx_empty=1 rd_en=0 rd_data=xx
# [6444500000] DBG rx_done=0 count=0 wr_ptr=6 rd_ptr=6 rx_empty=1 rd_en=0 rd_data=xx
# [6445500000] DBG rx_done=0 count=0 wr_ptr=6 rd_ptr=6 rx_empty=1 rd_en=0 rd_data=xx
# [6446500000] DBG rx_done=0 count=0 wr_ptr=6 rd_ptr=6 rx_empty=1 rd_en=0 rd_data=xx
# [6447500000] DBG rx_done=0 count=0 wr_ptr=6 rd_ptr=6 rx_empty=1 rd_en=0 rd_data=xx
# [6448500000] DBG rx_done=0 count=0 wr_ptr=6 rd_ptr=6 rx_empty=1 rd_en=0 rd_data=xx
# [6449500000] DBG rx_done=0 count=0 wr_ptr=6 rd_ptr=6 rx_empty=1 rd_en=0 rd_data=xx
# [6450500000] DBG rx_done=0 count=0 wr_ptr=6 rd_ptr=6 rx_empty=1 rd_en=0 rd_data=xx
# [6451500000] DBG rx_done=0 count=0 wr_ptr=6 rd_ptr=6 rx_empty=1 rd_en=0 rd_data=xx
# [6452500000] DBG rx_done=0 count=0 wr_ptr=6 rd_ptr=6 rx_empty=1 rd_en=0 rd_data=xx
# [6453500000] DBG rx_done=0 count=0 wr_ptr=6 rd_ptr=6 rx_empty=1 rd_en=0 rd_data=xx
# [6454500000] DBG rx_done=0 count=0 wr_ptr=6 rd_ptr=6 rx_empty=1 rd_en=0 rd_data=xx
# [6455500000] DBG rx_done=0 count=0 wr_ptr=6 rd_ptr=6 rx_empty=1 rd_en=0 rd_data=xx
# [6456500000] DBG rx_done=0 count=0 wr_ptr=6 rd_ptr=6 rx_empty=1 rd_en=0 rd_data=xx
# [6457500000] DBG rx_done=0 count=0 wr_ptr=6 rd_ptr=6 rx_empty=1 rd_en=0 rd_data=xx
# [6458500000] DBG rx_done=0 count=0 wr_ptr=6 rd_ptr=6 rx_empty=1 rd_en=0 rd_data=xx
# [6459500000] DBG rx_done=0 count=0 wr_ptr=6 rd_ptr=6 rx_empty=1 rd_en=0 rd_data=xx
# [6460500000] DBG rx_done=0 count=0 wr_ptr=6 rd_ptr=6 rx_empty=1 rd_en=0 rd_data=xx
# [6461500000] DBG rx_done=0 count=0 wr_ptr=6 rd_ptr=6 rx_empty=1 rd_en=0 rd_data=xx
# [6462500000] DBG rx_done=0 count=0 wr_ptr=6 rd_ptr=6 rx_empty=1 rd_en=0 rd_data=xx
# [6463500000] DBG rx_done=0 count=0 wr_ptr=6 rd_ptr=6 rx_empty=1 rd_en=0 rd_data=xx
# [6464500000] DBG rx_done=0 count=0 wr_ptr=6 rd_ptr=6 rx_empty=1 rd_en=0 rd_data=xx
# [6465500000] DBG rx_done=0 count=0 wr_ptr=6 rd_ptr=6 rx_empty=1 rd_en=0 rd_data=xx
# [6466500000] DBG rx_done=0 count=0 wr_ptr=6 rd_ptr=6 rx_empty=1 rd_en=0 rd_data=xx
# [6467500000] DBG rx_done=0 count=0 wr_ptr=6 rd_ptr=6 rx_empty=1 rd_en=0 rd_data=xx
# [6468500000] DBG rx_done=0 count=0 wr_ptr=6 rd_ptr=6 rx_empty=1 rd_en=0 rd_data=xx
# [6469500000] DBG rx_done=0 count=0 wr_ptr=6 rd_ptr=6 rx_empty=1 rd_en=0 rd_data=xx
# [6470500000] DBG rx_done=0 count=0 wr_ptr=6 rd_ptr=6 rx_empty=1 rd_en=0 rd_data=xx
# [6471500000] DBG rx_done=0 count=0 wr_ptr=6 rd_ptr=6 rx_empty=1 rd_en=0 rd_data=xx
# [6472500000] DBG rx_done=0 count=0 wr_ptr=6 rd_ptr=6 rx_empty=1 rd_en=0 rd_data=xx
# [6473500000] DBG rx_done=0 count=0 wr_ptr=6 rd_ptr=6 rx_empty=1 rd_en=0 rd_data=xx
# [6474500000] DBG rx_done=0 count=0 wr_ptr=6 rd_ptr=6 rx_empty=1 rd_en=0 rd_data=xx
# [6475500000] DBG rx_done=0 count=0 wr_ptr=6 rd_ptr=6 rx_empty=1 rd_en=0 rd_data=xx
# [6476500000] DBG rx_done=0 count=0 wr_ptr=6 rd_ptr=6 rx_empty=1 rd_en=0 rd_data=xx
# [6477500000] DBG rx_done=0 count=0 wr_ptr=6 rd_ptr=6 rx_empty=1 rd_en=0 rd_data=xx
# [6478500000] DBG rx_done=0 count=0 wr_ptr=6 rd_ptr=6 rx_empty=1 rd_en=0 rd_data=xx
# [6479500000] DBG rx_done=0 count=0 wr_ptr=6 rd_ptr=6 rx_empty=1 rd_en=0 rd_data=xx
# [6480500000] DBG rx_done=0 count=0 wr_ptr=6 rd_ptr=6 rx_empty=1 rd_en=0 rd_data=xx
# [6481500000] DBG rx_done=0 count=0 wr_ptr=6 rd_ptr=6 rx_empty=1 rd_en=0 rd_data=xx
# [6482500000] DBG rx_done=0 count=0 wr_ptr=6 rd_ptr=6 rx_empty=1 rd_en=0 rd_data=xx
# [6483500000] DBG rx_done=0 count=0 wr_ptr=6 rd_ptr=6 rx_empty=1 rd_en=0 rd_data=xx
# [6484500000] DBG rx_done=0 count=0 wr_ptr=6 rd_ptr=6 rx_empty=1 rd_en=0 rd_data=xx
# [6485500000] DBG rx_done=0 count=0 wr_ptr=6 rd_ptr=6 rx_empty=1 rd_en=0 rd_data=xx
# [6486500000] DBG rx_done=0 count=0 wr_ptr=6 rd_ptr=6 rx_empty=1 rd_en=0 rd_data=xx
# [6487500000] DBG rx_done=0 count=0 wr_ptr=6 rd_ptr=6 rx_empty=1 rd_en=0 rd_data=xx
# [6488500000] DBG rx_done=0 count=0 wr_ptr=6 rd_ptr=6 rx_empty=1 rd_en=0 rd_data=xx
# [6489500000] DBG rx_done=0 count=0 wr_ptr=6 rd_ptr=6 rx_empty=1 rd_en=0 rd_data=xx
# [6490500000] DBG rx_done=0 count=0 wr_ptr=6 rd_ptr=6 rx_empty=1 rd_en=0 rd_data=xx
# [6491500000] DBG rx_done=0 count=0 wr_ptr=6 rd_ptr=6 rx_empty=1 rd_en=0 rd_data=xx
# [6492500000] DBG rx_done=0 count=0 wr_ptr=6 rd_ptr=6 rx_empty=1 rd_en=0 rd_data=xx
# [6493500000] DBG rx_done=0 count=0 wr_ptr=6 rd_ptr=6 rx_empty=1 rd_en=0 rd_data=xx
# [6494500000] DBG rx_done=0 count=0 wr_ptr=6 rd_ptr=6 rx_empty=1 rd_en=0 rd_data=xx
# [6495500000] DBG rx_done=0 count=0 wr_ptr=6 rd_ptr=6 rx_empty=1 rd_en=0 rd_data=xx
# [6496500000] DBG rx_done=0 count=0 wr_ptr=6 rd_ptr=6 rx_empty=1 rd_en=0 rd_data=xx
# [6497500000] DBG rx_done=0 count=0 wr_ptr=6 rd_ptr=6 rx_empty=1 rd_en=0 rd_data=xx
# [6498500000] DBG rx_done=0 count=0 wr_ptr=6 rd_ptr=6 rx_empty=1 rd_en=0 rd_data=xx
# [6499500000] DBG rx_done=0 count=0 wr_ptr=6 rd_ptr=6 rx_empty=1 rd_en=0 rd_data=xx
# [6500500000] DBG rx_done=0 count=0 wr_ptr=6 rd_ptr=6 rx_empty=1 rd_en=0 rd_data=xx
# [6501500000] DBG rx_done=0 count=0 wr_ptr=6 rd_ptr=6 rx_empty=1 rd_en=0 rd_data=xx
# [6502500000] DBG rx_done=0 count=0 wr_ptr=6 rd_ptr=6 rx_empty=1 rd_en=0 rd_data=xx
# [6503500000] DBG rx_done=0 count=0 wr_ptr=6 rd_ptr=6 rx_empty=1 rd_en=0 rd_data=xx
# [6504500000] DBG rx_done=0 count=0 wr_ptr=6 rd_ptr=6 rx_empty=1 rd_en=0 rd_data=xx
# [6505500000] DBG rx_done=0 count=0 wr_ptr=6 rd_ptr=6 rx_empty=1 rd_en=0 rd_data=xx
# [6506500000] DBG rx_done=0 count=0 wr_ptr=6 rd_ptr=6 rx_empty=1 rd_en=0 rd_data=xx
# [6507500000] DBG rx_done=0 count=0 wr_ptr=6 rd_ptr=6 rx_empty=1 rd_en=0 rd_data=xx
# [6508500000] DBG rx_done=0 count=0 wr_ptr=6 rd_ptr=6 rx_empty=1 rd_en=0 rd_data=xx
# [6509500000] DBG rx_done=0 count=0 wr_ptr=6 rd_ptr=6 rx_empty=1 rd_en=0 rd_data=xx
# [6510500000] DBG rx_done=0 count=0 wr_ptr=6 rd_ptr=6 rx_empty=1 rd_en=0 rd_data=xx
# [6511500000] DBG rx_done=0 count=0 wr_ptr=6 rd_ptr=6 rx_empty=1 rd_en=0 rd_data=xx
# [6512500000] DBG rx_done=0 count=0 wr_ptr=6 rd_ptr=6 rx_empty=1 rd_en=0 rd_data=xx
# [6513500000] DBG rx_done=0 count=0 wr_ptr=6 rd_ptr=6 rx_empty=1 rd_en=0 rd_data=xx
# [6514500000] DBG rx_done=0 count=0 wr_ptr=6 rd_ptr=6 rx_empty=1 rd_en=0 rd_data=xx
# [6515500000] DBG rx_done=0 count=0 wr_ptr=6 rd_ptr=6 rx_empty=1 rd_en=0 rd_data=xx
# [6516500000] DBG rx_done=0 count=0 wr_ptr=6 rd_ptr=6 rx_empty=1 rd_en=0 rd_data=xx
# [6517500000] DBG rx_done=0 count=0 wr_ptr=6 rd_ptr=6 rx_empty=1 rd_en=0 rd_data=xx
# [6518500000] DBG rx_done=0 count=0 wr_ptr=6 rd_ptr=6 rx_empty=1 rd_en=0 rd_data=xx
# [6519500000] DBG rx_done=0 count=0 wr_ptr=6 rd_ptr=6 rx_empty=1 rd_en=0 rd_data=xx
# [6520500000] DBG rx_done=0 count=0 wr_ptr=6 rd_ptr=6 rx_empty=1 rd_en=0 rd_data=xx
# [6521500000] DBG rx_done=0 count=0 wr_ptr=6 rd_ptr=6 rx_empty=1 rd_en=0 rd_data=xx
# [6522500000] DBG rx_done=0 count=0 wr_ptr=6 rd_ptr=6 rx_empty=1 rd_en=0 rd_data=xx
# [6523500000] DBG rx_done=0 count=0 wr_ptr=6 rd_ptr=6 rx_empty=1 rd_en=0 rd_data=xx
# [6524500000] DBG rx_done=0 count=0 wr_ptr=6 rd_ptr=6 rx_empty=1 rd_en=0 rd_data=xx
# [6525500000] DBG rx_done=0 count=0 wr_ptr=6 rd_ptr=6 rx_empty=1 rd_en=0 rd_data=xx
# [6526500000] DBG rx_done=0 count=0 wr_ptr=6 rd_ptr=6 rx_empty=1 rd_en=0 rd_data=xx
# [6527500000] DBG rx_done=0 count=0 wr_ptr=6 rd_ptr=6 rx_empty=1 rd_en=0 rd_data=xx
# [6528500000] DBG rx_done=0 count=0 wr_ptr=6 rd_ptr=6 rx_empty=1 rd_en=0 rd_data=xx
# [6529500000] DBG rx_done=0 count=0 wr_ptr=6 rd_ptr=6 rx_empty=1 rd_en=0 rd_data=xx
# [6530500000] DBG rx_done=0 count=0 wr_ptr=6 rd_ptr=6 rx_empty=1 rd_en=0 rd_data=xx
# [6531500000] DBG rx_done=0 count=0 wr_ptr=6 rd_ptr=6 rx_empty=1 rd_en=0 rd_data=xx
# [6532500000] DBG rx_done=0 count=0 wr_ptr=6 rd_ptr=6 rx_empty=1 rd_en=0 rd_data=xx
# [6533500000] DBG rx_done=0 count=0 wr_ptr=6 rd_ptr=6 rx_empty=1 rd_en=0 rd_data=xx
# [6534500000] DBG rx_done=0 count=0 wr_ptr=6 rd_ptr=6 rx_empty=1 rd_en=0 rd_data=xx
# [6535500000] DBG rx_done=0 count=0 wr_ptr=6 rd_ptr=6 rx_empty=1 rd_en=0 rd_data=xx
# [6536500000] DBG rx_done=0 count=0 wr_ptr=6 rd_ptr=6 rx_empty=1 rd_en=0 rd_data=xx
# [6537500000] DBG rx_done=0 count=0 wr_ptr=6 rd_ptr=6 rx_empty=1 rd_en=0 rd_data=xx
# [6538500000] DBG rx_done=0 count=0 wr_ptr=6 rd_ptr=6 rx_empty=1 rd_en=0 rd_data=xx
# [6539500000] DBG rx_done=0 count=0 wr_ptr=6 rd_ptr=6 rx_empty=1 rd_en=0 rd_data=xx
# [6540500000] DBG rx_done=0 count=0 wr_ptr=6 rd_ptr=6 rx_empty=1 rd_en=0 rd_data=xx
# [6541500000] DBG rx_done=0 count=0 wr_ptr=6 rd_ptr=6 rx_empty=1 rd_en=0 rd_data=xx
# [6542500000] DBG rx_done=0 count=0 wr_ptr=6 rd_ptr=6 rx_empty=1 rd_en=0 rd_data=xx
# [6543500000] DBG rx_done=0 count=0 wr_ptr=6 rd_ptr=6 rx_empty=1 rd_en=0 rd_data=xx
# [6544500000] DBG rx_done=0 count=0 wr_ptr=6 rd_ptr=6 rx_empty=1 rd_en=0 rd_data=xx
# [6545500000] DBG rx_done=0 count=0 wr_ptr=6 rd_ptr=6 rx_empty=1 rd_en=0 rd_data=xx
# [6546500000] DBG rx_done=0 count=0 wr_ptr=6 rd_ptr=6 rx_empty=1 rd_en=0 rd_data=xx
# [6547500000] DBG rx_done=0 count=0 wr_ptr=6 rd_ptr=6 rx_empty=1 rd_en=0 rd_data=xx
# [6548500000] DBG rx_done=0 count=0 wr_ptr=6 rd_ptr=6 rx_empty=1 rd_en=0 rd_data=xx
# [6549500000] DBG rx_done=0 count=0 wr_ptr=6 rd_ptr=6 rx_empty=1 rd_en=0 rd_data=xx
# [6550500000] DBG rx_done=0 count=0 wr_ptr=6 rd_ptr=6 rx_empty=1 rd_en=0 rd_data=xx
# [6551500000] DBG rx_done=0 count=0 wr_ptr=6 rd_ptr=6 rx_empty=1 rd_en=0 rd_data=xx
# [6552500000] DBG rx_done=0 count=0 wr_ptr=6 rd_ptr=6 rx_empty=1 rd_en=0 rd_data=xx
# [6553500000] DBG rx_done=0 count=0 wr_ptr=6 rd_ptr=6 rx_empty=1 rd_en=0 rd_data=xx
# [6554500000] DBG rx_done=0 count=0 wr_ptr=6 rd_ptr=6 rx_empty=1 rd_en=0 rd_data=xx
# [6555500000] DBG rx_done=0 count=0 wr_ptr=6 rd_ptr=6 rx_empty=1 rd_en=0 rd_data=xx
# [6556500000] DBG rx_done=0 count=0 wr_ptr=6 rd_ptr=6 rx_empty=1 rd_en=0 rd_data=xx
# [6557500000] DBG rx_done=0 count=0 wr_ptr=6 rd_ptr=6 rx_empty=1 rd_en=0 rd_data=xx
# [6558500000] DBG rx_done=0 count=0 wr_ptr=6 rd_ptr=6 rx_empty=1 rd_en=0 rd_data=xx
# [6559500000] DBG rx_done=0 count=0 wr_ptr=6 rd_ptr=6 rx_empty=1 rd_en=0 rd_data=xx
# [6560500000] DBG rx_done=0 count=0 wr_ptr=6 rd_ptr=6 rx_empty=1 rd_en=0 rd_data=xx
# [6561500000] DBG rx_done=0 count=0 wr_ptr=6 rd_ptr=6 rx_empty=1 rd_en=0 rd_data=xx
# [6562500000] DBG rx_done=0 count=0 wr_ptr=6 rd_ptr=6 rx_empty=1 rd_en=0 rd_data=xx
# [6563500000] DBG rx_done=0 count=0 wr_ptr=6 rd_ptr=6 rx_empty=1 rd_en=0 rd_data=xx
# [6564500000] DBG rx_done=0 count=0 wr_ptr=6 rd_ptr=6 rx_empty=1 rd_en=0 rd_data=xx
# [6565500000] DBG rx_done=0 count=0 wr_ptr=6 rd_ptr=6 rx_empty=1 rd_en=0 rd_data=xx
# [6566500000] DBG rx_done=0 count=0 wr_ptr=6 rd_ptr=6 rx_empty=1 rd_en=0 rd_data=xx
# [6567500000] DBG rx_done=0 count=0 wr_ptr=6 rd_ptr=6 rx_empty=1 rd_en=0 rd_data=xx
# [6568500000] DBG rx_done=0 count=0 wr_ptr=6 rd_ptr=6 rx_empty=1 rd_en=0 rd_data=xx
# [6569500000] DBG rx_done=0 count=0 wr_ptr=6 rd_ptr=6 rx_empty=1 rd_en=0 rd_data=xx
# [6570500000] DBG rx_done=0 count=0 wr_ptr=6 rd_ptr=6 rx_empty=1 rd_en=0 rd_data=xx
# [6571500000] DBG rx_done=0 count=0 wr_ptr=6 rd_ptr=6 rx_empty=1 rd_en=0 rd_data=xx
# [6572500000] DBG rx_done=0 count=0 wr_ptr=6 rd_ptr=6 rx_empty=1 rd_en=0 rd_data=xx
# [6573500000] DBG rx_done=0 count=0 wr_ptr=6 rd_ptr=6 rx_empty=1 rd_en=0 rd_data=xx
# [6574500000] DBG rx_done=0 count=0 wr_ptr=6 rd_ptr=6 rx_empty=1 rd_en=0 rd_data=xx
# [6575500000] DBG rx_done=0 count=0 wr_ptr=6 rd_ptr=6 rx_empty=1 rd_en=0 rd_data=xx
# [6576500000] DBG rx_done=0 count=0 wr_ptr=6 rd_ptr=6 rx_empty=1 rd_en=0 rd_data=xx
# [6577500000] DBG rx_done=0 count=0 wr_ptr=6 rd_ptr=6 rx_empty=1 rd_en=0 rd_data=xx
# [6578500000] DBG rx_done=0 count=0 wr_ptr=6 rd_ptr=6 rx_empty=1 rd_en=0 rd_data=xx
# [6579500000] DBG rx_done=0 count=0 wr_ptr=6 rd_ptr=6 rx_empty=1 rd_en=0 rd_data=xx
# [6580500000] DBG rx_done=0 count=0 wr_ptr=6 rd_ptr=6 rx_empty=1 rd_en=0 rd_data=xx
# [6581500000] DBG rx_done=0 count=0 wr_ptr=6 rd_ptr=6 rx_empty=1 rd_en=0 rd_data=xx
# [6582500000] DBG rx_done=0 count=0 wr_ptr=6 rd_ptr=6 rx_empty=1 rd_en=0 rd_data=xx
# [6583500000] DBG rx_done=0 count=0 wr_ptr=6 rd_ptr=6 rx_empty=1 rd_en=0 rd_data=xx
# [6584500000] DBG rx_done=0 count=0 wr_ptr=6 rd_ptr=6 rx_empty=1 rd_en=0 rd_data=xx
# [6585500000] DBG rx_done=0 count=0 wr_ptr=6 rd_ptr=6 rx_empty=1 rd_en=0 rd_data=xx
# [6586500000] DBG rx_done=0 count=0 wr_ptr=6 rd_ptr=6 rx_empty=1 rd_en=0 rd_data=xx
# [6587500000] DBG rx_done=0 count=0 wr_ptr=6 rd_ptr=6 rx_empty=1 rd_en=0 rd_data=xx
# [6588500000] DBG rx_done=0 count=0 wr_ptr=6 rd_ptr=6 rx_empty=1 rd_en=0 rd_data=xx
# [6589500000] DBG rx_done=0 count=0 wr_ptr=6 rd_ptr=6 rx_empty=1 rd_en=0 rd_data=xx
# [6590500000] DBG rx_done=0 count=0 wr_ptr=6 rd_ptr=6 rx_empty=1 rd_en=0 rd_data=xx
# [6591500000] DBG rx_done=0 count=0 wr_ptr=6 rd_ptr=6 rx_empty=1 rd_en=0 rd_data=xx
# [6592500000] DBG rx_done=0 count=0 wr_ptr=6 rd_ptr=6 rx_empty=1 rd_en=0 rd_data=xx
# [6593500000] DBG rx_done=0 count=0 wr_ptr=6 rd_ptr=6 rx_empty=1 rd_en=0 rd_data=xx
# [6594500000] DBG rx_done=0 count=0 wr_ptr=6 rd_ptr=6 rx_empty=1 rd_en=0 rd_data=xx
# [6595500000] DBG rx_done=0 count=0 wr_ptr=6 rd_ptr=6 rx_empty=1 rd_en=0 rd_data=xx
# [6596500000] DBG rx_done=0 count=0 wr_ptr=6 rd_ptr=6 rx_empty=1 rd_en=0 rd_data=xx
# [6597500000] DBG rx_done=0 count=0 wr_ptr=6 rd_ptr=6 rx_empty=1 rd_en=0 rd_data=xx
# [6598500000] DBG rx_done=0 count=0 wr_ptr=6 rd_ptr=6 rx_empty=1 rd_en=0 rd_data=xx
# [6599500000] DBG rx_done=0 count=0 wr_ptr=6 rd_ptr=6 rx_empty=1 rd_en=0 rd_data=xx
# [6600500000] DBG rx_done=0 count=0 wr_ptr=6 rd_ptr=6 rx_empty=1 rd_en=0 rd_data=xx
# [6601500000] DBG rx_done=0 count=0 wr_ptr=6 rd_ptr=6 rx_empty=1 rd_en=0 rd_data=xx
# [6602500000] DBG rx_done=0 count=0 wr_ptr=6 rd_ptr=6 rx_empty=1 rd_en=0 rd_data=xx
# [6603500000] DBG rx_done=0 count=0 wr_ptr=6 rd_ptr=6 rx_empty=1 rd_en=0 rd_data=xx
# [6604500000] DBG rx_done=0 count=0 wr_ptr=6 rd_ptr=6 rx_empty=1 rd_en=0 rd_data=xx
# [6605500000] DBG rx_done=0 count=0 wr_ptr=6 rd_ptr=6 rx_empty=1 rd_en=0 rd_data=xx
# [6606500000] DBG rx_done=0 count=0 wr_ptr=6 rd_ptr=6 rx_empty=1 rd_en=0 rd_data=xx
# [6607500000] DBG rx_done=0 count=0 wr_ptr=6 rd_ptr=6 rx_empty=1 rd_en=0 rd_data=xx
# [6608500000] DBG rx_done=0 count=0 wr_ptr=6 rd_ptr=6 rx_empty=1 rd_en=0 rd_data=xx
# [6609500000] DBG rx_done=0 count=0 wr_ptr=6 rd_ptr=6 rx_empty=1 rd_en=0 rd_data=xx
# [6610500000] DBG rx_done=0 count=0 wr_ptr=6 rd_ptr=6 rx_empty=1 rd_en=0 rd_data=xx
# [6611500000] DBG rx_done=0 count=0 wr_ptr=6 rd_ptr=6 rx_empty=1 rd_en=0 rd_data=xx
# [6612500000] DBG rx_done=0 count=0 wr_ptr=6 rd_ptr=6 rx_empty=1 rd_en=0 rd_data=xx
# [6613500000] DBG rx_done=0 count=0 wr_ptr=6 rd_ptr=6 rx_empty=1 rd_en=0 rd_data=xx
# [6614500000] DBG rx_done=0 count=0 wr_ptr=6 rd_ptr=6 rx_empty=1 rd_en=0 rd_data=xx
# [6615500000] DBG rx_done=0 count=0 wr_ptr=6 rd_ptr=6 rx_empty=1 rd_en=0 rd_data=xx
# [6616500000] DBG rx_done=0 count=0 wr_ptr=6 rd_ptr=6 rx_empty=1 rd_en=0 rd_data=xx
# [6617500000] DBG rx_done=0 count=0 wr_ptr=6 rd_ptr=6 rx_empty=1 rd_en=0 rd_data=xx
# [6618500000] DBG rx_done=0 count=0 wr_ptr=6 rd_ptr=6 rx_empty=1 rd_en=0 rd_data=xx
# [6619500000] DBG rx_done=0 count=0 wr_ptr=6 rd_ptr=6 rx_empty=1 rd_en=0 rd_data=xx
# [6620500000] DBG rx_done=0 count=0 wr_ptr=6 rd_ptr=6 rx_empty=1 rd_en=0 rd_data=xx
# [6621500000] DBG rx_done=0 count=0 wr_ptr=6 rd_ptr=6 rx_empty=1 rd_en=0 rd_data=xx
# [6622500000] DBG rx_done=0 count=0 wr_ptr=6 rd_ptr=6 rx_empty=1 rd_en=0 rd_data=xx
# [6623500000] DBG rx_done=0 count=0 wr_ptr=6 rd_ptr=6 rx_empty=1 rd_en=0 rd_data=xx
# [6624500000] DBG rx_done=0 count=0 wr_ptr=6 rd_ptr=6 rx_empty=1 rd_en=0 rd_data=xx
# [6625500000] DBG rx_done=0 count=0 wr_ptr=6 rd_ptr=6 rx_empty=1 rd_en=0 rd_data=xx
# [6626500000] DBG rx_done=0 count=0 wr_ptr=6 rd_ptr=6 rx_empty=1 rd_en=0 rd_data=xx
# [6627500000] DBG rx_done=0 count=0 wr_ptr=6 rd_ptr=6 rx_empty=1 rd_en=0 rd_data=xx
# [6628500000] DBG rx_done=0 count=0 wr_ptr=6 rd_ptr=6 rx_empty=1 rd_en=0 rd_data=xx
# [6629500000] DBG rx_done=0 count=0 wr_ptr=6 rd_ptr=6 rx_empty=1 rd_en=0 rd_data=xx
# [6630500000] DBG rx_done=0 count=0 wr_ptr=6 rd_ptr=6 rx_empty=1 rd_en=0 rd_data=xx
# [6631500000] DBG rx_done=0 count=0 wr_ptr=6 rd_ptr=6 rx_empty=1 rd_en=0 rd_data=xx
# [6632500000] DBG rx_done=0 count=0 wr_ptr=6 rd_ptr=6 rx_empty=1 rd_en=0 rd_data=xx
# [6633500000] DBG rx_done=0 count=0 wr_ptr=6 rd_ptr=6 rx_empty=1 rd_en=0 rd_data=xx
# [6634500000] DBG rx_done=0 count=0 wr_ptr=6 rd_ptr=6 rx_empty=1 rd_en=0 rd_data=xx
# [6635500000] DBG rx_done=0 count=0 wr_ptr=6 rd_ptr=6 rx_empty=1 rd_en=0 rd_data=xx
# [6636500000] DBG rx_done=0 count=0 wr_ptr=6 rd_ptr=6 rx_empty=1 rd_en=0 rd_data=xx
# [6637500000] DBG rx_done=0 count=0 wr_ptr=6 rd_ptr=6 rx_empty=1 rd_en=0 rd_data=xx
# [6638500000] DBG rx_done=0 count=0 wr_ptr=6 rd_ptr=6 rx_empty=1 rd_en=0 rd_data=xx
# [6639500000] DBG rx_done=0 count=0 wr_ptr=6 rd_ptr=6 rx_empty=1 rd_en=0 rd_data=xx
# [6640500000] DBG rx_done=0 count=0 wr_ptr=6 rd_ptr=6 rx_empty=1 rd_en=0 rd_data=xx
# [6641500000] DBG rx_done=0 count=0 wr_ptr=6 rd_ptr=6 rx_empty=1 rd_en=0 rd_data=xx
# [6642500000] DBG rx_done=0 count=0 wr_ptr=6 rd_ptr=6 rx_empty=1 rd_en=0 rd_data=xx
# [6643500000] DBG rx_done=0 count=0 wr_ptr=6 rd_ptr=6 rx_empty=1 rd_en=0 rd_data=xx
# [6644500000] DBG rx_done=0 count=0 wr_ptr=6 rd_ptr=6 rx_empty=1 rd_en=0 rd_data=xx
# [6645500000] DBG rx_done=0 count=0 wr_ptr=6 rd_ptr=6 rx_empty=1 rd_en=0 rd_data=xx
# [6646500000] DBG rx_done=0 count=0 wr_ptr=6 rd_ptr=6 rx_empty=1 rd_en=0 rd_data=xx
# [6647500000] DBG rx_done=0 count=0 wr_ptr=6 rd_ptr=6 rx_empty=1 rd_en=0 rd_data=xx
# [6648500000] DBG rx_done=0 count=0 wr_ptr=6 rd_ptr=6 rx_empty=1 rd_en=0 rd_data=xx
# [6649500000] DBG rx_done=0 count=0 wr_ptr=6 rd_ptr=6 rx_empty=1 rd_en=0 rd_data=xx
# [6650500000] DBG rx_done=0 count=0 wr_ptr=6 rd_ptr=6 rx_empty=1 rd_en=0 rd_data=xx
# [6651500000] DBG rx_done=0 count=0 wr_ptr=6 rd_ptr=6 rx_empty=1 rd_en=0 rd_data=xx
# [6652500000] DBG rx_done=0 count=0 wr_ptr=6 rd_ptr=6 rx_empty=1 rd_en=0 rd_data=xx
# [6653500000] DBG rx_done=0 count=0 wr_ptr=6 rd_ptr=6 rx_empty=1 rd_en=0 rd_data=xx
# [6654500000] DBG rx_done=0 count=0 wr_ptr=6 rd_ptr=6 rx_empty=1 rd_en=0 rd_data=xx
# [6655500000] DBG rx_done=0 count=0 wr_ptr=6 rd_ptr=6 rx_empty=1 rd_en=0 rd_data=xx
# [6656500000] DBG rx_done=0 count=0 wr_ptr=6 rd_ptr=6 rx_empty=1 rd_en=0 rd_data=xx
# [6657500000] DBG rx_done=0 count=0 wr_ptr=6 rd_ptr=6 rx_empty=1 rd_en=0 rd_data=xx
# [6658500000] DBG rx_done=0 count=0 wr_ptr=6 rd_ptr=6 rx_empty=1 rd_en=0 rd_data=xx
# [6659500000] DBG rx_done=0 count=0 wr_ptr=6 rd_ptr=6 rx_empty=1 rd_en=0 rd_data=xx
# [6660500000] DBG rx_done=0 count=0 wr_ptr=6 rd_ptr=6 rx_empty=1 rd_en=0 rd_data=xx
# [6661500000] DBG rx_done=0 count=0 wr_ptr=6 rd_ptr=6 rx_empty=1 rd_en=0 rd_data=xx
# [6662500000] DBG rx_done=0 count=0 wr_ptr=6 rd_ptr=6 rx_empty=1 rd_en=0 rd_data=xx
# [6663500000] DBG rx_done=0 count=0 wr_ptr=6 rd_ptr=6 rx_empty=1 rd_en=0 rd_data=xx
# [6664500000] DBG rx_done=0 count=0 wr_ptr=6 rd_ptr=6 rx_empty=1 rd_en=0 rd_data=xx
# [6665500000] DBG rx_done=0 count=0 wr_ptr=6 rd_ptr=6 rx_empty=1 rd_en=0 rd_data=xx
# [6666500000] DBG rx_done=0 count=0 wr_ptr=6 rd_ptr=6 rx_empty=1 rd_en=0 rd_data=xx
# [6667500000] DBG rx_done=0 count=0 wr_ptr=6 rd_ptr=6 rx_empty=1 rd_en=0 rd_data=xx
# [6668500000] DBG rx_done=0 count=0 wr_ptr=6 rd_ptr=6 rx_empty=1 rd_en=0 rd_data=xx
# [6669500000] DBG rx_done=0 count=0 wr_ptr=6 rd_ptr=6 rx_empty=1 rd_en=0 rd_data=xx
# [6670500000] DBG rx_done=0 count=0 wr_ptr=6 rd_ptr=6 rx_empty=1 rd_en=0 rd_data=xx
# [6671500000] DBG rx_done=0 count=0 wr_ptr=6 rd_ptr=6 rx_empty=1 rd_en=0 rd_data=xx
# [6672500000] DBG rx_done=0 count=0 wr_ptr=6 rd_ptr=6 rx_empty=1 rd_en=0 rd_data=xx
# [6673500000] DBG rx_done=0 count=0 wr_ptr=6 rd_ptr=6 rx_empty=1 rd_en=0 rd_data=xx
# [6674500000] DBG rx_done=0 count=0 wr_ptr=6 rd_ptr=6 rx_empty=1 rd_en=0 rd_data=xx
# [6675500000] DBG rx_done=0 count=0 wr_ptr=6 rd_ptr=6 rx_empty=1 rd_en=0 rd_data=xx
# [6676500000] DBG rx_done=0 count=0 wr_ptr=6 rd_ptr=6 rx_empty=1 rd_en=0 rd_data=xx
# [6677500000] DBG rx_done=0 count=0 wr_ptr=6 rd_ptr=6 rx_empty=1 rd_en=0 rd_data=xx
# [6678500000] DBG rx_done=0 count=0 wr_ptr=6 rd_ptr=6 rx_empty=1 rd_en=0 rd_data=xx
# [6679500000] DBG rx_done=0 count=0 wr_ptr=6 rd_ptr=6 rx_empty=1 rd_en=0 rd_data=xx
# [6680500000] DBG rx_done=0 count=0 wr_ptr=6 rd_ptr=6 rx_empty=1 rd_en=0 rd_data=xx
# [6681500000] DBG rx_done=0 count=0 wr_ptr=6 rd_ptr=6 rx_empty=1 rd_en=0 rd_data=xx
# [6682500000] DBG rx_done=0 count=0 wr_ptr=6 rd_ptr=6 rx_empty=1 rd_en=0 rd_data=xx
# [6683500000] DBG rx_done=0 count=0 wr_ptr=6 rd_ptr=6 rx_empty=1 rd_en=0 rd_data=xx
# [6684500000] DBG rx_done=0 count=0 wr_ptr=6 rd_ptr=6 rx_empty=1 rd_en=0 rd_data=xx
# [6685500000] DBG rx_done=0 count=0 wr_ptr=6 rd_ptr=6 rx_empty=1 rd_en=0 rd_data=xx
# [6686500000] DBG rx_done=0 count=0 wr_ptr=6 rd_ptr=6 rx_empty=1 rd_en=0 rd_data=xx
# [6687500000] DBG rx_done=0 count=0 wr_ptr=6 rd_ptr=6 rx_empty=1 rd_en=0 rd_data=xx
# [6688500000] DBG rx_done=0 count=0 wr_ptr=6 rd_ptr=6 rx_empty=1 rd_en=0 rd_data=xx
# [6689500000] DBG rx_done=0 count=0 wr_ptr=6 rd_ptr=6 rx_empty=1 rd_en=0 rd_data=xx
# [6690500000] DBG rx_done=0 count=0 wr_ptr=6 rd_ptr=6 rx_empty=1 rd_en=0 rd_data=xx
# [6691500000] DBG rx_done=0 count=0 wr_ptr=6 rd_ptr=6 rx_empty=1 rd_en=0 rd_data=xx
# [6692500000] DBG rx_done=0 count=0 wr_ptr=6 rd_ptr=6 rx_empty=1 rd_en=0 rd_data=xx
# [6693500000] DBG rx_done=0 count=0 wr_ptr=6 rd_ptr=6 rx_empty=1 rd_en=0 rd_data=xx
# [6694500000] DBG rx_done=0 count=0 wr_ptr=6 rd_ptr=6 rx_empty=1 rd_en=0 rd_data=xx
# [6695500000] DBG rx_done=0 count=0 wr_ptr=6 rd_ptr=6 rx_empty=1 rd_en=0 rd_data=xx
# [6696500000] DBG rx_done=0 count=0 wr_ptr=6 rd_ptr=6 rx_empty=1 rd_en=0 rd_data=xx
# [6697500000] DBG rx_done=0 count=0 wr_ptr=6 rd_ptr=6 rx_empty=1 rd_en=0 rd_data=xx
# [6698500000] DBG rx_done=0 count=0 wr_ptr=6 rd_ptr=6 rx_empty=1 rd_en=0 rd_data=xx
# [6699500000] DBG rx_done=0 count=0 wr_ptr=6 rd_ptr=6 rx_empty=1 rd_en=0 rd_data=xx
# [6700500000] DBG rx_done=0 count=0 wr_ptr=6 rd_ptr=6 rx_empty=1 rd_en=0 rd_data=xx
# [6701500000] DBG rx_done=0 count=0 wr_ptr=6 rd_ptr=6 rx_empty=1 rd_en=0 rd_data=xx
# [6702500000] DBG rx_done=0 count=0 wr_ptr=6 rd_ptr=6 rx_empty=1 rd_en=0 rd_data=xx
# [6703500000] DBG rx_done=0 count=0 wr_ptr=6 rd_ptr=6 rx_empty=1 rd_en=0 rd_data=xx
# [6704500000] DBG rx_done=0 count=0 wr_ptr=6 rd_ptr=6 rx_empty=1 rd_en=0 rd_data=xx
# [6705500000] DBG rx_done=0 count=0 wr_ptr=6 rd_ptr=6 rx_empty=1 rd_en=0 rd_data=xx
# [6706500000] DBG rx_done=0 count=0 wr_ptr=6 rd_ptr=6 rx_empty=1 rd_en=0 rd_data=xx
# [6707500000] DBG rx_done=0 count=0 wr_ptr=6 rd_ptr=6 rx_empty=1 rd_en=0 rd_data=xx
# [6708500000] DBG rx_done=0 count=0 wr_ptr=6 rd_ptr=6 rx_empty=1 rd_en=0 rd_data=xx
# [6709500000] DBG rx_done=0 count=0 wr_ptr=6 rd_ptr=6 rx_empty=1 rd_en=0 rd_data=xx
# [6710500000] DBG rx_done=0 count=0 wr_ptr=6 rd_ptr=6 rx_empty=1 rd_en=0 rd_data=xx
# [6711500000] DBG rx_done=0 count=0 wr_ptr=6 rd_ptr=6 rx_empty=1 rd_en=0 rd_data=xx
# [6712500000] DBG rx_done=0 count=0 wr_ptr=6 rd_ptr=6 rx_empty=1 rd_en=0 rd_data=xx
# [6713500000] DBG rx_done=0 count=0 wr_ptr=6 rd_ptr=6 rx_empty=1 rd_en=0 rd_data=xx
# [6714500000] DBG rx_done=0 count=0 wr_ptr=6 rd_ptr=6 rx_empty=1 rd_en=0 rd_data=xx
# [6715500000] DBG rx_done=0 count=0 wr_ptr=6 rd_ptr=6 rx_empty=1 rd_en=0 rd_data=xx
# [6716500000] DBG rx_done=0 count=0 wr_ptr=6 rd_ptr=6 rx_empty=1 rd_en=0 rd_data=xx
# [6717500000] DBG rx_done=0 count=0 wr_ptr=6 rd_ptr=6 rx_empty=1 rd_en=0 rd_data=xx
# [6718500000] DBG rx_done=0 count=0 wr_ptr=6 rd_ptr=6 rx_empty=1 rd_en=0 rd_data=xx
# [6719500000] DBG rx_done=0 count=0 wr_ptr=6 rd_ptr=6 rx_empty=1 rd_en=0 rd_data=xx
# [6720500000] DBG rx_done=0 count=0 wr_ptr=6 rd_ptr=6 rx_empty=1 rd_en=0 rd_data=xx
# [6721500000] DBG rx_done=0 count=0 wr_ptr=6 rd_ptr=6 rx_empty=1 rd_en=0 rd_data=xx
# [6722500000] DBG rx_done=0 count=0 wr_ptr=6 rd_ptr=6 rx_empty=1 rd_en=0 rd_data=xx
# [6723500000] DBG rx_done=0 count=0 wr_ptr=6 rd_ptr=6 rx_empty=1 rd_en=0 rd_data=xx
# [6724500000] DBG rx_done=0 count=0 wr_ptr=6 rd_ptr=6 rx_empty=1 rd_en=0 rd_data=xx
# [6725500000] DBG rx_done=0 count=0 wr_ptr=6 rd_ptr=6 rx_empty=1 rd_en=0 rd_data=xx
# [6726500000] DBG rx_done=0 count=0 wr_ptr=6 rd_ptr=6 rx_empty=1 rd_en=0 rd_data=xx
# [6727500000] DBG rx_done=0 count=0 wr_ptr=6 rd_ptr=6 rx_empty=1 rd_en=0 rd_data=xx
# [6728500000] DBG rx_done=0 count=0 wr_ptr=6 rd_ptr=6 rx_empty=1 rd_en=0 rd_data=xx
# [6729500000] DBG rx_done=0 count=0 wr_ptr=6 rd_ptr=6 rx_empty=1 rd_en=0 rd_data=xx
# [6730500000] DBG rx_done=0 count=0 wr_ptr=6 rd_ptr=6 rx_empty=1 rd_en=0 rd_data=xx
# [6731500000] DBG rx_done=0 count=0 wr_ptr=6 rd_ptr=6 rx_empty=1 rd_en=0 rd_data=xx
# [6732500000] DBG rx_done=0 count=0 wr_ptr=6 rd_ptr=6 rx_empty=1 rd_en=0 rd_data=xx
# [6733500000] DBG rx_done=0 count=0 wr_ptr=6 rd_ptr=6 rx_empty=1 rd_en=0 rd_data=xx
# [6734500000] DBG rx_done=0 count=0 wr_ptr=6 rd_ptr=6 rx_empty=1 rd_en=0 rd_data=xx
# [6735500000] DBG rx_done=0 count=0 wr_ptr=6 rd_ptr=6 rx_empty=1 rd_en=0 rd_data=xx
# [6736500000] DBG rx_done=0 count=0 wr_ptr=6 rd_ptr=6 rx_empty=1 rd_en=0 rd_data=xx
# [6737500000] DBG rx_done=0 count=0 wr_ptr=6 rd_ptr=6 rx_empty=1 rd_en=0 rd_data=xx
# [6738500000] DBG rx_done=0 count=0 wr_ptr=6 rd_ptr=6 rx_empty=1 rd_en=0 rd_data=xx
# [6739500000] DBG rx_done=0 count=0 wr_ptr=6 rd_ptr=6 rx_empty=1 rd_en=0 rd_data=xx
# [6740500000] DBG rx_done=0 count=0 wr_ptr=6 rd_ptr=6 rx_empty=1 rd_en=0 rd_data=xx
# [6741500000] DBG rx_done=0 count=0 wr_ptr=6 rd_ptr=6 rx_empty=1 rd_en=0 rd_data=xx
# [6742500000] DBG rx_done=0 count=0 wr_ptr=6 rd_ptr=6 rx_empty=1 rd_en=0 rd_data=xx
# [6743500000] DBG rx_done=0 count=0 wr_ptr=6 rd_ptr=6 rx_empty=1 rd_en=0 rd_data=xx
# [6744500000] DBG rx_done=0 count=0 wr_ptr=6 rd_ptr=6 rx_empty=1 rd_en=0 rd_data=xx
# [6745500000] DBG rx_done=0 count=0 wr_ptr=6 rd_ptr=6 rx_empty=1 rd_en=0 rd_data=xx
# [6746500000] DBG rx_done=0 count=0 wr_ptr=6 rd_ptr=6 rx_empty=1 rd_en=0 rd_data=xx
# [6747500000] DBG rx_done=0 count=0 wr_ptr=6 rd_ptr=6 rx_empty=1 rd_en=0 rd_data=xx
# [6748500000] DBG rx_done=0 count=0 wr_ptr=6 rd_ptr=6 rx_empty=1 rd_en=0 rd_data=xx
# [6749500000] DBG rx_done=0 count=0 wr_ptr=6 rd_ptr=6 rx_empty=1 rd_en=0 rd_data=xx
# [6750500000] DBG rx_done=0 count=0 wr_ptr=6 rd_ptr=6 rx_empty=1 rd_en=0 rd_data=xx
# [6751500000] DBG rx_done=0 count=0 wr_ptr=6 rd_ptr=6 rx_empty=1 rd_en=0 rd_data=xx
# [6752500000] DBG rx_done=0 count=0 wr_ptr=6 rd_ptr=6 rx_empty=1 rd_en=0 rd_data=xx
# [6753500000] DBG rx_done=0 count=0 wr_ptr=6 rd_ptr=6 rx_empty=1 rd_en=0 rd_data=xx
# [6754500000] DBG rx_done=0 count=0 wr_ptr=6 rd_ptr=6 rx_empty=1 rd_en=0 rd_data=xx
# [6755500000] DBG rx_done=0 count=0 wr_ptr=6 rd_ptr=6 rx_empty=1 rd_en=0 rd_data=xx
# [6756500000] DBG rx_done=0 count=0 wr_ptr=6 rd_ptr=6 rx_empty=1 rd_en=0 rd_data=xx
# [6757500000] DBG rx_done=0 count=0 wr_ptr=6 rd_ptr=6 rx_empty=1 rd_en=0 rd_data=xx
# [6758500000] DBG rx_done=0 count=0 wr_ptr=6 rd_ptr=6 rx_empty=1 rd_en=0 rd_data=xx
# [6759500000] DBG rx_done=0 count=0 wr_ptr=6 rd_ptr=6 rx_empty=1 rd_en=0 rd_data=xx
# [6760500000] DBG rx_done=0 count=0 wr_ptr=6 rd_ptr=6 rx_empty=1 rd_en=0 rd_data=xx
# [6761500000] DBG rx_done=0 count=0 wr_ptr=6 rd_ptr=6 rx_empty=1 rd_en=0 rd_data=xx
# [6762500000] DBG rx_done=0 count=0 wr_ptr=6 rd_ptr=6 rx_empty=1 rd_en=0 rd_data=xx
# [6763500000] DBG rx_done=0 count=0 wr_ptr=6 rd_ptr=6 rx_empty=1 rd_en=0 rd_data=xx
# [6764500000] DBG rx_done=0 count=0 wr_ptr=6 rd_ptr=6 rx_empty=1 rd_en=0 rd_data=xx
# [6765500000] DBG rx_done=0 count=0 wr_ptr=6 rd_ptr=6 rx_empty=1 rd_en=0 rd_data=xx
# [6766500000] DBG rx_done=0 count=0 wr_ptr=6 rd_ptr=6 rx_empty=1 rd_en=0 rd_data=xx
# [6767500000] DBG rx_done=0 count=0 wr_ptr=6 rd_ptr=6 rx_empty=1 rd_en=0 rd_data=xx
# [6768500000] DBG rx_done=0 count=0 wr_ptr=6 rd_ptr=6 rx_empty=1 rd_en=0 rd_data=xx
# [6769500000] DBG rx_done=0 count=0 wr_ptr=6 rd_ptr=6 rx_empty=1 rd_en=0 rd_data=xx
# [6770500000] DBG rx_done=0 count=0 wr_ptr=6 rd_ptr=6 rx_empty=1 rd_en=0 rd_data=xx
# [6771500000] DBG rx_done=0 count=0 wr_ptr=6 rd_ptr=6 rx_empty=1 rd_en=0 rd_data=xx
# [6772500000] DBG rx_done=0 count=0 wr_ptr=6 rd_ptr=6 rx_empty=1 rd_en=0 rd_data=xx
# [6773500000] DBG rx_done=1 count=0 wr_ptr=6 rd_ptr=6 rx_empty=1 rd_en=0 rd_data=xx
# [6774500000] DBG rx_done=0 count=1 wr_ptr=7 rd_ptr=6 rx_empty=0 rd_en=0 rd_data=42
# [6775500000] DBG rx_done=0 count=1 wr_ptr=7 rd_ptr=6 rx_empty=0 rd_en=1 rd_data=42
# [6775500000] ERROR: popped 0x42, expected 0x48
# [6776500000] DBG rx_done=0 count=0 wr_ptr=7 rd_ptr=7 rx_empty=1 rd_en=0 rd_data=xx
# [6777500000] DBG rx_done=0 count=0 wr_ptr=7 rd_ptr=7 rx_empty=1 rd_en=1 rd_data=xx
# [6777500000] ERROR: popped 0xxx, expected 0x49
# [6778500000] DBG rx_done=0 count=0 wr_ptr=7 rd_ptr=7 rx_empty=1 rd_en=0 rd_data=xx
# [6779500000] DBG rx_done=0 count=0 wr_ptr=7 rd_ptr=7 rx_empty=1 rd_en=0 rd_data=xx
# [6780500000] DBG rx_done=0 count=0 wr_ptr=7 rd_ptr=7 rx_empty=1 rd_en=0 rd_data=xx
# [6781500000] DBG rx_done=0 count=0 wr_ptr=7 rd_ptr=7 rx_empty=1 rd_en=0 rd_data=xx
# [6782500000] DBG rx_done=0 count=0 wr_ptr=7 rd_ptr=7 rx_empty=1 rd_en=0 rd_data=xx
# [6783500000] DBG rx_done=0 count=0 wr_ptr=7 rd_ptr=7 rx_empty=1 rd_en=0 rd_data=xx
# [6784500000] DBG rx_done=0 count=0 wr_ptr=7 rd_ptr=7 rx_empty=1 rd_en=0 rd_data=xx
# [6785500000] DBG rx_done=0 count=0 wr_ptr=7 rd_ptr=7 rx_empty=1 rd_en=0 rd_data=xx
# [6786500000] DBG rx_done=0 count=0 wr_ptr=7 rd_ptr=7 rx_empty=1 rd_en=0 rd_data=xx
# [6787500000] DBG rx_done=0 count=0 wr_ptr=7 rd_ptr=7 rx_empty=1 rd_en=0 rd_data=xx
# [6788500000] DBG rx_done=0 count=0 wr_ptr=7 rd_ptr=7 rx_empty=1 rd_en=0 rd_data=xx
# [6789500000] DBG rx_done=0 count=0 wr_ptr=7 rd_ptr=7 rx_empty=1 rd_en=0 rd_data=xx
# [6790500000] DBG rx_done=0 count=0 wr_ptr=7 rd_ptr=7 rx_empty=1 rd_en=0 rd_data=xx
# [6791500000] DBG rx_done=0 count=0 wr_ptr=7 rd_ptr=7 rx_empty=1 rd_en=0 rd_data=xx
# [6792500000] DBG rx_done=0 count=0 wr_ptr=7 rd_ptr=7 rx_empty=1 rd_en=0 rd_data=xx
# [6793500000] DBG rx_done=0 count=0 wr_ptr=7 rd_ptr=7 rx_empty=1 rd_en=0 rd_data=xx
# [6794500000] DBG rx_done=0 count=0 wr_ptr=7 rd_ptr=7 rx_empty=1 rd_en=0 rd_data=xx
# [6795500000] DBG rx_done=0 count=0 wr_ptr=7 rd_ptr=7 rx_empty=1 rd_en=0 rd_data=xx
# [6796500000] DBG rx_done=0 count=0 wr_ptr=7 rd_ptr=7 rx_empty=1 rd_en=0 rd_data=xx
# [6797500000] DBG rx_done=0 count=0 wr_ptr=7 rd_ptr=7 rx_empty=1 rd_en=0 rd_data=xx
# [6798500000] DBG rx_done=0 count=0 wr_ptr=7 rd_ptr=7 rx_empty=1 rd_en=0 rd_data=xx
# [6799500000] DBG rx_done=0 count=0 wr_ptr=7 rd_ptr=7 rx_empty=1 rd_en=0 rd_data=xx
# [6800500000] DBG rx_done=0 count=0 wr_ptr=7 rd_ptr=7 rx_empty=1 rd_en=0 rd_data=xx
# [6801500000] DBG rx_done=0 count=0 wr_ptr=7 rd_ptr=7 rx_empty=1 rd_en=0 rd_data=xx
# [6802500000] DBG rx_done=0 count=0 wr_ptr=7 rd_ptr=7 rx_empty=1 rd_en=0 rd_data=xx
# [6803500000] DBG rx_done=0 count=0 wr_ptr=7 rd_ptr=7 rx_empty=1 rd_en=0 rd_data=xx
# [6804500000] DBG rx_done=0 count=0 wr_ptr=7 rd_ptr=7 rx_empty=1 rd_en=0 rd_data=xx
# [6805500000] DBG rx_done=0 count=0 wr_ptr=7 rd_ptr=7 rx_empty=1 rd_en=0 rd_data=xx
# [6806500000] DBG rx_done=0 count=0 wr_ptr=7 rd_ptr=7 rx_empty=1 rd_en=0 rd_data=xx
# [6807500000] DBG rx_done=0 count=0 wr_ptr=7 rd_ptr=7 rx_empty=1 rd_en=0 rd_data=xx
# [6808500000] DBG rx_done=0 count=0 wr_ptr=7 rd_ptr=7 rx_empty=1 rd_en=0 rd_data=xx
# [6809500000] DBG rx_done=0 count=0 wr_ptr=7 rd_ptr=7 rx_empty=1 rd_en=0 rd_data=xx
# [6810500000] DBG rx_done=0 count=0 wr_ptr=7 rd_ptr=7 rx_empty=1 rd_en=0 rd_data=xx
# [6811500000] DBG rx_done=0 count=0 wr_ptr=7 rd_ptr=7 rx_empty=1 rd_en=0 rd_data=xx
# [6812500000] DBG rx_done=0 count=0 wr_ptr=7 rd_ptr=7 rx_empty=1 rd_en=0 rd_data=xx
# [6813500000] DBG rx_done=0 count=0 wr_ptr=7 rd_ptr=7 rx_empty=1 rd_en=0 rd_data=xx
# [6814500000] DBG rx_done=0 count=0 wr_ptr=7 rd_ptr=7 rx_empty=1 rd_en=0 rd_data=xx
# [6815500000] DBG rx_done=0 count=0 wr_ptr=7 rd_ptr=7 rx_empty=1 rd_en=0 rd_data=xx
# [6816500000] DBG rx_done=0 count=0 wr_ptr=7 rd_ptr=7 rx_empty=1 rd_en=0 rd_data=xx
# [6817500000] DBG rx_done=0 count=0 wr_ptr=7 rd_ptr=7 rx_empty=1 rd_en=0 rd_data=xx
# [6818500000] DBG rx_done=0 count=0 wr_ptr=7 rd_ptr=7 rx_empty=1 rd_en=0 rd_data=xx
# [6819500000] DBG rx_done=0 count=0 wr_ptr=7 rd_ptr=7 rx_empty=1 rd_en=0 rd_data=xx
# [6820500000] DBG rx_done=0 count=0 wr_ptr=7 rd_ptr=7 rx_empty=1 rd_en=0 rd_data=xx
# [6821500000] DBG rx_done=0 count=0 wr_ptr=7 rd_ptr=7 rx_empty=1 rd_en=0 rd_data=xx
# [6822500000] DBG rx_done=0 count=0 wr_ptr=7 rd_ptr=7 rx_empty=1 rd_en=0 rd_data=xx
# [6823500000] DBG rx_done=0 count=0 wr_ptr=7 rd_ptr=7 rx_empty=1 rd_en=0 rd_data=xx
# [6824500000] DBG rx_done=0 count=0 wr_ptr=7 rd_ptr=7 rx_empty=1 rd_en=0 rd_data=xx
# [6825500000] DBG rx_done=0 count=0 wr_ptr=7 rd_ptr=7 rx_empty=1 rd_en=0 rd_data=xx
# [6826500000] DBG rx_done=0 count=0 wr_ptr=7 rd_ptr=7 rx_empty=1 rd_en=0 rd_data=xx
# [6827500000] DBG rx_done=0 count=0 wr_ptr=7 rd_ptr=7 rx_empty=1 rd_en=0 rd_data=xx
# [6828500000] DBG rx_done=0 count=0 wr_ptr=7 rd_ptr=7 rx_empty=1 rd_en=0 rd_data=xx
# [6829500000] DBG rx_done=0 count=0 wr_ptr=7 rd_ptr=7 rx_empty=1 rd_en=0 rd_data=xx
# [6830500000] DBG rx_done=0 count=0 wr_ptr=7 rd_ptr=7 rx_empty=1 rd_en=0 rd_data=xx
# [6831500000] DBG rx_done=0 count=0 wr_ptr=7 rd_ptr=7 rx_empty=1 rd_en=0 rd_data=xx
# [6832500000] DBG rx_done=0 count=0 wr_ptr=7 rd_ptr=7 rx_empty=1 rd_en=0 rd_data=xx
# [6833500000] DBG rx_done=0 count=0 wr_ptr=7 rd_ptr=7 rx_empty=1 rd_en=0 rd_data=xx
# [6834500000] DBG rx_done=0 count=0 wr_ptr=7 rd_ptr=7 rx_empty=1 rd_en=0 rd_data=xx
# [6835500000] DBG rx_done=0 count=0 wr_ptr=7 rd_ptr=7 rx_empty=1 rd_en=0 rd_data=xx
# [6836500000] DBG rx_done=0 count=0 wr_ptr=7 rd_ptr=7 rx_empty=1 rd_en=0 rd_data=xx
# [6837500000] DBG rx_done=0 count=0 wr_ptr=7 rd_ptr=7 rx_empty=1 rd_en=0 rd_data=xx
# [6838500000] DBG rx_done=0 count=0 wr_ptr=7 rd_ptr=7 rx_empty=1 rd_en=0 rd_data=xx
# [6839500000] DBG rx_done=0 count=0 wr_ptr=7 rd_ptr=7 rx_empty=1 rd_en=0 rd_data=xx
# [6840500000] DBG rx_done=0 count=0 wr_ptr=7 rd_ptr=7 rx_empty=1 rd_en=0 rd_data=xx
# [6841500000] DBG rx_done=0 count=0 wr_ptr=7 rd_ptr=7 rx_empty=1 rd_en=0 rd_data=xx
# [6842500000] DBG rx_done=0 count=0 wr_ptr=7 rd_ptr=7 rx_empty=1 rd_en=0 rd_data=xx
# [6843500000] DBG rx_done=0 count=0 wr_ptr=7 rd_ptr=7 rx_empty=1 rd_en=0 rd_data=xx
# [6844500000] DBG rx_done=0 count=0 wr_ptr=7 rd_ptr=7 rx_empty=1 rd_en=0 rd_data=xx
# [6845500000] DBG rx_done=0 count=0 wr_ptr=7 rd_ptr=7 rx_empty=1 rd_en=0 rd_data=xx
# [6846500000] DBG rx_done=0 count=0 wr_ptr=7 rd_ptr=7 rx_empty=1 rd_en=0 rd_data=xx
# [6847500000] DBG rx_done=0 count=0 wr_ptr=7 rd_ptr=7 rx_empty=1 rd_en=0 rd_data=xx
# [6848500000] DBG rx_done=0 count=0 wr_ptr=7 rd_ptr=7 rx_empty=1 rd_en=0 rd_data=xx
# [6849500000] DBG rx_done=0 count=0 wr_ptr=7 rd_ptr=7 rx_empty=1 rd_en=0 rd_data=xx
# [6850500000] DBG rx_done=0 count=0 wr_ptr=7 rd_ptr=7 rx_empty=1 rd_en=0 rd_data=xx
# [6851500000] DBG rx_done=0 count=0 wr_ptr=7 rd_ptr=7 rx_empty=1 rd_en=0 rd_data=xx
# [6852500000] DBG rx_done=0 count=0 wr_ptr=7 rd_ptr=7 rx_empty=1 rd_en=0 rd_data=xx
# [6853500000] DBG rx_done=0 count=0 wr_ptr=7 rd_ptr=7 rx_empty=1 rd_en=0 rd_data=xx
# [6854500000] DBG rx_done=0 count=0 wr_ptr=7 rd_ptr=7 rx_empty=1 rd_en=0 rd_data=xx
# [6855500000] DBG rx_done=0 count=0 wr_ptr=7 rd_ptr=7 rx_empty=1 rd_en=0 rd_data=xx
# [6856500000] DBG rx_done=0 count=0 wr_ptr=7 rd_ptr=7 rx_empty=1 rd_en=0 rd_data=xx
# [6857500000] DBG rx_done=0 count=0 wr_ptr=7 rd_ptr=7 rx_empty=1 rd_en=0 rd_data=xx
# [6858500000] DBG rx_done=0 count=0 wr_ptr=7 rd_ptr=7 rx_empty=1 rd_en=0 rd_data=xx
# [6859500000] DBG rx_done=0 count=0 wr_ptr=7 rd_ptr=7 rx_empty=1 rd_en=0 rd_data=xx
# [6860500000] DBG rx_done=0 count=0 wr_ptr=7 rd_ptr=7 rx_empty=1 rd_en=0 rd_data=xx
# [6861500000] DBG rx_done=0 count=0 wr_ptr=7 rd_ptr=7 rx_empty=1 rd_en=0 rd_data=xx
# [6862500000] DBG rx_done=0 count=0 wr_ptr=7 rd_ptr=7 rx_empty=1 rd_en=0 rd_data=xx
# [6863500000] DBG rx_done=0 count=0 wr_ptr=7 rd_ptr=7 rx_empty=1 rd_en=0 rd_data=xx
# [6864500000] DBG rx_done=0 count=0 wr_ptr=7 rd_ptr=7 rx_empty=1 rd_en=0 rd_data=xx
# [6865500000] DBG rx_done=0 count=0 wr_ptr=7 rd_ptr=7 rx_empty=1 rd_en=0 rd_data=xx
# [6866500000] DBG rx_done=0 count=0 wr_ptr=7 rd_ptr=7 rx_empty=1 rd_en=0 rd_data=xx
# [6867500000] DBG rx_done=0 count=0 wr_ptr=7 rd_ptr=7 rx_empty=1 rd_en=0 rd_data=xx
# [6868500000] DBG rx_done=0 count=0 wr_ptr=7 rd_ptr=7 rx_empty=1 rd_en=0 rd_data=xx
# [6869500000] DBG rx_done=0 count=0 wr_ptr=7 rd_ptr=7 rx_empty=1 rd_en=0 rd_data=xx
# [6870500000] DBG rx_done=0 count=0 wr_ptr=7 rd_ptr=7 rx_empty=1 rd_en=0 rd_data=xx
# [6871500000] DBG rx_done=0 count=0 wr_ptr=7 rd_ptr=7 rx_empty=1 rd_en=0 rd_data=xx
# [6872500000] DBG rx_done=0 count=0 wr_ptr=7 rd_ptr=7 rx_empty=1 rd_en=0 rd_data=xx
# [6873500000] DBG rx_done=0 count=0 wr_ptr=7 rd_ptr=7 rx_empty=1 rd_en=0 rd_data=xx
# [6874500000] DBG rx_done=0 count=0 wr_ptr=7 rd_ptr=7 rx_empty=1 rd_en=0 rd_data=xx
# [6875500000] DBG rx_done=0 count=0 wr_ptr=7 rd_ptr=7 rx_empty=1 rd_en=0 rd_data=xx
# [6876500000] DBG rx_done=0 count=0 wr_ptr=7 rd_ptr=7 rx_empty=1 rd_en=0 rd_data=xx
# [6877500000] DBG rx_done=0 count=0 wr_ptr=7 rd_ptr=7 rx_empty=1 rd_en=0 rd_data=xx
# [6878500000] DBG rx_done=0 count=0 wr_ptr=7 rd_ptr=7 rx_empty=1 rd_en=0 rd_data=xx
# [6879500000] DBG rx_done=0 count=0 wr_ptr=7 rd_ptr=7 rx_empty=1 rd_en=0 rd_data=xx
# [6880500000] DBG rx_done=0 count=0 wr_ptr=7 rd_ptr=7 rx_empty=1 rd_en=0 rd_data=xx
# [6881500000] DBG rx_done=0 count=0 wr_ptr=7 rd_ptr=7 rx_empty=1 rd_en=0 rd_data=xx
# [6882500000] DBG rx_done=0 count=0 wr_ptr=7 rd_ptr=7 rx_empty=1 rd_en=0 rd_data=xx
# [6883500000] DBG rx_done=0 count=0 wr_ptr=7 rd_ptr=7 rx_empty=1 rd_en=0 rd_data=xx
# [6884500000] DBG rx_done=0 count=0 wr_ptr=7 rd_ptr=7 rx_empty=1 rd_en=0 rd_data=xx
# [6885500000] DBG rx_done=0 count=0 wr_ptr=7 rd_ptr=7 rx_empty=1 rd_en=0 rd_data=xx
# [6886500000] DBG rx_done=0 count=0 wr_ptr=7 rd_ptr=7 rx_empty=1 rd_en=0 rd_data=xx
# [6887500000] DBG rx_done=0 count=0 wr_ptr=7 rd_ptr=7 rx_empty=1 rd_en=0 rd_data=xx
# [6888500000] DBG rx_done=0 count=0 wr_ptr=7 rd_ptr=7 rx_empty=1 rd_en=0 rd_data=xx
# [6889500000] DBG rx_done=0 count=0 wr_ptr=7 rd_ptr=7 rx_empty=1 rd_en=0 rd_data=xx
# [6890500000] DBG rx_done=0 count=0 wr_ptr=7 rd_ptr=7 rx_empty=1 rd_en=0 rd_data=xx
# [6891500000] DBG rx_done=0 count=0 wr_ptr=7 rd_ptr=7 rx_empty=1 rd_en=0 rd_data=xx
# [6892500000] DBG rx_done=0 count=0 wr_ptr=7 rd_ptr=7 rx_empty=1 rd_en=0 rd_data=xx
# [6893500000] DBG rx_done=0 count=0 wr_ptr=7 rd_ptr=7 rx_empty=1 rd_en=0 rd_data=xx
# [6894500000] DBG rx_done=0 count=0 wr_ptr=7 rd_ptr=7 rx_empty=1 rd_en=0 rd_data=xx
# [6895500000] DBG rx_done=0 count=0 wr_ptr=7 rd_ptr=7 rx_empty=1 rd_en=0 rd_data=xx
# [6896500000] DBG rx_done=0 count=0 wr_ptr=7 rd_ptr=7 rx_empty=1 rd_en=0 rd_data=xx
# [6897500000] DBG rx_done=0 count=0 wr_ptr=7 rd_ptr=7 rx_empty=1 rd_en=0 rd_data=xx
# [6898500000] DBG rx_done=0 count=0 wr_ptr=7 rd_ptr=7 rx_empty=1 rd_en=0 rd_data=xx
# [6899500000] DBG rx_done=0 count=0 wr_ptr=7 rd_ptr=7 rx_empty=1 rd_en=0 rd_data=xx
# [6900500000] DBG rx_done=0 count=0 wr_ptr=7 rd_ptr=7 rx_empty=1 rd_en=0 rd_data=xx
# [6901500000] DBG rx_done=0 count=0 wr_ptr=7 rd_ptr=7 rx_empty=1 rd_en=0 rd_data=xx
# [6902500000] DBG rx_done=0 count=0 wr_ptr=7 rd_ptr=7 rx_empty=1 rd_en=0 rd_data=xx
# [6903500000] DBG rx_done=0 count=0 wr_ptr=7 rd_ptr=7 rx_empty=1 rd_en=0 rd_data=xx
# [6904500000] DBG rx_done=0 count=0 wr_ptr=7 rd_ptr=7 rx_empty=1 rd_en=0 rd_data=xx
# [6905500000] DBG rx_done=0 count=0 wr_ptr=7 rd_ptr=7 rx_empty=1 rd_en=0 rd_data=xx
# [6906500000] DBG rx_done=0 count=0 wr_ptr=7 rd_ptr=7 rx_empty=1 rd_en=0 rd_data=xx
# [6907500000] DBG rx_done=0 count=0 wr_ptr=7 rd_ptr=7 rx_empty=1 rd_en=0 rd_data=xx
# [6908500000] DBG rx_done=0 count=0 wr_ptr=7 rd_ptr=7 rx_empty=1 rd_en=0 rd_data=xx
# [6909500000] DBG rx_done=0 count=0 wr_ptr=7 rd_ptr=7 rx_empty=1 rd_en=0 rd_data=xx
# [6910500000] DBG rx_done=0 count=0 wr_ptr=7 rd_ptr=7 rx_empty=1 rd_en=0 rd_data=xx
# [6911500000] DBG rx_done=0 count=0 wr_ptr=7 rd_ptr=7 rx_empty=1 rd_en=0 rd_data=xx
# [6912500000] DBG rx_done=0 count=0 wr_ptr=7 rd_ptr=7 rx_empty=1 rd_en=0 rd_data=xx
# [6913500000] DBG rx_done=0 count=0 wr_ptr=7 rd_ptr=7 rx_empty=1 rd_en=0 rd_data=xx
# [6914500000] DBG rx_done=0 count=0 wr_ptr=7 rd_ptr=7 rx_empty=1 rd_en=0 rd_data=xx
# [6915500000] DBG rx_done=0 count=0 wr_ptr=7 rd_ptr=7 rx_empty=1 rd_en=0 rd_data=xx
# [6916500000] DBG rx_done=0 count=0 wr_ptr=7 rd_ptr=7 rx_empty=1 rd_en=0 rd_data=xx
# [6917500000] DBG rx_done=0 count=0 wr_ptr=7 rd_ptr=7 rx_empty=1 rd_en=0 rd_data=xx
# [6918500000] DBG rx_done=0 count=0 wr_ptr=7 rd_ptr=7 rx_empty=1 rd_en=0 rd_data=xx
# [6919500000] DBG rx_done=0 count=0 wr_ptr=7 rd_ptr=7 rx_empty=1 rd_en=0 rd_data=xx
# [6920500000] DBG rx_done=0 count=0 wr_ptr=7 rd_ptr=7 rx_empty=1 rd_en=0 rd_data=xx
# [6921500000] DBG rx_done=0 count=0 wr_ptr=7 rd_ptr=7 rx_empty=1 rd_en=0 rd_data=xx
# [6922500000] DBG rx_done=0 count=0 wr_ptr=7 rd_ptr=7 rx_empty=1 rd_en=0 rd_data=xx
# [6923500000] DBG rx_done=0 count=0 wr_ptr=7 rd_ptr=7 rx_empty=1 rd_en=0 rd_data=xx
# [6924500000] DBG rx_done=0 count=0 wr_ptr=7 rd_ptr=7 rx_empty=1 rd_en=0 rd_data=xx
# [6925500000] DBG rx_done=0 count=0 wr_ptr=7 rd_ptr=7 rx_empty=1 rd_en=0 rd_data=xx
# [6926500000] DBG rx_done=0 count=0 wr_ptr=7 rd_ptr=7 rx_empty=1 rd_en=0 rd_data=xx
# [6927500000] DBG rx_done=0 count=0 wr_ptr=7 rd_ptr=7 rx_empty=1 rd_en=0 rd_data=xx
# [6928500000] DBG rx_done=0 count=0 wr_ptr=7 rd_ptr=7 rx_empty=1 rd_en=0 rd_data=xx
# [6929500000] DBG rx_done=0 count=0 wr_ptr=7 rd_ptr=7 rx_empty=1 rd_en=0 rd_data=xx
# [6930500000] DBG rx_done=0 count=0 wr_ptr=7 rd_ptr=7 rx_empty=1 rd_en=0 rd_data=xx
# [6931500000] DBG rx_done=0 count=0 wr_ptr=7 rd_ptr=7 rx_empty=1 rd_en=0 rd_data=xx
# [6932500000] DBG rx_done=0 count=0 wr_ptr=7 rd_ptr=7 rx_empty=1 rd_en=0 rd_data=xx
# [6933500000] DBG rx_done=0 count=0 wr_ptr=7 rd_ptr=7 rx_empty=1 rd_en=0 rd_data=xx
# [6934500000] DBG rx_done=0 count=0 wr_ptr=7 rd_ptr=7 rx_empty=1 rd_en=0 rd_data=xx
# [6935500000] DBG rx_done=0 count=0 wr_ptr=7 rd_ptr=7 rx_empty=1 rd_en=0 rd_data=xx
# [6936500000] DBG rx_done=0 count=0 wr_ptr=7 rd_ptr=7 rx_empty=1 rd_en=0 rd_data=xx
# [6937500000] DBG rx_done=0 count=0 wr_ptr=7 rd_ptr=7 rx_empty=1 rd_en=0 rd_data=xx
# [6938500000] DBG rx_done=0 count=0 wr_ptr=7 rd_ptr=7 rx_empty=1 rd_en=0 rd_data=xx
# [6939500000] DBG rx_done=0 count=0 wr_ptr=7 rd_ptr=7 rx_empty=1 rd_en=0 rd_data=xx
# [6940500000] DBG rx_done=0 count=0 wr_ptr=7 rd_ptr=7 rx_empty=1 rd_en=0 rd_data=xx
# [6941500000] DBG rx_done=0 count=0 wr_ptr=7 rd_ptr=7 rx_empty=1 rd_en=0 rd_data=xx
# [6942500000] DBG rx_done=0 count=0 wr_ptr=7 rd_ptr=7 rx_empty=1 rd_en=0 rd_data=xx
# [6943500000] DBG rx_done=0 count=0 wr_ptr=7 rd_ptr=7 rx_empty=1 rd_en=0 rd_data=xx
# [6944500000] DBG rx_done=0 count=0 wr_ptr=7 rd_ptr=7 rx_empty=1 rd_en=0 rd_data=xx
# [6945500000] DBG rx_done=0 count=0 wr_ptr=7 rd_ptr=7 rx_empty=1 rd_en=0 rd_data=xx
# [6946500000] DBG rx_done=0 count=0 wr_ptr=7 rd_ptr=7 rx_empty=1 rd_en=0 rd_data=xx
# [6947500000] DBG rx_done=0 count=0 wr_ptr=7 rd_ptr=7 rx_empty=1 rd_en=0 rd_data=xx
# [6948500000] DBG rx_done=0 count=0 wr_ptr=7 rd_ptr=7 rx_empty=1 rd_en=0 rd_data=xx
# [6949500000] DBG rx_done=0 count=0 wr_ptr=7 rd_ptr=7 rx_empty=1 rd_en=0 rd_data=xx
# [6950500000] DBG rx_done=0 count=0 wr_ptr=7 rd_ptr=7 rx_empty=1 rd_en=0 rd_data=xx
# [6951500000] DBG rx_done=0 count=0 wr_ptr=7 rd_ptr=7 rx_empty=1 rd_en=0 rd_data=xx
# [6952500000] DBG rx_done=0 count=0 wr_ptr=7 rd_ptr=7 rx_empty=1 rd_en=0 rd_data=xx
# [6953500000] DBG rx_done=0 count=0 wr_ptr=7 rd_ptr=7 rx_empty=1 rd_en=0 rd_data=xx
# [6954500000] DBG rx_done=0 count=0 wr_ptr=7 rd_ptr=7 rx_empty=1 rd_en=0 rd_data=xx
# [6955500000] DBG rx_done=0 count=0 wr_ptr=7 rd_ptr=7 rx_empty=1 rd_en=0 rd_data=xx
# [6956500000] DBG rx_done=0 count=0 wr_ptr=7 rd_ptr=7 rx_empty=1 rd_en=0 rd_data=xx
# [6957500000] DBG rx_done=0 count=0 wr_ptr=7 rd_ptr=7 rx_empty=1 rd_en=0 rd_data=xx
# [6958500000] DBG rx_done=0 count=0 wr_ptr=7 rd_ptr=7 rx_empty=1 rd_en=0 rd_data=xx
# [6959500000] DBG rx_done=0 count=0 wr_ptr=7 rd_ptr=7 rx_empty=1 rd_en=0 rd_data=xx
# [6960500000] DBG rx_done=0 count=0 wr_ptr=7 rd_ptr=7 rx_empty=1 rd_en=0 rd_data=xx
# [6961500000] DBG rx_done=0 count=0 wr_ptr=7 rd_ptr=7 rx_empty=1 rd_en=0 rd_data=xx
# [6962500000] DBG rx_done=0 count=0 wr_ptr=7 rd_ptr=7 rx_empty=1 rd_en=0 rd_data=xx
# [6963500000] DBG rx_done=0 count=0 wr_ptr=7 rd_ptr=7 rx_empty=1 rd_en=0 rd_data=xx
# [6964500000] DBG rx_done=0 count=0 wr_ptr=7 rd_ptr=7 rx_empty=1 rd_en=0 rd_data=xx
# [6965500000] DBG rx_done=0 count=0 wr_ptr=7 rd_ptr=7 rx_empty=1 rd_en=0 rd_data=xx
# [6966500000] DBG rx_done=0 count=0 wr_ptr=7 rd_ptr=7 rx_empty=1 rd_en=0 rd_data=xx
# [6967500000] DBG rx_done=0 count=0 wr_ptr=7 rd_ptr=7 rx_empty=1 rd_en=0 rd_data=xx
# [6968500000] DBG rx_done=0 count=0 wr_ptr=7 rd_ptr=7 rx_empty=1 rd_en=0 rd_data=xx
# [6969500000] DBG rx_done=0 count=0 wr_ptr=7 rd_ptr=7 rx_empty=1 rd_en=0 rd_data=xx
# [6970500000] DBG rx_done=0 count=0 wr_ptr=7 rd_ptr=7 rx_empty=1 rd_en=0 rd_data=xx
# [6971500000] DBG rx_done=0 count=0 wr_ptr=7 rd_ptr=7 rx_empty=1 rd_en=0 rd_data=xx
# [6972500000] DBG rx_done=0 count=0 wr_ptr=7 rd_ptr=7 rx_empty=1 rd_en=0 rd_data=xx
# [6973500000] DBG rx_done=0 count=0 wr_ptr=7 rd_ptr=7 rx_empty=1 rd_en=0 rd_data=xx
# [6974500000] DBG rx_done=0 count=0 wr_ptr=7 rd_ptr=7 rx_empty=1 rd_en=0 rd_data=xx
# [6975500000] DBG rx_done=0 count=0 wr_ptr=7 rd_ptr=7 rx_empty=1 rd_en=0 rd_data=xx
# [6976500000] DBG rx_done=0 count=0 wr_ptr=7 rd_ptr=7 rx_empty=1 rd_en=0 rd_data=xx
# [6977500000] DBG rx_done=0 count=0 wr_ptr=7 rd_ptr=7 rx_empty=1 rd_en=0 rd_data=xx
# [6978500000] DBG rx_done=0 count=0 wr_ptr=7 rd_ptr=7 rx_empty=1 rd_en=0 rd_data=xx
# [6979500000] DBG rx_done=0 count=0 wr_ptr=7 rd_ptr=7 rx_empty=1 rd_en=0 rd_data=xx
# [6980500000] DBG rx_done=0 count=0 wr_ptr=7 rd_ptr=7 rx_empty=1 rd_en=0 rd_data=xx
# [6981500000] DBG rx_done=0 count=0 wr_ptr=7 rd_ptr=7 rx_empty=1 rd_en=0 rd_data=xx
# [6982500000] DBG rx_done=0 count=0 wr_ptr=7 rd_ptr=7 rx_empty=1 rd_en=0 rd_data=xx
# [6983500000] DBG rx_done=0 count=0 wr_ptr=7 rd_ptr=7 rx_empty=1 rd_en=0 rd_data=xx
# [6984500000] DBG rx_done=0 count=0 wr_ptr=7 rd_ptr=7 rx_empty=1 rd_en=0 rd_data=xx
# [6985500000] DBG rx_done=0 count=0 wr_ptr=7 rd_ptr=7 rx_empty=1 rd_en=0 rd_data=xx
# [6986500000] DBG rx_done=0 count=0 wr_ptr=7 rd_ptr=7 rx_empty=1 rd_en=0 rd_data=xx
# [6987500000] DBG rx_done=0 count=0 wr_ptr=7 rd_ptr=7 rx_empty=1 rd_en=0 rd_data=xx
# [6988500000] DBG rx_done=0 count=0 wr_ptr=7 rd_ptr=7 rx_empty=1 rd_en=0 rd_data=xx
# [6989500000] DBG rx_done=0 count=0 wr_ptr=7 rd_ptr=7 rx_empty=1 rd_en=0 rd_data=xx
# [6990500000] DBG rx_done=0 count=0 wr_ptr=7 rd_ptr=7 rx_empty=1 rd_en=0 rd_data=xx
# [6991500000] DBG rx_done=0 count=0 wr_ptr=7 rd_ptr=7 rx_empty=1 rd_en=0 rd_data=xx
# [6992500000] DBG rx_done=0 count=0 wr_ptr=7 rd_ptr=7 rx_empty=1 rd_en=0 rd_data=xx
# [6993500000] DBG rx_done=0 count=0 wr_ptr=7 rd_ptr=7 rx_empty=1 rd_en=0 rd_data=xx
# [6994500000] DBG rx_done=0 count=0 wr_ptr=7 rd_ptr=7 rx_empty=1 rd_en=0 rd_data=xx
# [6995500000] DBG rx_done=0 count=0 wr_ptr=7 rd_ptr=7 rx_empty=1 rd_en=0 rd_data=xx
# [6996500000] DBG rx_done=0 count=0 wr_ptr=7 rd_ptr=7 rx_empty=1 rd_en=0 rd_data=xx
# [6997500000] DBG rx_done=0 count=0 wr_ptr=7 rd_ptr=7 rx_empty=1 rd_en=0 rd_data=xx
# [6998500000] DBG rx_done=0 count=0 wr_ptr=7 rd_ptr=7 rx_empty=1 rd_en=0 rd_data=xx
# [6999500000] DBG rx_done=0 count=0 wr_ptr=7 rd_ptr=7 rx_empty=1 rd_en=0 rd_data=xx
# [7000500000] DBG rx_done=0 count=0 wr_ptr=7 rd_ptr=7 rx_empty=1 rd_en=0 rd_data=xx
# [7001500000] DBG rx_done=0 count=0 wr_ptr=7 rd_ptr=7 rx_empty=1 rd_en=0 rd_data=xx
# [7002500000] DBG rx_done=0 count=0 wr_ptr=7 rd_ptr=7 rx_empty=1 rd_en=0 rd_data=xx
# [7003500000] DBG rx_done=0 count=0 wr_ptr=7 rd_ptr=7 rx_empty=1 rd_en=0 rd_data=xx
# [7004500000] DBG rx_done=0 count=0 wr_ptr=7 rd_ptr=7 rx_empty=1 rd_en=0 rd_data=xx
# [7005500000] DBG rx_done=0 count=0 wr_ptr=7 rd_ptr=7 rx_empty=1 rd_en=0 rd_data=xx
# [7006500000] DBG rx_done=0 count=0 wr_ptr=7 rd_ptr=7 rx_empty=1 rd_en=0 rd_data=xx
# [7007500000] DBG rx_done=0 count=0 wr_ptr=7 rd_ptr=7 rx_empty=1 rd_en=0 rd_data=xx
# [7008500000] DBG rx_done=0 count=0 wr_ptr=7 rd_ptr=7 rx_empty=1 rd_en=0 rd_data=xx
# [7009500000] DBG rx_done=0 count=0 wr_ptr=7 rd_ptr=7 rx_empty=1 rd_en=0 rd_data=xx
# [7010500000] DBG rx_done=0 count=0 wr_ptr=7 rd_ptr=7 rx_empty=1 rd_en=0 rd_data=xx
# [7011500000] DBG rx_done=0 count=0 wr_ptr=7 rd_ptr=7 rx_empty=1 rd_en=0 rd_data=xx
# [7012500000] DBG rx_done=0 count=0 wr_ptr=7 rd_ptr=7 rx_empty=1 rd_en=0 rd_data=xx
# [7013500000] DBG rx_done=0 count=0 wr_ptr=7 rd_ptr=7 rx_empty=1 rd_en=0 rd_data=xx
# [7014500000] DBG rx_done=0 count=0 wr_ptr=7 rd_ptr=7 rx_empty=1 rd_en=0 rd_data=xx
# [7015500000] DBG rx_done=0 count=0 wr_ptr=7 rd_ptr=7 rx_empty=1 rd_en=0 rd_data=xx
# [7016500000] DBG rx_done=0 count=0 wr_ptr=7 rd_ptr=7 rx_empty=1 rd_en=0 rd_data=xx
# [7017500000] DBG rx_done=0 count=0 wr_ptr=7 rd_ptr=7 rx_empty=1 rd_en=0 rd_data=xx
# [7018500000] DBG rx_done=0 count=0 wr_ptr=7 rd_ptr=7 rx_empty=1 rd_en=0 rd_data=xx
# [7019500000] DBG rx_done=0 count=0 wr_ptr=7 rd_ptr=7 rx_empty=1 rd_en=0 rd_data=xx
# [7020500000] DBG rx_done=0 count=0 wr_ptr=7 rd_ptr=7 rx_empty=1 rd_en=0 rd_data=xx
# [7021500000] DBG rx_done=0 count=0 wr_ptr=7 rd_ptr=7 rx_empty=1 rd_en=0 rd_data=xx
# [7022500000] DBG rx_done=0 count=0 wr_ptr=7 rd_ptr=7 rx_empty=1 rd_en=0 rd_data=xx
# [7023500000] DBG rx_done=0 count=0 wr_ptr=7 rd_ptr=7 rx_empty=1 rd_en=0 rd_data=xx
# [7024500000] DBG rx_done=0 count=0 wr_ptr=7 rd_ptr=7 rx_empty=1 rd_en=0 rd_data=xx
# [7025500000] DBG rx_done=0 count=0 wr_ptr=7 rd_ptr=7 rx_empty=1 rd_en=0 rd_data=xx
# [7026500000] DBG rx_done=0 count=0 wr_ptr=7 rd_ptr=7 rx_empty=1 rd_en=0 rd_data=xx
# [7027500000] DBG rx_done=0 count=0 wr_ptr=7 rd_ptr=7 rx_empty=1 rd_en=0 rd_data=xx
# [7028500000] DBG rx_done=0 count=0 wr_ptr=7 rd_ptr=7 rx_empty=1 rd_en=0 rd_data=xx
# [7029500000] DBG rx_done=0 count=0 wr_ptr=7 rd_ptr=7 rx_empty=1 rd_en=0 rd_data=xx
# [7030500000] DBG rx_done=0 count=0 wr_ptr=7 rd_ptr=7 rx_empty=1 rd_en=0 rd_data=xx
# [7031500000] DBG rx_done=0 count=0 wr_ptr=7 rd_ptr=7 rx_empty=1 rd_en=0 rd_data=xx
# [7032500000] DBG rx_done=0 count=0 wr_ptr=7 rd_ptr=7 rx_empty=1 rd_en=0 rd_data=xx
# [7033500000] DBG rx_done=0 count=0 wr_ptr=7 rd_ptr=7 rx_empty=1 rd_en=0 rd_data=xx
# [7034500000] DBG rx_done=0 count=0 wr_ptr=7 rd_ptr=7 rx_empty=1 rd_en=0 rd_data=xx
# [7035500000] DBG rx_done=0 count=0 wr_ptr=7 rd_ptr=7 rx_empty=1 rd_en=0 rd_data=xx
# [7036500000] DBG rx_done=0 count=0 wr_ptr=7 rd_ptr=7 rx_empty=1 rd_en=0 rd_data=xx
# [7037500000] DBG rx_done=0 count=0 wr_ptr=7 rd_ptr=7 rx_empty=1 rd_en=0 rd_data=xx
# [7038500000] DBG rx_done=0 count=0 wr_ptr=7 rd_ptr=7 rx_empty=1 rd_en=0 rd_data=xx
# [7039500000] DBG rx_done=0 count=0 wr_ptr=7 rd_ptr=7 rx_empty=1 rd_en=0 rd_data=xx
# [7040500000] DBG rx_done=0 count=0 wr_ptr=7 rd_ptr=7 rx_empty=1 rd_en=0 rd_data=xx
# [7041500000] DBG rx_done=0 count=0 wr_ptr=7 rd_ptr=7 rx_empty=1 rd_en=0 rd_data=xx
# [7042500000] DBG rx_done=0 count=0 wr_ptr=7 rd_ptr=7 rx_empty=1 rd_en=0 rd_data=xx
# [7043500000] DBG rx_done=0 count=0 wr_ptr=7 rd_ptr=7 rx_empty=1 rd_en=0 rd_data=xx
# [7044500000] DBG rx_done=0 count=0 wr_ptr=7 rd_ptr=7 rx_empty=1 rd_en=0 rd_data=xx
# [7045500000] DBG rx_done=0 count=0 wr_ptr=7 rd_ptr=7 rx_empty=1 rd_en=0 rd_data=xx
# [7046500000] DBG rx_done=0 count=0 wr_ptr=7 rd_ptr=7 rx_empty=1 rd_en=0 rd_data=xx
# [7047500000] DBG rx_done=0 count=0 wr_ptr=7 rd_ptr=7 rx_empty=1 rd_en=0 rd_data=xx
# [7048500000] DBG rx_done=0 count=0 wr_ptr=7 rd_ptr=7 rx_empty=1 rd_en=0 rd_data=xx
# [7049500000] DBG rx_done=0 count=0 wr_ptr=7 rd_ptr=7 rx_empty=1 rd_en=0 rd_data=xx
# [7050500000] DBG rx_done=0 count=0 wr_ptr=7 rd_ptr=7 rx_empty=1 rd_en=0 rd_data=xx
# [7051500000] DBG rx_done=0 count=0 wr_ptr=7 rd_ptr=7 rx_empty=1 rd_en=0 rd_data=xx
# [7052500000] DBG rx_done=0 count=0 wr_ptr=7 rd_ptr=7 rx_empty=1 rd_en=0 rd_data=xx
# [7053500000] DBG rx_done=0 count=0 wr_ptr=7 rd_ptr=7 rx_empty=1 rd_en=0 rd_data=xx
# [7054500000] DBG rx_done=0 count=0 wr_ptr=7 rd_ptr=7 rx_empty=1 rd_en=0 rd_data=xx
# [7055500000] DBG rx_done=0 count=0 wr_ptr=7 rd_ptr=7 rx_empty=1 rd_en=0 rd_data=xx
# [7056500000] DBG rx_done=0 count=0 wr_ptr=7 rd_ptr=7 rx_empty=1 rd_en=0 rd_data=xx
# [7057500000] DBG rx_done=0 count=0 wr_ptr=7 rd_ptr=7 rx_empty=1 rd_en=0 rd_data=xx
# [7058500000] DBG rx_done=0 count=0 wr_ptr=7 rd_ptr=7 rx_empty=1 rd_en=0 rd_data=xx
# [7059500000] DBG rx_done=0 count=0 wr_ptr=7 rd_ptr=7 rx_empty=1 rd_en=0 rd_data=xx
# [7060500000] DBG rx_done=0 count=0 wr_ptr=7 rd_ptr=7 rx_empty=1 rd_en=0 rd_data=xx
# [7061500000] DBG rx_done=0 count=0 wr_ptr=7 rd_ptr=7 rx_empty=1 rd_en=0 rd_data=xx
# [7062500000] DBG rx_done=0 count=0 wr_ptr=7 rd_ptr=7 rx_empty=1 rd_en=0 rd_data=xx
# [7063500000] DBG rx_done=0 count=0 wr_ptr=7 rd_ptr=7 rx_empty=1 rd_en=0 rd_data=xx
# [7064500000] DBG rx_done=0 count=0 wr_ptr=7 rd_ptr=7 rx_empty=1 rd_en=0 rd_data=xx
# [7065500000] DBG rx_done=0 count=0 wr_ptr=7 rd_ptr=7 rx_empty=1 rd_en=0 rd_data=xx
# [7066500000] DBG rx_done=0 count=0 wr_ptr=7 rd_ptr=7 rx_empty=1 rd_en=0 rd_data=xx
# [7067500000] DBG rx_done=0 count=0 wr_ptr=7 rd_ptr=7 rx_empty=1 rd_en=0 rd_data=xx
# [7068500000] DBG rx_done=0 count=0 wr_ptr=7 rd_ptr=7 rx_empty=1 rd_en=0 rd_data=xx
# [7069500000] DBG rx_done=0 count=0 wr_ptr=7 rd_ptr=7 rx_empty=1 rd_en=0 rd_data=xx
# [7070500000] DBG rx_done=0 count=0 wr_ptr=7 rd_ptr=7 rx_empty=1 rd_en=0 rd_data=xx
# [7071500000] DBG rx_done=0 count=0 wr_ptr=7 rd_ptr=7 rx_empty=1 rd_en=0 rd_data=xx
# [7072500000] DBG rx_done=0 count=0 wr_ptr=7 rd_ptr=7 rx_empty=1 rd_en=0 rd_data=xx
# [7073500000] DBG rx_done=0 count=0 wr_ptr=7 rd_ptr=7 rx_empty=1 rd_en=0 rd_data=xx
# [7074500000] DBG rx_done=0 count=0 wr_ptr=7 rd_ptr=7 rx_empty=1 rd_en=0 rd_data=xx
# [7075500000] DBG rx_done=0 count=0 wr_ptr=7 rd_ptr=7 rx_empty=1 rd_en=0 rd_data=xx
# [7076500000] DBG rx_done=0 count=0 wr_ptr=7 rd_ptr=7 rx_empty=1 rd_en=0 rd_data=xx
# [7077500000] DBG rx_done=0 count=0 wr_ptr=7 rd_ptr=7 rx_empty=1 rd_en=0 rd_data=xx
# [7078500000] DBG rx_done=0 count=0 wr_ptr=7 rd_ptr=7 rx_empty=1 rd_en=0 rd_data=xx
# [7079500000] DBG rx_done=0 count=0 wr_ptr=7 rd_ptr=7 rx_empty=1 rd_en=0 rd_data=xx
# [7080500000] DBG rx_done=0 count=0 wr_ptr=7 rd_ptr=7 rx_empty=1 rd_en=0 rd_data=xx
# [7081500000] DBG rx_done=0 count=0 wr_ptr=7 rd_ptr=7 rx_empty=1 rd_en=0 rd_data=xx
# [7082500000] DBG rx_done=0 count=0 wr_ptr=7 rd_ptr=7 rx_empty=1 rd_en=0 rd_data=xx
# [7083500000] DBG rx_done=0 count=0 wr_ptr=7 rd_ptr=7 rx_empty=1 rd_en=0 rd_data=xx
# [7084500000] DBG rx_done=0 count=0 wr_ptr=7 rd_ptr=7 rx_empty=1 rd_en=0 rd_data=xx
# [7085500000] DBG rx_done=0 count=0 wr_ptr=7 rd_ptr=7 rx_empty=1 rd_en=0 rd_data=xx
# [7086500000] DBG rx_done=0 count=0 wr_ptr=7 rd_ptr=7 rx_empty=1 rd_en=0 rd_data=xx
# [7087500000] DBG rx_done=0 count=0 wr_ptr=7 rd_ptr=7 rx_empty=1 rd_en=0 rd_data=xx
# [7088500000] DBG rx_done=0 count=0 wr_ptr=7 rd_ptr=7 rx_empty=1 rd_en=0 rd_data=xx
# [7089500000] DBG rx_done=0 count=0 wr_ptr=7 rd_ptr=7 rx_empty=1 rd_en=0 rd_data=xx
# [7090500000] DBG rx_done=0 count=0 wr_ptr=7 rd_ptr=7 rx_empty=1 rd_en=0 rd_data=xx
# [7091500000] DBG rx_done=0 count=0 wr_ptr=7 rd_ptr=7 rx_empty=1 rd_en=0 rd_data=xx
# [7092500000] DBG rx_done=0 count=0 wr_ptr=7 rd_ptr=7 rx_empty=1 rd_en=0 rd_data=xx
# [7093500000] DBG rx_done=0 count=0 wr_ptr=7 rd_ptr=7 rx_empty=1 rd_en=0 rd_data=xx
# [7094500000] DBG rx_done=0 count=0 wr_ptr=7 rd_ptr=7 rx_empty=1 rd_en=0 rd_data=xx
# [7095500000] DBG rx_done=0 count=0 wr_ptr=7 rd_ptr=7 rx_empty=1 rd_en=0 rd_data=xx
# [7096500000] DBG rx_done=0 count=0 wr_ptr=7 rd_ptr=7 rx_empty=1 rd_en=0 rd_data=xx
# [7097500000] DBG rx_done=0 count=0 wr_ptr=7 rd_ptr=7 rx_empty=1 rd_en=0 rd_data=xx
# [7098500000] DBG rx_done=0 count=0 wr_ptr=7 rd_ptr=7 rx_empty=1 rd_en=0 rd_data=xx
# [7099500000] DBG rx_done=0 count=0 wr_ptr=7 rd_ptr=7 rx_empty=1 rd_en=0 rd_data=xx
# [7100500000] DBG rx_done=0 count=0 wr_ptr=7 rd_ptr=7 rx_empty=1 rd_en=0 rd_data=xx
# [7101500000] DBG rx_done=0 count=0 wr_ptr=7 rd_ptr=7 rx_empty=1 rd_en=0 rd_data=xx
# [7102500000] DBG rx_done=0 count=0 wr_ptr=7 rd_ptr=7 rx_empty=1 rd_en=0 rd_data=xx
# [7103500000] DBG rx_done=0 count=0 wr_ptr=7 rd_ptr=7 rx_empty=1 rd_en=0 rd_data=xx
# [7104500000] DBG rx_done=0 count=0 wr_ptr=7 rd_ptr=7 rx_empty=1 rd_en=0 rd_data=xx
# [7105500000] DBG rx_done=0 count=0 wr_ptr=7 rd_ptr=7 rx_empty=1 rd_en=0 rd_data=xx
# [7106500000] DBG rx_done=0 count=0 wr_ptr=7 rd_ptr=7 rx_empty=1 rd_en=0 rd_data=xx
# [7107500000] DBG rx_done=0 count=0 wr_ptr=7 rd_ptr=7 rx_empty=1 rd_en=0 rd_data=xx
# [7108500000] DBG rx_done=0 count=0 wr_ptr=7 rd_ptr=7 rx_empty=1 rd_en=0 rd_data=xx
# [7109500000] DBG rx_done=0 count=0 wr_ptr=7 rd_ptr=7 rx_empty=1 rd_en=0 rd_data=xx
# [7110500000] DBG rx_done=0 count=0 wr_ptr=7 rd_ptr=7 rx_empty=1 rd_en=0 rd_data=xx
# [7111500000] DBG rx_done=0 count=0 wr_ptr=7 rd_ptr=7 rx_empty=1 rd_en=0 rd_data=xx
# [7112500000] DBG rx_done=0 count=0 wr_ptr=7 rd_ptr=7 rx_empty=1 rd_en=0 rd_data=xx
# [7113500000] DBG rx_done=0 count=0 wr_ptr=7 rd_ptr=7 rx_empty=1 rd_en=0 rd_data=xx
# [7114500000] DBG rx_done=0 count=0 wr_ptr=7 rd_ptr=7 rx_empty=1 rd_en=0 rd_data=xx
# [7115500000] DBG rx_done=0 count=0 wr_ptr=7 rd_ptr=7 rx_empty=1 rd_en=0 rd_data=xx
# [7116500000] DBG rx_done=0 count=0 wr_ptr=7 rd_ptr=7 rx_empty=1 rd_en=0 rd_data=xx
# [7117500000] DBG rx_done=0 count=0 wr_ptr=7 rd_ptr=7 rx_empty=1 rd_en=0 rd_data=xx
# [7118500000] DBG rx_done=0 count=0 wr_ptr=7 rd_ptr=7 rx_empty=1 rd_en=0 rd_data=xx
# [7119500000] DBG rx_done=0 count=0 wr_ptr=7 rd_ptr=7 rx_empty=1 rd_en=0 rd_data=xx
# [7120500000] DBG rx_done=0 count=0 wr_ptr=7 rd_ptr=7 rx_empty=1 rd_en=0 rd_data=xx
# [7121500000] DBG rx_done=0 count=0 wr_ptr=7 rd_ptr=7 rx_empty=1 rd_en=0 rd_data=xx
# [7122500000] DBG rx_done=0 count=0 wr_ptr=7 rd_ptr=7 rx_empty=1 rd_en=0 rd_data=xx
# [7123500000] DBG rx_done=0 count=0 wr_ptr=7 rd_ptr=7 rx_empty=1 rd_en=0 rd_data=xx
# [7124500000] DBG rx_done=0 count=0 wr_ptr=7 rd_ptr=7 rx_empty=1 rd_en=0 rd_data=xx
# [7125500000] DBG rx_done=0 count=0 wr_ptr=7 rd_ptr=7 rx_empty=1 rd_en=0 rd_data=xx
# [7126500000] DBG rx_done=0 count=0 wr_ptr=7 rd_ptr=7 rx_empty=1 rd_en=0 rd_data=xx
# [7127500000] DBG rx_done=0 count=0 wr_ptr=7 rd_ptr=7 rx_empty=1 rd_en=0 rd_data=xx
# [7128500000] DBG rx_done=0 count=0 wr_ptr=7 rd_ptr=7 rx_empty=1 rd_en=0 rd_data=xx
# [7129500000] DBG rx_done=0 count=0 wr_ptr=7 rd_ptr=7 rx_empty=1 rd_en=0 rd_data=xx
# [7130500000] DBG rx_done=0 count=0 wr_ptr=7 rd_ptr=7 rx_empty=1 rd_en=0 rd_data=xx
# [7131500000] DBG rx_done=0 count=0 wr_ptr=7 rd_ptr=7 rx_empty=1 rd_en=0 rd_data=xx
# [7132500000] DBG rx_done=0 count=0 wr_ptr=7 rd_ptr=7 rx_empty=1 rd_en=0 rd_data=xx
# [7133500000] DBG rx_done=0 count=0 wr_ptr=7 rd_ptr=7 rx_empty=1 rd_en=0 rd_data=xx
# [7134500000] DBG rx_done=0 count=0 wr_ptr=7 rd_ptr=7 rx_empty=1 rd_en=0 rd_data=xx
# [7135500000] DBG rx_done=0 count=0 wr_ptr=7 rd_ptr=7 rx_empty=1 rd_en=0 rd_data=xx
# [7136500000] DBG rx_done=0 count=0 wr_ptr=7 rd_ptr=7 rx_empty=1 rd_en=0 rd_data=xx
# [7137500000] DBG rx_done=0 count=0 wr_ptr=7 rd_ptr=7 rx_empty=1 rd_en=0 rd_data=xx
# [7138500000] DBG rx_done=0 count=0 wr_ptr=7 rd_ptr=7 rx_empty=1 rd_en=0 rd_data=xx
# [7139500000] DBG rx_done=0 count=0 wr_ptr=7 rd_ptr=7 rx_empty=1 rd_en=0 rd_data=xx
# [7140500000] DBG rx_done=0 count=0 wr_ptr=7 rd_ptr=7 rx_empty=1 rd_en=0 rd_data=xx
# [7141500000] DBG rx_done=0 count=0 wr_ptr=7 rd_ptr=7 rx_empty=1 rd_en=0 rd_data=xx
# [7142500000] DBG rx_done=0 count=0 wr_ptr=7 rd_ptr=7 rx_empty=1 rd_en=0 rd_data=xx
# [7143500000] DBG rx_done=0 count=0 wr_ptr=7 rd_ptr=7 rx_empty=1 rd_en=0 rd_data=xx
# [7144500000] DBG rx_done=0 count=0 wr_ptr=7 rd_ptr=7 rx_empty=1 rd_en=0 rd_data=xx
# [7145500000] DBG rx_done=0 count=0 wr_ptr=7 rd_ptr=7 rx_empty=1 rd_en=0 rd_data=xx
# [7146500000] DBG rx_done=0 count=0 wr_ptr=7 rd_ptr=7 rx_empty=1 rd_en=0 rd_data=xx
# [7147500000] DBG rx_done=0 count=0 wr_ptr=7 rd_ptr=7 rx_empty=1 rd_en=0 rd_data=xx
# [7148500000] DBG rx_done=0 count=0 wr_ptr=7 rd_ptr=7 rx_empty=1 rd_en=0 rd_data=xx
# [7149500000] DBG rx_done=0 count=0 wr_ptr=7 rd_ptr=7 rx_empty=1 rd_en=0 rd_data=xx
# [7150500000] DBG rx_done=0 count=0 wr_ptr=7 rd_ptr=7 rx_empty=1 rd_en=0 rd_data=xx
# [7151500000] DBG rx_done=0 count=0 wr_ptr=7 rd_ptr=7 rx_empty=1 rd_en=0 rd_data=xx
# [7152500000] DBG rx_done=0 count=0 wr_ptr=7 rd_ptr=7 rx_empty=1 rd_en=0 rd_data=xx
# [7153500000] DBG rx_done=0 count=0 wr_ptr=7 rd_ptr=7 rx_empty=1 rd_en=0 rd_data=xx
# [7154500000] DBG rx_done=0 count=0 wr_ptr=7 rd_ptr=7 rx_empty=1 rd_en=0 rd_data=xx
# [7155500000] DBG rx_done=0 count=0 wr_ptr=7 rd_ptr=7 rx_empty=1 rd_en=0 rd_data=xx
# [7156500000] DBG rx_done=0 count=0 wr_ptr=7 rd_ptr=7 rx_empty=1 rd_en=0 rd_data=xx
# [7157500000] DBG rx_done=0 count=0 wr_ptr=7 rd_ptr=7 rx_empty=1 rd_en=0 rd_data=xx
# [7158500000] DBG rx_done=0 count=0 wr_ptr=7 rd_ptr=7 rx_empty=1 rd_en=0 rd_data=xx
# [7159500000] DBG rx_done=0 count=0 wr_ptr=7 rd_ptr=7 rx_empty=1 rd_en=0 rd_data=xx
# [7160500000] DBG rx_done=0 count=0 wr_ptr=7 rd_ptr=7 rx_empty=1 rd_en=0 rd_data=xx
# [7161500000] DBG rx_done=0 count=0 wr_ptr=7 rd_ptr=7 rx_empty=1 rd_en=0 rd_data=xx
# [7162500000] DBG rx_done=0 count=0 wr_ptr=7 rd_ptr=7 rx_empty=1 rd_en=0 rd_data=xx
# [7163500000] DBG rx_done=0 count=0 wr_ptr=7 rd_ptr=7 rx_empty=1 rd_en=0 rd_data=xx
# [7164500000] DBG rx_done=0 count=0 wr_ptr=7 rd_ptr=7 rx_empty=1 rd_en=0 rd_data=xx
# [7165500000] DBG rx_done=0 count=0 wr_ptr=7 rd_ptr=7 rx_empty=1 rd_en=0 rd_data=xx
# [7166500000] DBG rx_done=0 count=0 wr_ptr=7 rd_ptr=7 rx_empty=1 rd_en=0 rd_data=xx
# [7167500000] DBG rx_done=0 count=0 wr_ptr=7 rd_ptr=7 rx_empty=1 rd_en=0 rd_data=xx
# [7168500000] DBG rx_done=0 count=0 wr_ptr=7 rd_ptr=7 rx_empty=1 rd_en=0 rd_data=xx
# [7169500000] DBG rx_done=0 count=0 wr_ptr=7 rd_ptr=7 rx_empty=1 rd_en=0 rd_data=xx
# [7170500000] DBG rx_done=0 count=0 wr_ptr=7 rd_ptr=7 rx_empty=1 rd_en=0 rd_data=xx
# [7171500000] DBG rx_done=0 count=0 wr_ptr=7 rd_ptr=7 rx_empty=1 rd_en=0 rd_data=xx
# [7172500000] DBG rx_done=0 count=0 wr_ptr=7 rd_ptr=7 rx_empty=1 rd_en=0 rd_data=xx
# [7173500000] DBG rx_done=0 count=0 wr_ptr=7 rd_ptr=7 rx_empty=1 rd_en=0 rd_data=xx
# [7174500000] DBG rx_done=0 count=0 wr_ptr=7 rd_ptr=7 rx_empty=1 rd_en=0 rd_data=xx
# [7175500000] DBG rx_done=0 count=0 wr_ptr=7 rd_ptr=7 rx_empty=1 rd_en=0 rd_data=xx
# [7176500000] DBG rx_done=0 count=0 wr_ptr=7 rd_ptr=7 rx_empty=1 rd_en=0 rd_data=xx
# [7177500000] DBG rx_done=0 count=0 wr_ptr=7 rd_ptr=7 rx_empty=1 rd_en=0 rd_data=xx
# [7178500000] DBG rx_done=0 count=0 wr_ptr=7 rd_ptr=7 rx_empty=1 rd_en=0 rd_data=xx
# [7179500000] DBG rx_done=0 count=0 wr_ptr=7 rd_ptr=7 rx_empty=1 rd_en=0 rd_data=xx
# [7180500000] DBG rx_done=0 count=0 wr_ptr=7 rd_ptr=7 rx_empty=1 rd_en=0 rd_data=xx
# [7181500000] DBG rx_done=0 count=0 wr_ptr=7 rd_ptr=7 rx_empty=1 rd_en=0 rd_data=xx
# [7182500000] DBG rx_done=0 count=0 wr_ptr=7 rd_ptr=7 rx_empty=1 rd_en=0 rd_data=xx
# [7183500000] DBG rx_done=0 count=0 wr_ptr=7 rd_ptr=7 rx_empty=1 rd_en=0 rd_data=xx
# [7184500000] DBG rx_done=0 count=0 wr_ptr=7 rd_ptr=7 rx_empty=1 rd_en=0 rd_data=xx
# [7185500000] DBG rx_done=0 count=0 wr_ptr=7 rd_ptr=7 rx_empty=1 rd_en=0 rd_data=xx
# [7186500000] DBG rx_done=0 count=0 wr_ptr=7 rd_ptr=7 rx_empty=1 rd_en=0 rd_data=xx
# [7187500000] DBG rx_done=0 count=0 wr_ptr=7 rd_ptr=7 rx_empty=1 rd_en=0 rd_data=xx
# [7188500000] DBG rx_done=0 count=0 wr_ptr=7 rd_ptr=7 rx_empty=1 rd_en=0 rd_data=xx
# [7189500000] DBG rx_done=0 count=0 wr_ptr=7 rd_ptr=7 rx_empty=1 rd_en=0 rd_data=xx
# [7190500000] DBG rx_done=0 count=0 wr_ptr=7 rd_ptr=7 rx_empty=1 rd_en=0 rd_data=xx
# [7191500000] DBG rx_done=0 count=0 wr_ptr=7 rd_ptr=7 rx_empty=1 rd_en=0 rd_data=xx
# [7192500000] DBG rx_done=0 count=0 wr_ptr=7 rd_ptr=7 rx_empty=1 rd_en=0 rd_data=xx
# [7193500000] DBG rx_done=0 count=0 wr_ptr=7 rd_ptr=7 rx_empty=1 rd_en=0 rd_data=xx
# [7194500000] DBG rx_done=0 count=0 wr_ptr=7 rd_ptr=7 rx_empty=1 rd_en=0 rd_data=xx
# [7195500000] DBG rx_done=0 count=0 wr_ptr=7 rd_ptr=7 rx_empty=1 rd_en=0 rd_data=xx
# [7196500000] DBG rx_done=0 count=0 wr_ptr=7 rd_ptr=7 rx_empty=1 rd_en=0 rd_data=xx
# [7197500000] DBG rx_done=0 count=0 wr_ptr=7 rd_ptr=7 rx_empty=1 rd_en=0 rd_data=xx
# [7198500000] DBG rx_done=0 count=0 wr_ptr=7 rd_ptr=7 rx_empty=1 rd_en=0 rd_data=xx
# [7199500000] DBG rx_done=0 count=0 wr_ptr=7 rd_ptr=7 rx_empty=1 rd_en=0 rd_data=xx
# [7200500000] DBG rx_done=0 count=0 wr_ptr=7 rd_ptr=7 rx_empty=1 rd_en=0 rd_data=xx
# [7201500000] DBG rx_done=0 count=0 wr_ptr=7 rd_ptr=7 rx_empty=1 rd_en=0 rd_data=xx
# [7202500000] DBG rx_done=0 count=0 wr_ptr=7 rd_ptr=7 rx_empty=1 rd_en=0 rd_data=xx
# [7203500000] DBG rx_done=0 count=0 wr_ptr=7 rd_ptr=7 rx_empty=1 rd_en=0 rd_data=xx
# [7204500000] DBG rx_done=0 count=0 wr_ptr=7 rd_ptr=7 rx_empty=1 rd_en=0 rd_data=xx
# [7205500000] DBG rx_done=0 count=0 wr_ptr=7 rd_ptr=7 rx_empty=1 rd_en=0 rd_data=xx
# [7206500000] DBG rx_done=0 count=0 wr_ptr=7 rd_ptr=7 rx_empty=1 rd_en=0 rd_data=xx
# [7207500000] DBG rx_done=0 count=0 wr_ptr=7 rd_ptr=7 rx_empty=1 rd_en=0 rd_data=xx
# [7208500000] DBG rx_done=0 count=0 wr_ptr=7 rd_ptr=7 rx_empty=1 rd_en=0 rd_data=xx
# [7209500000] DBG rx_done=0 count=0 wr_ptr=7 rd_ptr=7 rx_empty=1 rd_en=0 rd_data=xx
# [7210500000] DBG rx_done=0 count=0 wr_ptr=7 rd_ptr=7 rx_empty=1 rd_en=0 rd_data=xx
# [7211500000] DBG rx_done=0 count=0 wr_ptr=7 rd_ptr=7 rx_empty=1 rd_en=0 rd_data=xx
# [7212500000] DBG rx_done=0 count=0 wr_ptr=7 rd_ptr=7 rx_empty=1 rd_en=0 rd_data=xx
# [7213500000] DBG rx_done=0 count=0 wr_ptr=7 rd_ptr=7 rx_empty=1 rd_en=0 rd_data=xx
# [7214500000] DBG rx_done=0 count=0 wr_ptr=7 rd_ptr=7 rx_empty=1 rd_en=0 rd_data=xx
# [7215500000] DBG rx_done=0 count=0 wr_ptr=7 rd_ptr=7 rx_empty=1 rd_en=0 rd_data=xx
# [7216500000] DBG rx_done=0 count=0 wr_ptr=7 rd_ptr=7 rx_empty=1 rd_en=0 rd_data=xx
# [7217500000] DBG rx_done=0 count=0 wr_ptr=7 rd_ptr=7 rx_empty=1 rd_en=0 rd_data=xx
# [7218500000] DBG rx_done=0 count=0 wr_ptr=7 rd_ptr=7 rx_empty=1 rd_en=0 rd_data=xx
# [7219500000] DBG rx_done=0 count=0 wr_ptr=7 rd_ptr=7 rx_empty=1 rd_en=0 rd_data=xx
# [7220500000] DBG rx_done=0 count=0 wr_ptr=7 rd_ptr=7 rx_empty=1 rd_en=0 rd_data=xx
# [7221500000] DBG rx_done=0 count=0 wr_ptr=7 rd_ptr=7 rx_empty=1 rd_en=0 rd_data=xx
# [7222500000] DBG rx_done=0 count=0 wr_ptr=7 rd_ptr=7 rx_empty=1 rd_en=0 rd_data=xx
# [7223500000] DBG rx_done=0 count=0 wr_ptr=7 rd_ptr=7 rx_empty=1 rd_en=0 rd_data=xx
# [7224500000] DBG rx_done=0 count=0 wr_ptr=7 rd_ptr=7 rx_empty=1 rd_en=0 rd_data=xx
# [7225500000] DBG rx_done=0 count=0 wr_ptr=7 rd_ptr=7 rx_empty=1 rd_en=0 rd_data=xx
# [7226500000] DBG rx_done=0 count=0 wr_ptr=7 rd_ptr=7 rx_empty=1 rd_en=0 rd_data=xx
# [7227500000] DBG rx_done=0 count=0 wr_ptr=7 rd_ptr=7 rx_empty=1 rd_en=0 rd_data=xx
# [7228500000] DBG rx_done=0 count=0 wr_ptr=7 rd_ptr=7 rx_empty=1 rd_en=0 rd_data=xx
# [7229500000] DBG rx_done=0 count=0 wr_ptr=7 rd_ptr=7 rx_empty=1 rd_en=0 rd_data=xx
# [7230500000] DBG rx_done=0 count=0 wr_ptr=7 rd_ptr=7 rx_empty=1 rd_en=0 rd_data=xx
# [7231500000] DBG rx_done=0 count=0 wr_ptr=7 rd_ptr=7 rx_empty=1 rd_en=0 rd_data=xx
# [7232500000] DBG rx_done=0 count=0 wr_ptr=7 rd_ptr=7 rx_empty=1 rd_en=0 rd_data=xx
# [7233500000] DBG rx_done=0 count=0 wr_ptr=7 rd_ptr=7 rx_empty=1 rd_en=0 rd_data=xx
# [7234500000] DBG rx_done=0 count=0 wr_ptr=7 rd_ptr=7 rx_empty=1 rd_en=0 rd_data=xx
# [7235500000] DBG rx_done=0 count=0 wr_ptr=7 rd_ptr=7 rx_empty=1 rd_en=0 rd_data=xx
# [7236500000] DBG rx_done=0 count=0 wr_ptr=7 rd_ptr=7 rx_empty=1 rd_en=0 rd_data=xx
# [7237500000] DBG rx_done=0 count=0 wr_ptr=7 rd_ptr=7 rx_empty=1 rd_en=0 rd_data=xx
# [7238500000] DBG rx_done=0 count=0 wr_ptr=7 rd_ptr=7 rx_empty=1 rd_en=0 rd_data=xx
# [7239500000] DBG rx_done=0 count=0 wr_ptr=7 rd_ptr=7 rx_empty=1 rd_en=0 rd_data=xx
# [7240500000] DBG rx_done=0 count=0 wr_ptr=7 rd_ptr=7 rx_empty=1 rd_en=0 rd_data=xx
# [7241500000] DBG rx_done=0 count=0 wr_ptr=7 rd_ptr=7 rx_empty=1 rd_en=0 rd_data=xx
# [7242500000] DBG rx_done=0 count=0 wr_ptr=7 rd_ptr=7 rx_empty=1 rd_en=0 rd_data=xx
# [7243500000] DBG rx_done=0 count=0 wr_ptr=7 rd_ptr=7 rx_empty=1 rd_en=0 rd_data=xx
# [7244500000] DBG rx_done=0 count=0 wr_ptr=7 rd_ptr=7 rx_empty=1 rd_en=0 rd_data=xx
# [7245500000] DBG rx_done=0 count=0 wr_ptr=7 rd_ptr=7 rx_empty=1 rd_en=0 rd_data=xx
# [7246500000] DBG rx_done=0 count=0 wr_ptr=7 rd_ptr=7 rx_empty=1 rd_en=0 rd_data=xx
# [7247500000] DBG rx_done=0 count=0 wr_ptr=7 rd_ptr=7 rx_empty=1 rd_en=0 rd_data=xx
# [7248500000] DBG rx_done=0 count=0 wr_ptr=7 rd_ptr=7 rx_empty=1 rd_en=0 rd_data=xx
# [7249500000] DBG rx_done=0 count=0 wr_ptr=7 rd_ptr=7 rx_empty=1 rd_en=0 rd_data=xx
# [7250500000] DBG rx_done=0 count=0 wr_ptr=7 rd_ptr=7 rx_empty=1 rd_en=0 rd_data=xx
# [7251500000] DBG rx_done=0 count=0 wr_ptr=7 rd_ptr=7 rx_empty=1 rd_en=0 rd_data=xx
# [7252500000] DBG rx_done=0 count=0 wr_ptr=7 rd_ptr=7 rx_empty=1 rd_en=0 rd_data=xx
# [7253500000] DBG rx_done=0 count=0 wr_ptr=7 rd_ptr=7 rx_empty=1 rd_en=0 rd_data=xx
# [7254500000] DBG rx_done=0 count=0 wr_ptr=7 rd_ptr=7 rx_empty=1 rd_en=0 rd_data=xx
# [7255500000] DBG rx_done=0 count=0 wr_ptr=7 rd_ptr=7 rx_empty=1 rd_en=0 rd_data=xx
# [7256500000] DBG rx_done=0 count=0 wr_ptr=7 rd_ptr=7 rx_empty=1 rd_en=0 rd_data=xx
# [7257500000] DBG rx_done=0 count=0 wr_ptr=7 rd_ptr=7 rx_empty=1 rd_en=0 rd_data=xx
# [7258500000] DBG rx_done=0 count=0 wr_ptr=7 rd_ptr=7 rx_empty=1 rd_en=0 rd_data=xx
# [7259500000] DBG rx_done=0 count=0 wr_ptr=7 rd_ptr=7 rx_empty=1 rd_en=0 rd_data=xx
# [7260500000] DBG rx_done=0 count=0 wr_ptr=7 rd_ptr=7 rx_empty=1 rd_en=0 rd_data=xx
# [7261500000] DBG rx_done=0 count=0 wr_ptr=7 rd_ptr=7 rx_empty=1 rd_en=0 rd_data=xx
# [7262500000] DBG rx_done=0 count=0 wr_ptr=7 rd_ptr=7 rx_empty=1 rd_en=0 rd_data=xx
# [7263500000] DBG rx_done=0 count=0 wr_ptr=7 rd_ptr=7 rx_empty=1 rd_en=0 rd_data=xx
# [7264500000] DBG rx_done=0 count=0 wr_ptr=7 rd_ptr=7 rx_empty=1 rd_en=0 rd_data=xx
# [7265500000] DBG rx_done=0 count=0 wr_ptr=7 rd_ptr=7 rx_empty=1 rd_en=0 rd_data=xx
# [7266500000] DBG rx_done=0 count=0 wr_ptr=7 rd_ptr=7 rx_empty=1 rd_en=0 rd_data=xx
# [7267500000] DBG rx_done=0 count=0 wr_ptr=7 rd_ptr=7 rx_empty=1 rd_en=0 rd_data=xx
# [7268500000] DBG rx_done=0 count=0 wr_ptr=7 rd_ptr=7 rx_empty=1 rd_en=0 rd_data=xx
# [7269500000] DBG rx_done=0 count=0 wr_ptr=7 rd_ptr=7 rx_empty=1 rd_en=0 rd_data=xx
# [7270500000] DBG rx_done=0 count=0 wr_ptr=7 rd_ptr=7 rx_empty=1 rd_en=0 rd_data=xx
# [7271500000] DBG rx_done=0 count=0 wr_ptr=7 rd_ptr=7 rx_empty=1 rd_en=0 rd_data=xx
# [7272500000] DBG rx_done=0 count=0 wr_ptr=7 rd_ptr=7 rx_empty=1 rd_en=0 rd_data=xx
# [7273500000] DBG rx_done=0 count=0 wr_ptr=7 rd_ptr=7 rx_empty=1 rd_en=0 rd_data=xx
# [7274500000] DBG rx_done=0 count=0 wr_ptr=7 rd_ptr=7 rx_empty=1 rd_en=0 rd_data=xx
# [7275500000] DBG rx_done=0 count=0 wr_ptr=7 rd_ptr=7 rx_empty=1 rd_en=0 rd_data=xx
# [7276500000] DBG rx_done=0 count=0 wr_ptr=7 rd_ptr=7 rx_empty=1 rd_en=0 rd_data=xx
# [7277500000] DBG rx_done=0 count=0 wr_ptr=7 rd_ptr=7 rx_empty=1 rd_en=0 rd_data=xx
# [7278500000] DBG rx_done=0 count=0 wr_ptr=7 rd_ptr=7 rx_empty=1 rd_en=0 rd_data=xx
# [7279500000] DBG rx_done=0 count=0 wr_ptr=7 rd_ptr=7 rx_empty=1 rd_en=0 rd_data=xx
# [7280500000] DBG rx_done=0 count=0 wr_ptr=7 rd_ptr=7 rx_empty=1 rd_en=0 rd_data=xx
# [7281500000] DBG rx_done=0 count=0 wr_ptr=7 rd_ptr=7 rx_empty=1 rd_en=0 rd_data=xx
# [7282500000] DBG rx_done=0 count=0 wr_ptr=7 rd_ptr=7 rx_empty=1 rd_en=0 rd_data=xx
# [7283500000] DBG rx_done=0 count=0 wr_ptr=7 rd_ptr=7 rx_empty=1 rd_en=0 rd_data=xx
# [7284500000] DBG rx_done=0 count=0 wr_ptr=7 rd_ptr=7 rx_empty=1 rd_en=0 rd_data=xx
# [7285500000] DBG rx_done=0 count=0 wr_ptr=7 rd_ptr=7 rx_empty=1 rd_en=0 rd_data=xx
# [7286500000] DBG rx_done=0 count=0 wr_ptr=7 rd_ptr=7 rx_empty=1 rd_en=0 rd_data=xx
# [7287500000] DBG rx_done=0 count=0 wr_ptr=7 rd_ptr=7 rx_empty=1 rd_en=0 rd_data=xx
# [7288500000] DBG rx_done=0 count=0 wr_ptr=7 rd_ptr=7 rx_empty=1 rd_en=0 rd_data=xx
# [7289500000] DBG rx_done=0 count=0 wr_ptr=7 rd_ptr=7 rx_empty=1 rd_en=0 rd_data=xx
# [7290500000] DBG rx_done=0 count=0 wr_ptr=7 rd_ptr=7 rx_empty=1 rd_en=0 rd_data=xx
# [7291500000] DBG rx_done=0 count=0 wr_ptr=7 rd_ptr=7 rx_empty=1 rd_en=0 rd_data=xx
# [7292500000] DBG rx_done=0 count=0 wr_ptr=7 rd_ptr=7 rx_empty=1 rd_en=0 rd_data=xx
# [7293500000] DBG rx_done=0 count=0 wr_ptr=7 rd_ptr=7 rx_empty=1 rd_en=0 rd_data=xx
# [7294500000] DBG rx_done=0 count=0 wr_ptr=7 rd_ptr=7 rx_empty=1 rd_en=0 rd_data=xx
# [7295500000] DBG rx_done=0 count=0 wr_ptr=7 rd_ptr=7 rx_empty=1 rd_en=0 rd_data=xx
# [7296500000] DBG rx_done=0 count=0 wr_ptr=7 rd_ptr=7 rx_empty=1 rd_en=0 rd_data=xx
# [7297500000] DBG rx_done=0 count=0 wr_ptr=7 rd_ptr=7 rx_empty=1 rd_en=0 rd_data=xx
# [7298500000] DBG rx_done=0 count=0 wr_ptr=7 rd_ptr=7 rx_empty=1 rd_en=0 rd_data=xx
# [7299500000] DBG rx_done=0 count=0 wr_ptr=7 rd_ptr=7 rx_empty=1 rd_en=0 rd_data=xx
# [7300500000] DBG rx_done=0 count=0 wr_ptr=7 rd_ptr=7 rx_empty=1 rd_en=0 rd_data=xx
# [7301500000] DBG rx_done=0 count=0 wr_ptr=7 rd_ptr=7 rx_empty=1 rd_en=0 rd_data=xx
# [7302500000] DBG rx_done=0 count=0 wr_ptr=7 rd_ptr=7 rx_empty=1 rd_en=0 rd_data=xx
# [7303500000] DBG rx_done=0 count=0 wr_ptr=7 rd_ptr=7 rx_empty=1 rd_en=0 rd_data=xx
# [7304500000] DBG rx_done=0 count=0 wr_ptr=7 rd_ptr=7 rx_empty=1 rd_en=0 rd_data=xx
# [7305500000] DBG rx_done=0 count=0 wr_ptr=7 rd_ptr=7 rx_empty=1 rd_en=0 rd_data=xx
# [7306500000] DBG rx_done=0 count=0 wr_ptr=7 rd_ptr=7 rx_empty=1 rd_en=0 rd_data=xx
# [7307500000] DBG rx_done=0 count=0 wr_ptr=7 rd_ptr=7 rx_empty=1 rd_en=0 rd_data=xx
# [7308500000] DBG rx_done=0 count=0 wr_ptr=7 rd_ptr=7 rx_empty=1 rd_en=0 rd_data=xx
# [7309500000] DBG rx_done=0 count=0 wr_ptr=7 rd_ptr=7 rx_empty=1 rd_en=0 rd_data=xx
# [7310500000] DBG rx_done=0 count=0 wr_ptr=7 rd_ptr=7 rx_empty=1 rd_en=0 rd_data=xx
# [7311500000] DBG rx_done=0 count=0 wr_ptr=7 rd_ptr=7 rx_empty=1 rd_en=0 rd_data=xx
# [7312500000] DBG rx_done=0 count=0 wr_ptr=7 rd_ptr=7 rx_empty=1 rd_en=0 rd_data=xx
# [7313500000] DBG rx_done=0 count=0 wr_ptr=7 rd_ptr=7 rx_empty=1 rd_en=0 rd_data=xx
# [7314500000] DBG rx_done=0 count=0 wr_ptr=7 rd_ptr=7 rx_empty=1 rd_en=0 rd_data=xx
# [7315500000] DBG rx_done=0 count=0 wr_ptr=7 rd_ptr=7 rx_empty=1 rd_en=0 rd_data=xx
# [7316500000] DBG rx_done=0 count=0 wr_ptr=7 rd_ptr=7 rx_empty=1 rd_en=0 rd_data=xx
# [7317500000] DBG rx_done=0 count=0 wr_ptr=7 rd_ptr=7 rx_empty=1 rd_en=0 rd_data=xx
# [7318500000] DBG rx_done=0 count=0 wr_ptr=7 rd_ptr=7 rx_empty=1 rd_en=0 rd_data=xx
# [7319500000] DBG rx_done=0 count=0 wr_ptr=7 rd_ptr=7 rx_empty=1 rd_en=0 rd_data=xx
# [7320500000] DBG rx_done=0 count=0 wr_ptr=7 rd_ptr=7 rx_empty=1 rd_en=0 rd_data=xx
# [7321500000] DBG rx_done=0 count=0 wr_ptr=7 rd_ptr=7 rx_empty=1 rd_en=0 rd_data=xx
# [7322500000] DBG rx_done=0 count=0 wr_ptr=7 rd_ptr=7 rx_empty=1 rd_en=0 rd_data=xx
# [7323500000] DBG rx_done=0 count=0 wr_ptr=7 rd_ptr=7 rx_empty=1 rd_en=0 rd_data=xx
# [7324500000] DBG rx_done=0 count=0 wr_ptr=7 rd_ptr=7 rx_empty=1 rd_en=0 rd_data=xx
# [7325500000] DBG rx_done=0 count=0 wr_ptr=7 rd_ptr=7 rx_empty=1 rd_en=0 rd_data=xx
# [7326500000] DBG rx_done=0 count=0 wr_ptr=7 rd_ptr=7 rx_empty=1 rd_en=0 rd_data=xx
# [7327500000] DBG rx_done=0 count=0 wr_ptr=7 rd_ptr=7 rx_empty=1 rd_en=0 rd_data=xx
# [7328500000] DBG rx_done=0 count=0 wr_ptr=7 rd_ptr=7 rx_empty=1 rd_en=0 rd_data=xx
# [7329500000] DBG rx_done=0 count=0 wr_ptr=7 rd_ptr=7 rx_empty=1 rd_en=0 rd_data=xx
# [7330500000] DBG rx_done=0 count=0 wr_ptr=7 rd_ptr=7 rx_empty=1 rd_en=0 rd_data=xx
# [7331500000] DBG rx_done=0 count=0 wr_ptr=7 rd_ptr=7 rx_empty=1 rd_en=0 rd_data=xx
# [7332500000] DBG rx_done=0 count=0 wr_ptr=7 rd_ptr=7 rx_empty=1 rd_en=0 rd_data=xx
# [7333500000] DBG rx_done=0 count=0 wr_ptr=7 rd_ptr=7 rx_empty=1 rd_en=0 rd_data=xx
# [7334500000] DBG rx_done=0 count=0 wr_ptr=7 rd_ptr=7 rx_empty=1 rd_en=0 rd_data=xx
# [7335500000] DBG rx_done=0 count=0 wr_ptr=7 rd_ptr=7 rx_empty=1 rd_en=0 rd_data=xx
# [7336500000] DBG rx_done=0 count=0 wr_ptr=7 rd_ptr=7 rx_empty=1 rd_en=0 rd_data=xx
# [7337500000] DBG rx_done=0 count=0 wr_ptr=7 rd_ptr=7 rx_empty=1 rd_en=0 rd_data=xx
# [7338500000] DBG rx_done=0 count=0 wr_ptr=7 rd_ptr=7 rx_empty=1 rd_en=0 rd_data=xx
# [7339500000] DBG rx_done=0 count=0 wr_ptr=7 rd_ptr=7 rx_empty=1 rd_en=0 rd_data=xx
# [7340500000] DBG rx_done=0 count=0 wr_ptr=7 rd_ptr=7 rx_empty=1 rd_en=0 rd_data=xx
# [7341500000] DBG rx_done=0 count=0 wr_ptr=7 rd_ptr=7 rx_empty=1 rd_en=0 rd_data=xx
# [7342500000] DBG rx_done=0 count=0 wr_ptr=7 rd_ptr=7 rx_empty=1 rd_en=0 rd_data=xx
# [7343500000] DBG rx_done=0 count=0 wr_ptr=7 rd_ptr=7 rx_empty=1 rd_en=0 rd_data=xx
# [7344500000] DBG rx_done=0 count=0 wr_ptr=7 rd_ptr=7 rx_empty=1 rd_en=0 rd_data=xx
# [7345500000] DBG rx_done=0 count=0 wr_ptr=7 rd_ptr=7 rx_empty=1 rd_en=0 rd_data=xx
# [7346500000] DBG rx_done=0 count=0 wr_ptr=7 rd_ptr=7 rx_empty=1 rd_en=0 rd_data=xx
# [7347500000] DBG rx_done=0 count=0 wr_ptr=7 rd_ptr=7 rx_empty=1 rd_en=0 rd_data=xx
# [7348500000] DBG rx_done=0 count=0 wr_ptr=7 rd_ptr=7 rx_empty=1 rd_en=0 rd_data=xx
# [7349500000] DBG rx_done=0 count=0 wr_ptr=7 rd_ptr=7 rx_empty=1 rd_en=0 rd_data=xx
# [7350500000] DBG rx_done=0 count=0 wr_ptr=7 rd_ptr=7 rx_empty=1 rd_en=0 rd_data=xx
# [7351500000] DBG rx_done=0 count=0 wr_ptr=7 rd_ptr=7 rx_empty=1 rd_en=0 rd_data=xx
# [7352500000] DBG rx_done=0 count=0 wr_ptr=7 rd_ptr=7 rx_empty=1 rd_en=0 rd_data=xx
# [7353500000] DBG rx_done=0 count=0 wr_ptr=7 rd_ptr=7 rx_empty=1 rd_en=0 rd_data=xx
# [7354500000] DBG rx_done=0 count=0 wr_ptr=7 rd_ptr=7 rx_empty=1 rd_en=0 rd_data=xx
# [7355500000] DBG rx_done=0 count=0 wr_ptr=7 rd_ptr=7 rx_empty=1 rd_en=0 rd_data=xx
# [7356500000] DBG rx_done=0 count=0 wr_ptr=7 rd_ptr=7 rx_empty=1 rd_en=0 rd_data=xx
# [7357500000] DBG rx_done=0 count=0 wr_ptr=7 rd_ptr=7 rx_empty=1 rd_en=0 rd_data=xx
# [7358500000] DBG rx_done=0 count=0 wr_ptr=7 rd_ptr=7 rx_empty=1 rd_en=0 rd_data=xx
# [7359500000] DBG rx_done=0 count=0 wr_ptr=7 rd_ptr=7 rx_empty=1 rd_en=0 rd_data=xx
# [7360500000] DBG rx_done=0 count=0 wr_ptr=7 rd_ptr=7 rx_empty=1 rd_en=0 rd_data=xx
# [7361500000] DBG rx_done=0 count=0 wr_ptr=7 rd_ptr=7 rx_empty=1 rd_en=0 rd_data=xx
# [7362500000] DBG rx_done=0 count=0 wr_ptr=7 rd_ptr=7 rx_empty=1 rd_en=0 rd_data=xx
# [7363500000] DBG rx_done=0 count=0 wr_ptr=7 rd_ptr=7 rx_empty=1 rd_en=0 rd_data=xx
# [7364500000] DBG rx_done=0 count=0 wr_ptr=7 rd_ptr=7 rx_empty=1 rd_en=0 rd_data=xx
# [7365500000] DBG rx_done=0 count=0 wr_ptr=7 rd_ptr=7 rx_empty=1 rd_en=0 rd_data=xx
# [7366500000] DBG rx_done=0 count=0 wr_ptr=7 rd_ptr=7 rx_empty=1 rd_en=0 rd_data=xx
# [7367500000] DBG rx_done=0 count=0 wr_ptr=7 rd_ptr=7 rx_empty=1 rd_en=0 rd_data=xx
# [7368500000] DBG rx_done=0 count=0 wr_ptr=7 rd_ptr=7 rx_empty=1 rd_en=0 rd_data=xx
# [7369500000] DBG rx_done=0 count=0 wr_ptr=7 rd_ptr=7 rx_empty=1 rd_en=0 rd_data=xx
# [7370500000] DBG rx_done=0 count=0 wr_ptr=7 rd_ptr=7 rx_empty=1 rd_en=0 rd_data=xx
# [7371500000] DBG rx_done=0 count=0 wr_ptr=7 rd_ptr=7 rx_empty=1 rd_en=0 rd_data=xx
# [7372500000] DBG rx_done=0 count=0 wr_ptr=7 rd_ptr=7 rx_empty=1 rd_en=0 rd_data=xx
# [7373500000] DBG rx_done=0 count=0 wr_ptr=7 rd_ptr=7 rx_empty=1 rd_en=0 rd_data=xx
# [7374500000] DBG rx_done=0 count=0 wr_ptr=7 rd_ptr=7 rx_empty=1 rd_en=0 rd_data=xx
# [7375500000] DBG rx_done=0 count=0 wr_ptr=7 rd_ptr=7 rx_empty=1 rd_en=0 rd_data=xx
# [7376500000] DBG rx_done=0 count=0 wr_ptr=7 rd_ptr=7 rx_empty=1 rd_en=0 rd_data=xx
# [7377500000] DBG rx_done=0 count=0 wr_ptr=7 rd_ptr=7 rx_empty=1 rd_en=0 rd_data=xx
# [7378500000] DBG rx_done=0 count=0 wr_ptr=7 rd_ptr=7 rx_empty=1 rd_en=0 rd_data=xx
# [7379500000] DBG rx_done=0 count=0 wr_ptr=7 rd_ptr=7 rx_empty=1 rd_en=0 rd_data=xx
# [7380500000] DBG rx_done=0 count=0 wr_ptr=7 rd_ptr=7 rx_empty=1 rd_en=0 rd_data=xx
# [7381500000] DBG rx_done=0 count=0 wr_ptr=7 rd_ptr=7 rx_empty=1 rd_en=0 rd_data=xx
# [7382500000] DBG rx_done=0 count=0 wr_ptr=7 rd_ptr=7 rx_empty=1 rd_en=0 rd_data=xx
# [7383500000] DBG rx_done=0 count=0 wr_ptr=7 rd_ptr=7 rx_empty=1 rd_en=0 rd_data=xx
# [7384500000] DBG rx_done=0 count=0 wr_ptr=7 rd_ptr=7 rx_empty=1 rd_en=0 rd_data=xx
# [7385500000] DBG rx_done=0 count=0 wr_ptr=7 rd_ptr=7 rx_empty=1 rd_en=0 rd_data=xx
# [7386500000] DBG rx_done=0 count=0 wr_ptr=7 rd_ptr=7 rx_empty=1 rd_en=0 rd_data=xx
# [7387500000] DBG rx_done=0 count=0 wr_ptr=7 rd_ptr=7 rx_empty=1 rd_en=0 rd_data=xx
# [7388500000] DBG rx_done=0 count=0 wr_ptr=7 rd_ptr=7 rx_empty=1 rd_en=0 rd_data=xx
# [7389500000] DBG rx_done=0 count=0 wr_ptr=7 rd_ptr=7 rx_empty=1 rd_en=0 rd_data=xx
# [7390500000] DBG rx_done=0 count=0 wr_ptr=7 rd_ptr=7 rx_empty=1 rd_en=0 rd_data=xx
# [7391500000] DBG rx_done=0 count=0 wr_ptr=7 rd_ptr=7 rx_empty=1 rd_en=0 rd_data=xx
# [7392500000] DBG rx_done=0 count=0 wr_ptr=7 rd_ptr=7 rx_empty=1 rd_en=0 rd_data=xx
# [7393500000] DBG rx_done=0 count=0 wr_ptr=7 rd_ptr=7 rx_empty=1 rd_en=0 rd_data=xx
# [7394500000] DBG rx_done=0 count=0 wr_ptr=7 rd_ptr=7 rx_empty=1 rd_en=0 rd_data=xx
# [7395500000] DBG rx_done=0 count=0 wr_ptr=7 rd_ptr=7 rx_empty=1 rd_en=0 rd_data=xx
# [7396500000] DBG rx_done=0 count=0 wr_ptr=7 rd_ptr=7 rx_empty=1 rd_en=0 rd_data=xx
# [7397500000] DBG rx_done=0 count=0 wr_ptr=7 rd_ptr=7 rx_empty=1 rd_en=0 rd_data=xx
# [7398500000] DBG rx_done=0 count=0 wr_ptr=7 rd_ptr=7 rx_empty=1 rd_en=0 rd_data=xx
# [7399500000] DBG rx_done=0 count=0 wr_ptr=7 rd_ptr=7 rx_empty=1 rd_en=0 rd_data=xx
# [7400500000] DBG rx_done=0 count=0 wr_ptr=7 rd_ptr=7 rx_empty=1 rd_en=0 rd_data=xx
# [7401500000] DBG rx_done=0 count=0 wr_ptr=7 rd_ptr=7 rx_empty=1 rd_en=0 rd_data=xx
# [7402500000] DBG rx_done=0 count=0 wr_ptr=7 rd_ptr=7 rx_empty=1 rd_en=0 rd_data=xx
# [7403500000] DBG rx_done=0 count=0 wr_ptr=7 rd_ptr=7 rx_empty=1 rd_en=0 rd_data=xx
# [7404500000] DBG rx_done=0 count=0 wr_ptr=7 rd_ptr=7 rx_empty=1 rd_en=0 rd_data=xx
# [7405500000] DBG rx_done=0 count=0 wr_ptr=7 rd_ptr=7 rx_empty=1 rd_en=0 rd_data=xx
# [7406500000] DBG rx_done=0 count=0 wr_ptr=7 rd_ptr=7 rx_empty=1 rd_en=0 rd_data=xx
# [7407500000] DBG rx_done=0 count=0 wr_ptr=7 rd_ptr=7 rx_empty=1 rd_en=0 rd_data=xx
# [7408500000] DBG rx_done=0 count=0 wr_ptr=7 rd_ptr=7 rx_empty=1 rd_en=0 rd_data=xx
# [7409500000] DBG rx_done=0 count=0 wr_ptr=7 rd_ptr=7 rx_empty=1 rd_en=0 rd_data=xx
# [7410500000] DBG rx_done=0 count=0 wr_ptr=7 rd_ptr=7 rx_empty=1 rd_en=0 rd_data=xx
# [7411500000] DBG rx_done=0 count=0 wr_ptr=7 rd_ptr=7 rx_empty=1 rd_en=0 rd_data=xx
# [7412500000] DBG rx_done=0 count=0 wr_ptr=7 rd_ptr=7 rx_empty=1 rd_en=0 rd_data=xx
# [7413500000] DBG rx_done=0 count=0 wr_ptr=7 rd_ptr=7 rx_empty=1 rd_en=0 rd_data=xx
# [7414500000] DBG rx_done=0 count=0 wr_ptr=7 rd_ptr=7 rx_empty=1 rd_en=0 rd_data=xx
# [7415500000] DBG rx_done=0 count=0 wr_ptr=7 rd_ptr=7 rx_empty=1 rd_en=0 rd_data=xx
# [7416500000] DBG rx_done=0 count=0 wr_ptr=7 rd_ptr=7 rx_empty=1 rd_en=0 rd_data=xx
# [7417500000] DBG rx_done=0 count=0 wr_ptr=7 rd_ptr=7 rx_empty=1 rd_en=0 rd_data=xx
# [7418500000] DBG rx_done=0 count=0 wr_ptr=7 rd_ptr=7 rx_empty=1 rd_en=0 rd_data=xx
# [7419500000] DBG rx_done=0 count=0 wr_ptr=7 rd_ptr=7 rx_empty=1 rd_en=0 rd_data=xx
# [7420500000] DBG rx_done=0 count=0 wr_ptr=7 rd_ptr=7 rx_empty=1 rd_en=0 rd_data=xx
# [7421500000] DBG rx_done=0 count=0 wr_ptr=7 rd_ptr=7 rx_empty=1 rd_en=0 rd_data=xx
# [7422500000] DBG rx_done=0 count=0 wr_ptr=7 rd_ptr=7 rx_empty=1 rd_en=0 rd_data=xx
# [7423500000] DBG rx_done=0 count=0 wr_ptr=7 rd_ptr=7 rx_empty=1 rd_en=0 rd_data=xx
# [7424500000] DBG rx_done=0 count=0 wr_ptr=7 rd_ptr=7 rx_empty=1 rd_en=0 rd_data=xx
# [7425500000] DBG rx_done=0 count=0 wr_ptr=7 rd_ptr=7 rx_empty=1 rd_en=0 rd_data=xx
# [7426500000] DBG rx_done=0 count=0 wr_ptr=7 rd_ptr=7 rx_empty=1 rd_en=0 rd_data=xx
# [7427500000] DBG rx_done=0 count=0 wr_ptr=7 rd_ptr=7 rx_empty=1 rd_en=0 rd_data=xx
# [7428500000] DBG rx_done=0 count=0 wr_ptr=7 rd_ptr=7 rx_empty=1 rd_en=0 rd_data=xx
# [7429500000] DBG rx_done=0 count=0 wr_ptr=7 rd_ptr=7 rx_empty=1 rd_en=0 rd_data=xx
# [7430500000] DBG rx_done=0 count=0 wr_ptr=7 rd_ptr=7 rx_empty=1 rd_en=0 rd_data=xx
# [7431500000] DBG rx_done=0 count=0 wr_ptr=7 rd_ptr=7 rx_empty=1 rd_en=0 rd_data=xx
# [7432500000] DBG rx_done=0 count=0 wr_ptr=7 rd_ptr=7 rx_empty=1 rd_en=0 rd_data=xx
# [7433500000] DBG rx_done=0 count=0 wr_ptr=7 rd_ptr=7 rx_empty=1 rd_en=0 rd_data=xx
# [7434500000] DBG rx_done=0 count=0 wr_ptr=7 rd_ptr=7 rx_empty=1 rd_en=0 rd_data=xx
# [7435500000] DBG rx_done=0 count=0 wr_ptr=7 rd_ptr=7 rx_empty=1 rd_en=0 rd_data=xx
# [7436500000] DBG rx_done=0 count=0 wr_ptr=7 rd_ptr=7 rx_empty=1 rd_en=0 rd_data=xx
# [7437500000] DBG rx_done=0 count=0 wr_ptr=7 rd_ptr=7 rx_empty=1 rd_en=0 rd_data=xx
# [7438500000] DBG rx_done=0 count=0 wr_ptr=7 rd_ptr=7 rx_empty=1 rd_en=0 rd_data=xx
# [7439500000] DBG rx_done=0 count=0 wr_ptr=7 rd_ptr=7 rx_empty=1 rd_en=0 rd_data=xx
# [7440500000] DBG rx_done=0 count=0 wr_ptr=7 rd_ptr=7 rx_empty=1 rd_en=0 rd_data=xx
# [7441500000] DBG rx_done=0 count=0 wr_ptr=7 rd_ptr=7 rx_empty=1 rd_en=0 rd_data=xx
# [7442500000] DBG rx_done=0 count=0 wr_ptr=7 rd_ptr=7 rx_empty=1 rd_en=0 rd_data=xx
# [7443500000] DBG rx_done=0 count=0 wr_ptr=7 rd_ptr=7 rx_empty=1 rd_en=0 rd_data=xx
# [7444500000] DBG rx_done=0 count=0 wr_ptr=7 rd_ptr=7 rx_empty=1 rd_en=0 rd_data=xx
# [7445500000] DBG rx_done=0 count=0 wr_ptr=7 rd_ptr=7 rx_empty=1 rd_en=0 rd_data=xx
# [7446500000] DBG rx_done=0 count=0 wr_ptr=7 rd_ptr=7 rx_empty=1 rd_en=0 rd_data=xx
# [7447500000] DBG rx_done=0 count=0 wr_ptr=7 rd_ptr=7 rx_empty=1 rd_en=0 rd_data=xx
# [7448500000] DBG rx_done=0 count=0 wr_ptr=7 rd_ptr=7 rx_empty=1 rd_en=0 rd_data=xx
# [7449500000] DBG rx_done=0 count=0 wr_ptr=7 rd_ptr=7 rx_empty=1 rd_en=0 rd_data=xx
# [7450500000] DBG rx_done=0 count=0 wr_ptr=7 rd_ptr=7 rx_empty=1 rd_en=0 rd_data=xx
# [7451500000] DBG rx_done=0 count=0 wr_ptr=7 rd_ptr=7 rx_empty=1 rd_en=0 rd_data=xx
# [7452500000] DBG rx_done=0 count=0 wr_ptr=7 rd_ptr=7 rx_empty=1 rd_en=0 rd_data=xx
# [7453500000] DBG rx_done=0 count=0 wr_ptr=7 rd_ptr=7 rx_empty=1 rd_en=0 rd_data=xx
# [7454500000] DBG rx_done=0 count=0 wr_ptr=7 rd_ptr=7 rx_empty=1 rd_en=0 rd_data=xx
# [7455500000] DBG rx_done=0 count=0 wr_ptr=7 rd_ptr=7 rx_empty=1 rd_en=0 rd_data=xx
# [7456500000] DBG rx_done=0 count=0 wr_ptr=7 rd_ptr=7 rx_empty=1 rd_en=0 rd_data=xx
# [7457500000] DBG rx_done=0 count=0 wr_ptr=7 rd_ptr=7 rx_empty=1 rd_en=0 rd_data=xx
# [7458500000] DBG rx_done=0 count=0 wr_ptr=7 rd_ptr=7 rx_empty=1 rd_en=0 rd_data=xx
# [7459500000] DBG rx_done=0 count=0 wr_ptr=7 rd_ptr=7 rx_empty=1 rd_en=0 rd_data=xx
# [7460500000] DBG rx_done=0 count=0 wr_ptr=7 rd_ptr=7 rx_empty=1 rd_en=0 rd_data=xx
# [7461500000] DBG rx_done=0 count=0 wr_ptr=7 rd_ptr=7 rx_empty=1 rd_en=0 rd_data=xx
# [7462500000] DBG rx_done=0 count=0 wr_ptr=7 rd_ptr=7 rx_empty=1 rd_en=0 rd_data=xx
# [7463500000] DBG rx_done=0 count=0 wr_ptr=7 rd_ptr=7 rx_empty=1 rd_en=0 rd_data=xx
# [7464500000] DBG rx_done=0 count=0 wr_ptr=7 rd_ptr=7 rx_empty=1 rd_en=0 rd_data=xx
# [7465500000] DBG rx_done=0 count=0 wr_ptr=7 rd_ptr=7 rx_empty=1 rd_en=0 rd_data=xx
# [7466500000] DBG rx_done=0 count=0 wr_ptr=7 rd_ptr=7 rx_empty=1 rd_en=0 rd_data=xx
# [7467500000] DBG rx_done=0 count=0 wr_ptr=7 rd_ptr=7 rx_empty=1 rd_en=0 rd_data=xx
# [7468500000] DBG rx_done=0 count=0 wr_ptr=7 rd_ptr=7 rx_empty=1 rd_en=0 rd_data=xx
# [7469500000] DBG rx_done=0 count=0 wr_ptr=7 rd_ptr=7 rx_empty=1 rd_en=0 rd_data=xx
# [7470500000] DBG rx_done=0 count=0 wr_ptr=7 rd_ptr=7 rx_empty=1 rd_en=0 rd_data=xx
# [7471500000] DBG rx_done=0 count=0 wr_ptr=7 rd_ptr=7 rx_empty=1 rd_en=0 rd_data=xx
# [7472500000] DBG rx_done=0 count=0 wr_ptr=7 rd_ptr=7 rx_empty=1 rd_en=0 rd_data=xx
# [7473500000] DBG rx_done=0 count=0 wr_ptr=7 rd_ptr=7 rx_empty=1 rd_en=0 rd_data=xx
# [7474500000] DBG rx_done=0 count=0 wr_ptr=7 rd_ptr=7 rx_empty=1 rd_en=0 rd_data=xx
# [7475500000] DBG rx_done=0 count=0 wr_ptr=7 rd_ptr=7 rx_empty=1 rd_en=0 rd_data=xx
# [7476500000] DBG rx_done=0 count=0 wr_ptr=7 rd_ptr=7 rx_empty=1 rd_en=0 rd_data=xx
# [7477500000] DBG rx_done=0 count=0 wr_ptr=7 rd_ptr=7 rx_empty=1 rd_en=0 rd_data=xx
# [7478500000] DBG rx_done=0 count=0 wr_ptr=7 rd_ptr=7 rx_empty=1 rd_en=0 rd_data=xx
# [7479500000] DBG rx_done=0 count=0 wr_ptr=7 rd_ptr=7 rx_empty=1 rd_en=0 rd_data=xx
# [7480500000] DBG rx_done=0 count=0 wr_ptr=7 rd_ptr=7 rx_empty=1 rd_en=0 rd_data=xx
# [7481500000] DBG rx_done=0 count=0 wr_ptr=7 rd_ptr=7 rx_empty=1 rd_en=0 rd_data=xx
# [7482500000] DBG rx_done=0 count=0 wr_ptr=7 rd_ptr=7 rx_empty=1 rd_en=0 rd_data=xx
# [7483500000] DBG rx_done=0 count=0 wr_ptr=7 rd_ptr=7 rx_empty=1 rd_en=0 rd_data=xx
# [7484500000] DBG rx_done=0 count=0 wr_ptr=7 rd_ptr=7 rx_empty=1 rd_en=0 rd_data=xx
# [7485500000] DBG rx_done=0 count=0 wr_ptr=7 rd_ptr=7 rx_empty=1 rd_en=0 rd_data=xx
# [7486500000] DBG rx_done=0 count=0 wr_ptr=7 rd_ptr=7 rx_empty=1 rd_en=0 rd_data=xx
# [7487500000] DBG rx_done=0 count=0 wr_ptr=7 rd_ptr=7 rx_empty=1 rd_en=0 rd_data=xx
# [7488500000] DBG rx_done=0 count=0 wr_ptr=7 rd_ptr=7 rx_empty=1 rd_en=0 rd_data=xx
# [7489500000] DBG rx_done=0 count=0 wr_ptr=7 rd_ptr=7 rx_empty=1 rd_en=0 rd_data=xx
# [7490500000] DBG rx_done=0 count=0 wr_ptr=7 rd_ptr=7 rx_empty=1 rd_en=0 rd_data=xx
# [7491500000] DBG rx_done=0 count=0 wr_ptr=7 rd_ptr=7 rx_empty=1 rd_en=0 rd_data=xx
# [7492500000] DBG rx_done=0 count=0 wr_ptr=7 rd_ptr=7 rx_empty=1 rd_en=0 rd_data=xx
# [7493500000] DBG rx_done=0 count=0 wr_ptr=7 rd_ptr=7 rx_empty=1 rd_en=0 rd_data=xx
# [7494500000] DBG rx_done=0 count=0 wr_ptr=7 rd_ptr=7 rx_empty=1 rd_en=0 rd_data=xx
# [7495500000] DBG rx_done=0 count=0 wr_ptr=7 rd_ptr=7 rx_empty=1 rd_en=0 rd_data=xx
# [7496500000] DBG rx_done=0 count=0 wr_ptr=7 rd_ptr=7 rx_empty=1 rd_en=0 rd_data=xx
# [7497500000] DBG rx_done=0 count=0 wr_ptr=7 rd_ptr=7 rx_empty=1 rd_en=0 rd_data=xx
# [7498500000] DBG rx_done=0 count=0 wr_ptr=7 rd_ptr=7 rx_empty=1 rd_en=0 rd_data=xx
# [7499500000] DBG rx_done=0 count=0 wr_ptr=7 rd_ptr=7 rx_empty=1 rd_en=0 rd_data=xx
# [7500500000] DBG rx_done=0 count=0 wr_ptr=7 rd_ptr=7 rx_empty=1 rd_en=0 rd_data=xx
# [7501500000] DBG rx_done=0 count=0 wr_ptr=7 rd_ptr=7 rx_empty=1 rd_en=0 rd_data=xx
# [7502500000] DBG rx_done=0 count=0 wr_ptr=7 rd_ptr=7 rx_empty=1 rd_en=0 rd_data=xx
# [7503500000] DBG rx_done=0 count=0 wr_ptr=7 rd_ptr=7 rx_empty=1 rd_en=0 rd_data=xx
# [7504500000] DBG rx_done=0 count=0 wr_ptr=7 rd_ptr=7 rx_empty=1 rd_en=0 rd_data=xx
# [7505500000] DBG rx_done=0 count=0 wr_ptr=7 rd_ptr=7 rx_empty=1 rd_en=0 rd_data=xx
# [7506500000] DBG rx_done=0 count=0 wr_ptr=7 rd_ptr=7 rx_empty=1 rd_en=0 rd_data=xx
# [7507500000] DBG rx_done=0 count=0 wr_ptr=7 rd_ptr=7 rx_empty=1 rd_en=0 rd_data=xx
# [7508500000] DBG rx_done=0 count=0 wr_ptr=7 rd_ptr=7 rx_empty=1 rd_en=0 rd_data=xx
# [7509500000] DBG rx_done=0 count=0 wr_ptr=7 rd_ptr=7 rx_empty=1 rd_en=0 rd_data=xx
# [7510500000] DBG rx_done=0 count=0 wr_ptr=7 rd_ptr=7 rx_empty=1 rd_en=0 rd_data=xx
# [7511500000] DBG rx_done=0 count=0 wr_ptr=7 rd_ptr=7 rx_empty=1 rd_en=0 rd_data=xx
# [7512500000] DBG rx_done=0 count=0 wr_ptr=7 rd_ptr=7 rx_empty=1 rd_en=0 rd_data=xx
# [7513500000] DBG rx_done=0 count=0 wr_ptr=7 rd_ptr=7 rx_empty=1 rd_en=0 rd_data=xx
# [7514500000] DBG rx_done=0 count=0 wr_ptr=7 rd_ptr=7 rx_empty=1 rd_en=0 rd_data=xx
# [7515500000] DBG rx_done=0 count=0 wr_ptr=7 rd_ptr=7 rx_empty=1 rd_en=0 rd_data=xx
# [7516500000] DBG rx_done=0 count=0 wr_ptr=7 rd_ptr=7 rx_empty=1 rd_en=0 rd_data=xx
# [7517500000] DBG rx_done=0 count=0 wr_ptr=7 rd_ptr=7 rx_empty=1 rd_en=0 rd_data=xx
# [7518500000] DBG rx_done=0 count=0 wr_ptr=7 rd_ptr=7 rx_empty=1 rd_en=0 rd_data=xx
# [7519500000] DBG rx_done=0 count=0 wr_ptr=7 rd_ptr=7 rx_empty=1 rd_en=0 rd_data=xx
# [7520500000] DBG rx_done=0 count=0 wr_ptr=7 rd_ptr=7 rx_empty=1 rd_en=0 rd_data=xx
# [7521500000] DBG rx_done=0 count=0 wr_ptr=7 rd_ptr=7 rx_empty=1 rd_en=0 rd_data=xx
# [7522500000] DBG rx_done=0 count=0 wr_ptr=7 rd_ptr=7 rx_empty=1 rd_en=0 rd_data=xx
# [7523500000] DBG rx_done=0 count=0 wr_ptr=7 rd_ptr=7 rx_empty=1 rd_en=0 rd_data=xx
# [7524500000] DBG rx_done=0 count=0 wr_ptr=7 rd_ptr=7 rx_empty=1 rd_en=0 rd_data=xx
# [7525500000] DBG rx_done=0 count=0 wr_ptr=7 rd_ptr=7 rx_empty=1 rd_en=0 rd_data=xx
# [7526500000] DBG rx_done=0 count=0 wr_ptr=7 rd_ptr=7 rx_empty=1 rd_en=0 rd_data=xx
# [7527500000] DBG rx_done=0 count=0 wr_ptr=7 rd_ptr=7 rx_empty=1 rd_en=0 rd_data=xx
# [7528500000] DBG rx_done=0 count=0 wr_ptr=7 rd_ptr=7 rx_empty=1 rd_en=0 rd_data=xx
# [7529500000] DBG rx_done=0 count=0 wr_ptr=7 rd_ptr=7 rx_empty=1 rd_en=0 rd_data=xx
# [7530500000] DBG rx_done=0 count=0 wr_ptr=7 rd_ptr=7 rx_empty=1 rd_en=0 rd_data=xx
# [7531500000] DBG rx_done=0 count=0 wr_ptr=7 rd_ptr=7 rx_empty=1 rd_en=0 rd_data=xx
# [7532500000] DBG rx_done=0 count=0 wr_ptr=7 rd_ptr=7 rx_empty=1 rd_en=0 rd_data=xx
# [7533500000] DBG rx_done=0 count=0 wr_ptr=7 rd_ptr=7 rx_empty=1 rd_en=0 rd_data=xx
# [7534500000] DBG rx_done=0 count=0 wr_ptr=7 rd_ptr=7 rx_empty=1 rd_en=0 rd_data=xx
# [7535500000] DBG rx_done=0 count=0 wr_ptr=7 rd_ptr=7 rx_empty=1 rd_en=0 rd_data=xx
# [7536500000] DBG rx_done=0 count=0 wr_ptr=7 rd_ptr=7 rx_empty=1 rd_en=0 rd_data=xx
# [7537500000] DBG rx_done=0 count=0 wr_ptr=7 rd_ptr=7 rx_empty=1 rd_en=0 rd_data=xx
# [7538500000] DBG rx_done=0 count=0 wr_ptr=7 rd_ptr=7 rx_empty=1 rd_en=0 rd_data=xx
# [7539500000] DBG rx_done=0 count=0 wr_ptr=7 rd_ptr=7 rx_empty=1 rd_en=0 rd_data=xx
# [7540500000] DBG rx_done=0 count=0 wr_ptr=7 rd_ptr=7 rx_empty=1 rd_en=0 rd_data=xx
# [7541500000] DBG rx_done=0 count=0 wr_ptr=7 rd_ptr=7 rx_empty=1 rd_en=0 rd_data=xx
# [7542500000] DBG rx_done=0 count=0 wr_ptr=7 rd_ptr=7 rx_empty=1 rd_en=0 rd_data=xx
# [7543500000] DBG rx_done=0 count=0 wr_ptr=7 rd_ptr=7 rx_empty=1 rd_en=0 rd_data=xx
# [7544500000] DBG rx_done=0 count=0 wr_ptr=7 rd_ptr=7 rx_empty=1 rd_en=0 rd_data=xx
# [7545500000] DBG rx_done=0 count=0 wr_ptr=7 rd_ptr=7 rx_empty=1 rd_en=0 rd_data=xx
# [7546500000] DBG rx_done=0 count=0 wr_ptr=7 rd_ptr=7 rx_empty=1 rd_en=0 rd_data=xx
# [7547500000] DBG rx_done=0 count=0 wr_ptr=7 rd_ptr=7 rx_empty=1 rd_en=0 rd_data=xx
# [7548500000] DBG rx_done=0 count=0 wr_ptr=7 rd_ptr=7 rx_empty=1 rd_en=0 rd_data=xx
# [7549500000] DBG rx_done=0 count=0 wr_ptr=7 rd_ptr=7 rx_empty=1 rd_en=0 rd_data=xx
# [7550500000] DBG rx_done=0 count=0 wr_ptr=7 rd_ptr=7 rx_empty=1 rd_en=0 rd_data=xx
# [7551500000] DBG rx_done=0 count=0 wr_ptr=7 rd_ptr=7 rx_empty=1 rd_en=0 rd_data=xx
# [7552500000] DBG rx_done=0 count=0 wr_ptr=7 rd_ptr=7 rx_empty=1 rd_en=0 rd_data=xx
# [7553500000] DBG rx_done=0 count=0 wr_ptr=7 rd_ptr=7 rx_empty=1 rd_en=0 rd_data=xx
# [7554500000] DBG rx_done=0 count=0 wr_ptr=7 rd_ptr=7 rx_empty=1 rd_en=0 rd_data=xx
# [7555500000] DBG rx_done=0 count=0 wr_ptr=7 rd_ptr=7 rx_empty=1 rd_en=0 rd_data=xx
# [7556500000] DBG rx_done=0 count=0 wr_ptr=7 rd_ptr=7 rx_empty=1 rd_en=0 rd_data=xx
# [7557500000] DBG rx_done=0 count=0 wr_ptr=7 rd_ptr=7 rx_empty=1 rd_en=0 rd_data=xx
# [7558500000] DBG rx_done=0 count=0 wr_ptr=7 rd_ptr=7 rx_empty=1 rd_en=0 rd_data=xx
# [7559500000] DBG rx_done=0 count=0 wr_ptr=7 rd_ptr=7 rx_empty=1 rd_en=0 rd_data=xx
# [7560500000] DBG rx_done=0 count=0 wr_ptr=7 rd_ptr=7 rx_empty=1 rd_en=0 rd_data=xx
# [7561500000] DBG rx_done=0 count=0 wr_ptr=7 rd_ptr=7 rx_empty=1 rd_en=0 rd_data=xx
# [7562500000] DBG rx_done=0 count=0 wr_ptr=7 rd_ptr=7 rx_empty=1 rd_en=0 rd_data=xx
# [7563500000] DBG rx_done=0 count=0 wr_ptr=7 rd_ptr=7 rx_empty=1 rd_en=0 rd_data=xx
# [7564500000] DBG rx_done=0 count=0 wr_ptr=7 rd_ptr=7 rx_empty=1 rd_en=0 rd_data=xx
# [7565500000] DBG rx_done=0 count=0 wr_ptr=7 rd_ptr=7 rx_empty=1 rd_en=0 rd_data=xx
# [7566500000] DBG rx_done=0 count=0 wr_ptr=7 rd_ptr=7 rx_empty=1 rd_en=0 rd_data=xx
# [7567500000] DBG rx_done=0 count=0 wr_ptr=7 rd_ptr=7 rx_empty=1 rd_en=0 rd_data=xx
# [7568500000] DBG rx_done=0 count=0 wr_ptr=7 rd_ptr=7 rx_empty=1 rd_en=0 rd_data=xx
# [7569500000] DBG rx_done=0 count=0 wr_ptr=7 rd_ptr=7 rx_empty=1 rd_en=0 rd_data=xx
# [7570500000] DBG rx_done=0 count=0 wr_ptr=7 rd_ptr=7 rx_empty=1 rd_en=0 rd_data=xx
# [7571500000] DBG rx_done=0 count=0 wr_ptr=7 rd_ptr=7 rx_empty=1 rd_en=0 rd_data=xx
# [7572500000] DBG rx_done=0 count=0 wr_ptr=7 rd_ptr=7 rx_empty=1 rd_en=0 rd_data=xx
# [7573500000] DBG rx_done=0 count=0 wr_ptr=7 rd_ptr=7 rx_empty=1 rd_en=0 rd_data=xx
# [7574500000] DBG rx_done=0 count=0 wr_ptr=7 rd_ptr=7 rx_empty=1 rd_en=0 rd_data=xx
# [7575500000] DBG rx_done=0 count=0 wr_ptr=7 rd_ptr=7 rx_empty=1 rd_en=0 rd_data=xx
# [7576500000] DBG rx_done=0 count=0 wr_ptr=7 rd_ptr=7 rx_empty=1 rd_en=0 rd_data=xx
# [7577500000] DBG rx_done=0 count=0 wr_ptr=7 rd_ptr=7 rx_empty=1 rd_en=0 rd_data=xx
# [7578500000] DBG rx_done=0 count=0 wr_ptr=7 rd_ptr=7 rx_empty=1 rd_en=0 rd_data=xx
# [7579500000] DBG rx_done=0 count=0 wr_ptr=7 rd_ptr=7 rx_empty=1 rd_en=0 rd_data=xx
# [7580500000] DBG rx_done=0 count=0 wr_ptr=7 rd_ptr=7 rx_empty=1 rd_en=0 rd_data=xx
# [7581500000] DBG rx_done=0 count=0 wr_ptr=7 rd_ptr=7 rx_empty=1 rd_en=0 rd_data=xx
# [7582500000] DBG rx_done=0 count=0 wr_ptr=7 rd_ptr=7 rx_empty=1 rd_en=0 rd_data=xx
# [7583500000] DBG rx_done=0 count=0 wr_ptr=7 rd_ptr=7 rx_empty=1 rd_en=0 rd_data=xx
# [7584500000] DBG rx_done=0 count=0 wr_ptr=7 rd_ptr=7 rx_empty=1 rd_en=0 rd_data=xx
# [7585500000] DBG rx_done=0 count=0 wr_ptr=7 rd_ptr=7 rx_empty=1 rd_en=0 rd_data=xx
# [7586500000] DBG rx_done=0 count=0 wr_ptr=7 rd_ptr=7 rx_empty=1 rd_en=0 rd_data=xx
# [7587500000] DBG rx_done=0 count=0 wr_ptr=7 rd_ptr=7 rx_empty=1 rd_en=0 rd_data=xx
# [7588500000] DBG rx_done=0 count=0 wr_ptr=7 rd_ptr=7 rx_empty=1 rd_en=0 rd_data=xx
# [7589500000] DBG rx_done=0 count=0 wr_ptr=7 rd_ptr=7 rx_empty=1 rd_en=0 rd_data=xx
# [7590500000] DBG rx_done=0 count=0 wr_ptr=7 rd_ptr=7 rx_empty=1 rd_en=0 rd_data=xx
# [7591500000] DBG rx_done=0 count=0 wr_ptr=7 rd_ptr=7 rx_empty=1 rd_en=0 rd_data=xx
# [7592500000] DBG rx_done=0 count=0 wr_ptr=7 rd_ptr=7 rx_empty=1 rd_en=0 rd_data=xx
# [7593500000] DBG rx_done=0 count=0 wr_ptr=7 rd_ptr=7 rx_empty=1 rd_en=0 rd_data=xx
# [7594500000] DBG rx_done=0 count=0 wr_ptr=7 rd_ptr=7 rx_empty=1 rd_en=0 rd_data=xx
# [7595500000] DBG rx_done=0 count=0 wr_ptr=7 rd_ptr=7 rx_empty=1 rd_en=0 rd_data=xx
# [7596500000] DBG rx_done=0 count=0 wr_ptr=7 rd_ptr=7 rx_empty=1 rd_en=0 rd_data=xx
# [7597500000] DBG rx_done=0 count=0 wr_ptr=7 rd_ptr=7 rx_empty=1 rd_en=0 rd_data=xx
# [7598500000] DBG rx_done=0 count=0 wr_ptr=7 rd_ptr=7 rx_empty=1 rd_en=0 rd_data=xx
# [7599500000] DBG rx_done=0 count=0 wr_ptr=7 rd_ptr=7 rx_empty=1 rd_en=0 rd_data=xx
# [7600500000] DBG rx_done=0 count=0 wr_ptr=7 rd_ptr=7 rx_empty=1 rd_en=0 rd_data=xx
# [7601500000] DBG rx_done=0 count=0 wr_ptr=7 rd_ptr=7 rx_empty=1 rd_en=0 rd_data=xx
# [7602500000] DBG rx_done=0 count=0 wr_ptr=7 rd_ptr=7 rx_empty=1 rd_en=0 rd_data=xx
# [7603500000] DBG rx_done=0 count=0 wr_ptr=7 rd_ptr=7 rx_empty=1 rd_en=0 rd_data=xx
# [7604500000] DBG rx_done=0 count=0 wr_ptr=7 rd_ptr=7 rx_empty=1 rd_en=0 rd_data=xx
# [7605500000] DBG rx_done=0 count=0 wr_ptr=7 rd_ptr=7 rx_empty=1 rd_en=0 rd_data=xx
# [7606500000] DBG rx_done=0 count=0 wr_ptr=7 rd_ptr=7 rx_empty=1 rd_en=0 rd_data=xx
# [7607500000] DBG rx_done=0 count=0 wr_ptr=7 rd_ptr=7 rx_empty=1 rd_en=0 rd_data=xx
# [7608500000] DBG rx_done=0 count=0 wr_ptr=7 rd_ptr=7 rx_empty=1 rd_en=0 rd_data=xx
# [7609500000] DBG rx_done=0 count=0 wr_ptr=7 rd_ptr=7 rx_empty=1 rd_en=0 rd_data=xx
# [7610500000] DBG rx_done=0 count=0 wr_ptr=7 rd_ptr=7 rx_empty=1 rd_en=0 rd_data=xx
# [7611500000] DBG rx_done=0 count=0 wr_ptr=7 rd_ptr=7 rx_empty=1 rd_en=0 rd_data=xx
# [7612500000] DBG rx_done=0 count=0 wr_ptr=7 rd_ptr=7 rx_empty=1 rd_en=0 rd_data=xx
# [7613500000] DBG rx_done=0 count=0 wr_ptr=7 rd_ptr=7 rx_empty=1 rd_en=0 rd_data=xx
# [7614500000] DBG rx_done=0 count=0 wr_ptr=7 rd_ptr=7 rx_empty=1 rd_en=0 rd_data=xx
# [7615500000] DBG rx_done=0 count=0 wr_ptr=7 rd_ptr=7 rx_empty=1 rd_en=0 rd_data=xx
# [7616500000] DBG rx_done=0 count=0 wr_ptr=7 rd_ptr=7 rx_empty=1 rd_en=0 rd_data=xx
# [7617500000] DBG rx_done=0 count=0 wr_ptr=7 rd_ptr=7 rx_empty=1 rd_en=0 rd_data=xx
# [7618500000] DBG rx_done=0 count=0 wr_ptr=7 rd_ptr=7 rx_empty=1 rd_en=0 rd_data=xx
# [7619500000] DBG rx_done=0 count=0 wr_ptr=7 rd_ptr=7 rx_empty=1 rd_en=0 rd_data=xx
# [7620500000] DBG rx_done=0 count=0 wr_ptr=7 rd_ptr=7 rx_empty=1 rd_en=0 rd_data=xx
# [7621500000] DBG rx_done=0 count=0 wr_ptr=7 rd_ptr=7 rx_empty=1 rd_en=0 rd_data=xx
# [7622500000] DBG rx_done=0 count=0 wr_ptr=7 rd_ptr=7 rx_empty=1 rd_en=0 rd_data=xx
# [7623500000] DBG rx_done=0 count=0 wr_ptr=7 rd_ptr=7 rx_empty=1 rd_en=0 rd_data=xx
# [7624500000] DBG rx_done=0 count=0 wr_ptr=7 rd_ptr=7 rx_empty=1 rd_en=0 rd_data=xx
# [7625500000] DBG rx_done=0 count=0 wr_ptr=7 rd_ptr=7 rx_empty=1 rd_en=0 rd_data=xx
# [7626500000] DBG rx_done=0 count=0 wr_ptr=7 rd_ptr=7 rx_empty=1 rd_en=0 rd_data=xx
# [7627500000] DBG rx_done=0 count=0 wr_ptr=7 rd_ptr=7 rx_empty=1 rd_en=0 rd_data=xx
# [7628500000] DBG rx_done=0 count=0 wr_ptr=7 rd_ptr=7 rx_empty=1 rd_en=0 rd_data=xx
# [7629500000] DBG rx_done=0 count=0 wr_ptr=7 rd_ptr=7 rx_empty=1 rd_en=0 rd_data=xx
# [7630500000] DBG rx_done=0 count=0 wr_ptr=7 rd_ptr=7 rx_empty=1 rd_en=0 rd_data=xx
# [7631500000] DBG rx_done=0 count=0 wr_ptr=7 rd_ptr=7 rx_empty=1 rd_en=0 rd_data=xx
# [7632500000] DBG rx_done=0 count=0 wr_ptr=7 rd_ptr=7 rx_empty=1 rd_en=0 rd_data=xx
# [7633500000] DBG rx_done=0 count=0 wr_ptr=7 rd_ptr=7 rx_empty=1 rd_en=0 rd_data=xx
# [7634500000] DBG rx_done=0 count=0 wr_ptr=7 rd_ptr=7 rx_empty=1 rd_en=0 rd_data=xx
# [7635500000] DBG rx_done=0 count=0 wr_ptr=7 rd_ptr=7 rx_empty=1 rd_en=0 rd_data=xx
# [7636500000] DBG rx_done=0 count=0 wr_ptr=7 rd_ptr=7 rx_empty=1 rd_en=0 rd_data=xx
# [7637500000] DBG rx_done=0 count=0 wr_ptr=7 rd_ptr=7 rx_empty=1 rd_en=0 rd_data=xx
# [7638500000] DBG rx_done=0 count=0 wr_ptr=7 rd_ptr=7 rx_empty=1 rd_en=0 rd_data=xx
# [7639500000] DBG rx_done=0 count=0 wr_ptr=7 rd_ptr=7 rx_empty=1 rd_en=0 rd_data=xx
# [7640500000] DBG rx_done=0 count=0 wr_ptr=7 rd_ptr=7 rx_empty=1 rd_en=0 rd_data=xx
# [7641500000] DBG rx_done=0 count=0 wr_ptr=7 rd_ptr=7 rx_empty=1 rd_en=0 rd_data=xx
# [7642500000] DBG rx_done=0 count=0 wr_ptr=7 rd_ptr=7 rx_empty=1 rd_en=0 rd_data=xx
# [7643500000] DBG rx_done=0 count=0 wr_ptr=7 rd_ptr=7 rx_empty=1 rd_en=0 rd_data=xx
# [7644500000] DBG rx_done=0 count=0 wr_ptr=7 rd_ptr=7 rx_empty=1 rd_en=0 rd_data=xx
# [7645500000] DBG rx_done=0 count=0 wr_ptr=7 rd_ptr=7 rx_empty=1 rd_en=0 rd_data=xx
# [7646500000] DBG rx_done=0 count=0 wr_ptr=7 rd_ptr=7 rx_empty=1 rd_en=0 rd_data=xx
# [7647500000] DBG rx_done=0 count=0 wr_ptr=7 rd_ptr=7 rx_empty=1 rd_en=0 rd_data=xx
# [7648500000] DBG rx_done=0 count=0 wr_ptr=7 rd_ptr=7 rx_empty=1 rd_en=0 rd_data=xx
# [7649500000] DBG rx_done=0 count=0 wr_ptr=7 rd_ptr=7 rx_empty=1 rd_en=0 rd_data=xx
# [7650500000] DBG rx_done=0 count=0 wr_ptr=7 rd_ptr=7 rx_empty=1 rd_en=0 rd_data=xx
# [7651500000] DBG rx_done=0 count=0 wr_ptr=7 rd_ptr=7 rx_empty=1 rd_en=0 rd_data=xx
# [7652500000] DBG rx_done=0 count=0 wr_ptr=7 rd_ptr=7 rx_empty=1 rd_en=0 rd_data=xx
# [7653500000] DBG rx_done=0 count=0 wr_ptr=7 rd_ptr=7 rx_empty=1 rd_en=0 rd_data=xx
# [7654500000] DBG rx_done=0 count=0 wr_ptr=7 rd_ptr=7 rx_empty=1 rd_en=0 rd_data=xx
# [7655500000] DBG rx_done=0 count=0 wr_ptr=7 rd_ptr=7 rx_empty=1 rd_en=0 rd_data=xx
# [7656500000] DBG rx_done=0 count=0 wr_ptr=7 rd_ptr=7 rx_empty=1 rd_en=0 rd_data=xx
# [7657500000] DBG rx_done=0 count=0 wr_ptr=7 rd_ptr=7 rx_empty=1 rd_en=0 rd_data=xx
# [7658500000] DBG rx_done=0 count=0 wr_ptr=7 rd_ptr=7 rx_empty=1 rd_en=0 rd_data=xx
# [7659500000] DBG rx_done=0 count=0 wr_ptr=7 rd_ptr=7 rx_empty=1 rd_en=0 rd_data=xx
# [7660500000] DBG rx_done=0 count=0 wr_ptr=7 rd_ptr=7 rx_empty=1 rd_en=0 rd_data=xx
# [7661500000] DBG rx_done=0 count=0 wr_ptr=7 rd_ptr=7 rx_empty=1 rd_en=0 rd_data=xx
# [7662500000] DBG rx_done=0 count=0 wr_ptr=7 rd_ptr=7 rx_empty=1 rd_en=0 rd_data=xx
# [7663500000] DBG rx_done=0 count=0 wr_ptr=7 rd_ptr=7 rx_empty=1 rd_en=0 rd_data=xx
# [7664500000] DBG rx_done=0 count=0 wr_ptr=7 rd_ptr=7 rx_empty=1 rd_en=0 rd_data=xx
# [7665500000] DBG rx_done=0 count=0 wr_ptr=7 rd_ptr=7 rx_empty=1 rd_en=0 rd_data=xx
# [7666500000] DBG rx_done=0 count=0 wr_ptr=7 rd_ptr=7 rx_empty=1 rd_en=0 rd_data=xx
# [7667500000] DBG rx_done=0 count=0 wr_ptr=7 rd_ptr=7 rx_empty=1 rd_en=0 rd_data=xx
# [7668500000] DBG rx_done=0 count=0 wr_ptr=7 rd_ptr=7 rx_empty=1 rd_en=0 rd_data=xx
# [7669500000] DBG rx_done=0 count=0 wr_ptr=7 rd_ptr=7 rx_empty=1 rd_en=0 rd_data=xx
# [7670500000] DBG rx_done=0 count=0 wr_ptr=7 rd_ptr=7 rx_empty=1 rd_en=0 rd_data=xx
# [7671500000] DBG rx_done=0 count=0 wr_ptr=7 rd_ptr=7 rx_empty=1 rd_en=0 rd_data=xx
# [7672500000] DBG rx_done=0 count=0 wr_ptr=7 rd_ptr=7 rx_empty=1 rd_en=0 rd_data=xx
# [7673500000] DBG rx_done=0 count=0 wr_ptr=7 rd_ptr=7 rx_empty=1 rd_en=0 rd_data=xx
# [7674500000] DBG rx_done=0 count=0 wr_ptr=7 rd_ptr=7 rx_empty=1 rd_en=0 rd_data=xx
# [7675500000] DBG rx_done=0 count=0 wr_ptr=7 rd_ptr=7 rx_empty=1 rd_en=0 rd_data=xx
# [7676500000] DBG rx_done=0 count=0 wr_ptr=7 rd_ptr=7 rx_empty=1 rd_en=0 rd_data=xx
# [7677500000] DBG rx_done=0 count=0 wr_ptr=7 rd_ptr=7 rx_empty=1 rd_en=0 rd_data=xx
# [7678500000] DBG rx_done=0 count=0 wr_ptr=7 rd_ptr=7 rx_empty=1 rd_en=0 rd_data=xx
# [7679500000] DBG rx_done=0 count=0 wr_ptr=7 rd_ptr=7 rx_empty=1 rd_en=0 rd_data=xx
# [7680500000] DBG rx_done=0 count=0 wr_ptr=7 rd_ptr=7 rx_empty=1 rd_en=0 rd_data=xx
# [7681500000] DBG rx_done=0 count=0 wr_ptr=7 rd_ptr=7 rx_empty=1 rd_en=0 rd_data=xx
# [7682500000] DBG rx_done=0 count=0 wr_ptr=7 rd_ptr=7 rx_empty=1 rd_en=0 rd_data=xx
# [7683500000] DBG rx_done=0 count=0 wr_ptr=7 rd_ptr=7 rx_empty=1 rd_en=0 rd_data=xx
# [7684500000] DBG rx_done=0 count=0 wr_ptr=7 rd_ptr=7 rx_empty=1 rd_en=0 rd_data=xx
# [7685500000] DBG rx_done=0 count=0 wr_ptr=7 rd_ptr=7 rx_empty=1 rd_en=0 rd_data=xx
# [7686500000] DBG rx_done=0 count=0 wr_ptr=7 rd_ptr=7 rx_empty=1 rd_en=0 rd_data=xx
# [7687500000] DBG rx_done=0 count=0 wr_ptr=7 rd_ptr=7 rx_empty=1 rd_en=0 rd_data=xx
# [7688500000] DBG rx_done=0 count=0 wr_ptr=7 rd_ptr=7 rx_empty=1 rd_en=0 rd_data=xx
# [7689500000] DBG rx_done=0 count=0 wr_ptr=7 rd_ptr=7 rx_empty=1 rd_en=0 rd_data=xx
# [7690500000] DBG rx_done=0 count=0 wr_ptr=7 rd_ptr=7 rx_empty=1 rd_en=0 rd_data=xx
# [7691500000] DBG rx_done=0 count=0 wr_ptr=7 rd_ptr=7 rx_empty=1 rd_en=0 rd_data=xx
# [7692500000] DBG rx_done=0 count=0 wr_ptr=7 rd_ptr=7 rx_empty=1 rd_en=0 rd_data=xx
# [7693500000] DBG rx_done=0 count=0 wr_ptr=7 rd_ptr=7 rx_empty=1 rd_en=0 rd_data=xx
# [7694500000] DBG rx_done=0 count=0 wr_ptr=7 rd_ptr=7 rx_empty=1 rd_en=0 rd_data=xx
# [7695500000] DBG rx_done=0 count=0 wr_ptr=7 rd_ptr=7 rx_empty=1 rd_en=0 rd_data=xx
# [7696500000] DBG rx_done=0 count=0 wr_ptr=7 rd_ptr=7 rx_empty=1 rd_en=0 rd_data=xx
# [7697500000] DBG rx_done=0 count=0 wr_ptr=7 rd_ptr=7 rx_empty=1 rd_en=0 rd_data=xx
# [7698500000] DBG rx_done=0 count=0 wr_ptr=7 rd_ptr=7 rx_empty=1 rd_en=0 rd_data=xx
# [7699500000] DBG rx_done=0 count=0 wr_ptr=7 rd_ptr=7 rx_empty=1 rd_en=0 rd_data=xx
# [7700500000] DBG rx_done=0 count=0 wr_ptr=7 rd_ptr=7 rx_empty=1 rd_en=0 rd_data=xx
# [7701500000] DBG rx_done=0 count=0 wr_ptr=7 rd_ptr=7 rx_empty=1 rd_en=0 rd_data=xx
# [7702500000] DBG rx_done=0 count=0 wr_ptr=7 rd_ptr=7 rx_empty=1 rd_en=0 rd_data=xx
# [7703500000] DBG rx_done=0 count=0 wr_ptr=7 rd_ptr=7 rx_empty=1 rd_en=0 rd_data=xx
# [7704500000] DBG rx_done=0 count=0 wr_ptr=7 rd_ptr=7 rx_empty=1 rd_en=0 rd_data=xx
# [7705500000] DBG rx_done=0 count=0 wr_ptr=7 rd_ptr=7 rx_empty=1 rd_en=0 rd_data=xx
# [7706500000] DBG rx_done=0 count=0 wr_ptr=7 rd_ptr=7 rx_empty=1 rd_en=0 rd_data=xx
# [7707500000] DBG rx_done=0 count=0 wr_ptr=7 rd_ptr=7 rx_empty=1 rd_en=0 rd_data=xx
# [7708500000] DBG rx_done=0 count=0 wr_ptr=7 rd_ptr=7 rx_empty=1 rd_en=0 rd_data=xx
# [7709500000] DBG rx_done=0 count=0 wr_ptr=7 rd_ptr=7 rx_empty=1 rd_en=0 rd_data=xx
# [7710500000] DBG rx_done=0 count=0 wr_ptr=7 rd_ptr=7 rx_empty=1 rd_en=0 rd_data=xx
# [7711500000] DBG rx_done=0 count=0 wr_ptr=7 rd_ptr=7 rx_empty=1 rd_en=0 rd_data=xx
# [7712500000] DBG rx_done=0 count=0 wr_ptr=7 rd_ptr=7 rx_empty=1 rd_en=0 rd_data=xx
# [7713500000] DBG rx_done=0 count=0 wr_ptr=7 rd_ptr=7 rx_empty=1 rd_en=0 rd_data=xx
# [7714500000] DBG rx_done=0 count=0 wr_ptr=7 rd_ptr=7 rx_empty=1 rd_en=0 rd_data=xx
# [7715500000] DBG rx_done=0 count=0 wr_ptr=7 rd_ptr=7 rx_empty=1 rd_en=0 rd_data=xx
# [7716500000] DBG rx_done=0 count=0 wr_ptr=7 rd_ptr=7 rx_empty=1 rd_en=0 rd_data=xx
# [7717500000] DBG rx_done=0 count=0 wr_ptr=7 rd_ptr=7 rx_empty=1 rd_en=0 rd_data=xx
# [7718500000] DBG rx_done=0 count=0 wr_ptr=7 rd_ptr=7 rx_empty=1 rd_en=0 rd_data=xx
# [7719500000] DBG rx_done=0 count=0 wr_ptr=7 rd_ptr=7 rx_empty=1 rd_en=0 rd_data=xx
# [7720500000] DBG rx_done=0 count=0 wr_ptr=7 rd_ptr=7 rx_empty=1 rd_en=0 rd_data=xx
# [7721500000] DBG rx_done=0 count=0 wr_ptr=7 rd_ptr=7 rx_empty=1 rd_en=0 rd_data=xx
# [7722500000] DBG rx_done=0 count=0 wr_ptr=7 rd_ptr=7 rx_empty=1 rd_en=0 rd_data=xx
# [7723500000] DBG rx_done=0 count=0 wr_ptr=7 rd_ptr=7 rx_empty=1 rd_en=0 rd_data=xx
# [7724500000] DBG rx_done=0 count=0 wr_ptr=7 rd_ptr=7 rx_empty=1 rd_en=0 rd_data=xx
# [7725500000] DBG rx_done=0 count=0 wr_ptr=7 rd_ptr=7 rx_empty=1 rd_en=0 rd_data=xx
# [7726500000] DBG rx_done=0 count=0 wr_ptr=7 rd_ptr=7 rx_empty=1 rd_en=0 rd_data=xx
# [7727500000] DBG rx_done=0 count=0 wr_ptr=7 rd_ptr=7 rx_empty=1 rd_en=0 rd_data=xx
# [7728500000] DBG rx_done=0 count=0 wr_ptr=7 rd_ptr=7 rx_empty=1 rd_en=0 rd_data=xx
# [7729500000] DBG rx_done=0 count=0 wr_ptr=7 rd_ptr=7 rx_empty=1 rd_en=0 rd_data=xx
# [7730500000] DBG rx_done=0 count=0 wr_ptr=7 rd_ptr=7 rx_empty=1 rd_en=0 rd_data=xx
# [7731500000] DBG rx_done=0 count=0 wr_ptr=7 rd_ptr=7 rx_empty=1 rd_en=0 rd_data=xx
# [7732500000] DBG rx_done=0 count=0 wr_ptr=7 rd_ptr=7 rx_empty=1 rd_en=0 rd_data=xx
# [7733500000] DBG rx_done=1 count=0 wr_ptr=7 rd_ptr=7 rx_empty=1 rd_en=0 rd_data=xx
# [7734500000] DBG rx_done=0 count=1 wr_ptr=8 rd_ptr=7 rx_empty=0 rd_en=0 rd_data=43
# [7735500000] DBG rx_done=0 count=1 wr_ptr=8 rd_ptr=7 rx_empty=0 rd_en=1 rd_data=43
# [7735500000] ERROR: popped 0x43, expected 0x4a
# [7736500000] DBG rx_done=0 count=0 wr_ptr=8 rd_ptr=8 rx_empty=1 rd_en=0 rd_data=xx
# [7737500000] DBG rx_done=0 count=0 wr_ptr=8 rd_ptr=8 rx_empty=1 rd_en=1 rd_data=xx
# [7737500000] ERROR: popped 0xxx, expected 0x4b
# [7738500000] DBG rx_done=0 count=0 wr_ptr=8 rd_ptr=8 rx_empty=1 rd_en=0 rd_data=xx
# [7739500000] DBG rx_done=0 count=0 wr_ptr=8 rd_ptr=8 rx_empty=1 rd_en=0 rd_data=xx
# [7740500000] DBG rx_done=0 count=0 wr_ptr=8 rd_ptr=8 rx_empty=1 rd_en=0 rd_data=xx
# [7741500000] DBG rx_done=0 count=0 wr_ptr=8 rd_ptr=8 rx_empty=1 rd_en=0 rd_data=xx
# [7742500000] DBG rx_done=0 count=0 wr_ptr=8 rd_ptr=8 rx_empty=1 rd_en=0 rd_data=xx
# [7743500000] DBG rx_done=0 count=0 wr_ptr=8 rd_ptr=8 rx_empty=1 rd_en=0 rd_data=xx
# [7744500000] DBG rx_done=0 count=0 wr_ptr=8 rd_ptr=8 rx_empty=1 rd_en=0 rd_data=xx
# [7745500000] DBG rx_done=0 count=0 wr_ptr=8 rd_ptr=8 rx_empty=1 rd_en=0 rd_data=xx
# [7746500000] DBG rx_done=0 count=0 wr_ptr=8 rd_ptr=8 rx_empty=1 rd_en=0 rd_data=xx
# [7747500000] DBG rx_done=0 count=0 wr_ptr=8 rd_ptr=8 rx_empty=1 rd_en=0 rd_data=xx
# [7748500000] DBG rx_done=0 count=0 wr_ptr=8 rd_ptr=8 rx_empty=1 rd_en=0 rd_data=xx
# [7749500000] DBG rx_done=0 count=0 wr_ptr=8 rd_ptr=8 rx_empty=1 rd_en=0 rd_data=xx
# [7750500000] DBG rx_done=0 count=0 wr_ptr=8 rd_ptr=8 rx_empty=1 rd_en=0 rd_data=xx
# [7751500000] DBG rx_done=0 count=0 wr_ptr=8 rd_ptr=8 rx_empty=1 rd_en=0 rd_data=xx
# [7752500000] DBG rx_done=0 count=0 wr_ptr=8 rd_ptr=8 rx_empty=1 rd_en=0 rd_data=xx
# [7753500000] DBG rx_done=0 count=0 wr_ptr=8 rd_ptr=8 rx_empty=1 rd_en=0 rd_data=xx
# [7754500000] DBG rx_done=0 count=0 wr_ptr=8 rd_ptr=8 rx_empty=1 rd_en=0 rd_data=xx
# [7755500000] DBG rx_done=0 count=0 wr_ptr=8 rd_ptr=8 rx_empty=1 rd_en=0 rd_data=xx
# [7756500000] DBG rx_done=0 count=0 wr_ptr=8 rd_ptr=8 rx_empty=1 rd_en=0 rd_data=xx
# [7757500000] DBG rx_done=0 count=0 wr_ptr=8 rd_ptr=8 rx_empty=1 rd_en=0 rd_data=xx
# [7758500000] DBG rx_done=0 count=0 wr_ptr=8 rd_ptr=8 rx_empty=1 rd_en=0 rd_data=xx
# [7759500000] DBG rx_done=0 count=0 wr_ptr=8 rd_ptr=8 rx_empty=1 rd_en=0 rd_data=xx
# [7760500000] DBG rx_done=0 count=0 wr_ptr=8 rd_ptr=8 rx_empty=1 rd_en=0 rd_data=xx
# [7761500000] DBG rx_done=0 count=0 wr_ptr=8 rd_ptr=8 rx_empty=1 rd_en=0 rd_data=xx
# [7762500000] DBG rx_done=0 count=0 wr_ptr=8 rd_ptr=8 rx_empty=1 rd_en=0 rd_data=xx
# [7763500000] DBG rx_done=0 count=0 wr_ptr=8 rd_ptr=8 rx_empty=1 rd_en=0 rd_data=xx
# [7764500000] DBG rx_done=0 count=0 wr_ptr=8 rd_ptr=8 rx_empty=1 rd_en=0 rd_data=xx
# [7765500000] DBG rx_done=0 count=0 wr_ptr=8 rd_ptr=8 rx_empty=1 rd_en=0 rd_data=xx
# [7766500000] DBG rx_done=0 count=0 wr_ptr=8 rd_ptr=8 rx_empty=1 rd_en=0 rd_data=xx
# [7767500000] DBG rx_done=0 count=0 wr_ptr=8 rd_ptr=8 rx_empty=1 rd_en=0 rd_data=xx
# [7768500000] DBG rx_done=0 count=0 wr_ptr=8 rd_ptr=8 rx_empty=1 rd_en=0 rd_data=xx
# [7769500000] DBG rx_done=0 count=0 wr_ptr=8 rd_ptr=8 rx_empty=1 rd_en=0 rd_data=xx
# [7770500000] DBG rx_done=0 count=0 wr_ptr=8 rd_ptr=8 rx_empty=1 rd_en=0 rd_data=xx
# [7771500000] DBG rx_done=0 count=0 wr_ptr=8 rd_ptr=8 rx_empty=1 rd_en=0 rd_data=xx
# [7772500000] DBG rx_done=0 count=0 wr_ptr=8 rd_ptr=8 rx_empty=1 rd_en=0 rd_data=xx
# [7773500000] DBG rx_done=0 count=0 wr_ptr=8 rd_ptr=8 rx_empty=1 rd_en=0 rd_data=xx
# [7774500000] DBG rx_done=0 count=0 wr_ptr=8 rd_ptr=8 rx_empty=1 rd_en=0 rd_data=xx
# [7775500000] DBG rx_done=0 count=0 wr_ptr=8 rd_ptr=8 rx_empty=1 rd_en=0 rd_data=xx
# [7776500000] DBG rx_done=0 count=0 wr_ptr=8 rd_ptr=8 rx_empty=1 rd_en=0 rd_data=xx
# [7777500000] DBG rx_done=0 count=0 wr_ptr=8 rd_ptr=8 rx_empty=1 rd_en=0 rd_data=xx
# [7778500000] DBG rx_done=0 count=0 wr_ptr=8 rd_ptr=8 rx_empty=1 rd_en=0 rd_data=xx
# [7779500000] DBG rx_done=0 count=0 wr_ptr=8 rd_ptr=8 rx_empty=1 rd_en=0 rd_data=xx
# [7780500000] DBG rx_done=0 count=0 wr_ptr=8 rd_ptr=8 rx_empty=1 rd_en=0 rd_data=xx
# [7781500000] DBG rx_done=0 count=0 wr_ptr=8 rd_ptr=8 rx_empty=1 rd_en=0 rd_data=xx
# [7782500000] DBG rx_done=0 count=0 wr_ptr=8 rd_ptr=8 rx_empty=1 rd_en=0 rd_data=xx
# [7783500000] DBG rx_done=0 count=0 wr_ptr=8 rd_ptr=8 rx_empty=1 rd_en=0 rd_data=xx
# [7784500000] DBG rx_done=0 count=0 wr_ptr=8 rd_ptr=8 rx_empty=1 rd_en=0 rd_data=xx
# [7785500000] DBG rx_done=0 count=0 wr_ptr=8 rd_ptr=8 rx_empty=1 rd_en=0 rd_data=xx
# [7786500000] DBG rx_done=0 count=0 wr_ptr=8 rd_ptr=8 rx_empty=1 rd_en=0 rd_data=xx
# [7787500000] DBG rx_done=0 count=0 wr_ptr=8 rd_ptr=8 rx_empty=1 rd_en=0 rd_data=xx
# [7788500000] DBG rx_done=0 count=0 wr_ptr=8 rd_ptr=8 rx_empty=1 rd_en=0 rd_data=xx
# [7789500000] DBG rx_done=0 count=0 wr_ptr=8 rd_ptr=8 rx_empty=1 rd_en=0 rd_data=xx
# [7790500000] DBG rx_done=0 count=0 wr_ptr=8 rd_ptr=8 rx_empty=1 rd_en=0 rd_data=xx
# [7791500000] DBG rx_done=0 count=0 wr_ptr=8 rd_ptr=8 rx_empty=1 rd_en=0 rd_data=xx
# [7792500000] DBG rx_done=0 count=0 wr_ptr=8 rd_ptr=8 rx_empty=1 rd_en=0 rd_data=xx
# [7793500000] DBG rx_done=0 count=0 wr_ptr=8 rd_ptr=8 rx_empty=1 rd_en=0 rd_data=xx
# [7794500000] DBG rx_done=0 count=0 wr_ptr=8 rd_ptr=8 rx_empty=1 rd_en=0 rd_data=xx
# [7795500000] DBG rx_done=0 count=0 wr_ptr=8 rd_ptr=8 rx_empty=1 rd_en=0 rd_data=xx
# [7796500000] DBG rx_done=0 count=0 wr_ptr=8 rd_ptr=8 rx_empty=1 rd_en=0 rd_data=xx
# [7797500000] DBG rx_done=0 count=0 wr_ptr=8 rd_ptr=8 rx_empty=1 rd_en=0 rd_data=xx
# [7798500000] DBG rx_done=0 count=0 wr_ptr=8 rd_ptr=8 rx_empty=1 rd_en=0 rd_data=xx
# [7799500000] DBG rx_done=0 count=0 wr_ptr=8 rd_ptr=8 rx_empty=1 rd_en=0 rd_data=xx
# [7800500000] DBG rx_done=0 count=0 wr_ptr=8 rd_ptr=8 rx_empty=1 rd_en=0 rd_data=xx
# [7801500000] DBG rx_done=0 count=0 wr_ptr=8 rd_ptr=8 rx_empty=1 rd_en=0 rd_data=xx
# [7802500000] DBG rx_done=0 count=0 wr_ptr=8 rd_ptr=8 rx_empty=1 rd_en=0 rd_data=xx
# [7803500000] DBG rx_done=0 count=0 wr_ptr=8 rd_ptr=8 rx_empty=1 rd_en=0 rd_data=xx
# [7804500000] DBG rx_done=0 count=0 wr_ptr=8 rd_ptr=8 rx_empty=1 rd_en=0 rd_data=xx
# [7805500000] DBG rx_done=0 count=0 wr_ptr=8 rd_ptr=8 rx_empty=1 rd_en=0 rd_data=xx
# [7806500000] DBG rx_done=0 count=0 wr_ptr=8 rd_ptr=8 rx_empty=1 rd_en=0 rd_data=xx
# [7807500000] DBG rx_done=0 count=0 wr_ptr=8 rd_ptr=8 rx_empty=1 rd_en=0 rd_data=xx
# [7808500000] DBG rx_done=0 count=0 wr_ptr=8 rd_ptr=8 rx_empty=1 rd_en=0 rd_data=xx
# [7809500000] DBG rx_done=0 count=0 wr_ptr=8 rd_ptr=8 rx_empty=1 rd_en=0 rd_data=xx
# [7810500000] DBG rx_done=0 count=0 wr_ptr=8 rd_ptr=8 rx_empty=1 rd_en=0 rd_data=xx
# [7811500000] DBG rx_done=0 count=0 wr_ptr=8 rd_ptr=8 rx_empty=1 rd_en=0 rd_data=xx
# [7812500000] DBG rx_done=0 count=0 wr_ptr=8 rd_ptr=8 rx_empty=1 rd_en=0 rd_data=xx
# [7813500000] DBG rx_done=0 count=0 wr_ptr=8 rd_ptr=8 rx_empty=1 rd_en=0 rd_data=xx
# [7814500000] DBG rx_done=0 count=0 wr_ptr=8 rd_ptr=8 rx_empty=1 rd_en=0 rd_data=xx
# [7815500000] DBG rx_done=0 count=0 wr_ptr=8 rd_ptr=8 rx_empty=1 rd_en=0 rd_data=xx
# [7816500000] DBG rx_done=0 count=0 wr_ptr=8 rd_ptr=8 rx_empty=1 rd_en=0 rd_data=xx
# [7817500000] DBG rx_done=0 count=0 wr_ptr=8 rd_ptr=8 rx_empty=1 rd_en=0 rd_data=xx
# [7818500000] DBG rx_done=0 count=0 wr_ptr=8 rd_ptr=8 rx_empty=1 rd_en=0 rd_data=xx
# [7819500000] DBG rx_done=0 count=0 wr_ptr=8 rd_ptr=8 rx_empty=1 rd_en=0 rd_data=xx
# [7820500000] DBG rx_done=0 count=0 wr_ptr=8 rd_ptr=8 rx_empty=1 rd_en=0 rd_data=xx
# [7821500000] DBG rx_done=0 count=0 wr_ptr=8 rd_ptr=8 rx_empty=1 rd_en=0 rd_data=xx
# [7822500000] DBG rx_done=0 count=0 wr_ptr=8 rd_ptr=8 rx_empty=1 rd_en=0 rd_data=xx
# [7823500000] DBG rx_done=0 count=0 wr_ptr=8 rd_ptr=8 rx_empty=1 rd_en=0 rd_data=xx
# [7824500000] DBG rx_done=0 count=0 wr_ptr=8 rd_ptr=8 rx_empty=1 rd_en=0 rd_data=xx
# [7825500000] DBG rx_done=0 count=0 wr_ptr=8 rd_ptr=8 rx_empty=1 rd_en=0 rd_data=xx
# [7826500000] DBG rx_done=0 count=0 wr_ptr=8 rd_ptr=8 rx_empty=1 rd_en=0 rd_data=xx
# [7827500000] DBG rx_done=0 count=0 wr_ptr=8 rd_ptr=8 rx_empty=1 rd_en=0 rd_data=xx
# [7828500000] DBG rx_done=0 count=0 wr_ptr=8 rd_ptr=8 rx_empty=1 rd_en=0 rd_data=xx
# [7829500000] DBG rx_done=0 count=0 wr_ptr=8 rd_ptr=8 rx_empty=1 rd_en=0 rd_data=xx
# [7830500000] DBG rx_done=0 count=0 wr_ptr=8 rd_ptr=8 rx_empty=1 rd_en=0 rd_data=xx
# [7831500000] DBG rx_done=0 count=0 wr_ptr=8 rd_ptr=8 rx_empty=1 rd_en=0 rd_data=xx
# [7832500000] DBG rx_done=0 count=0 wr_ptr=8 rd_ptr=8 rx_empty=1 rd_en=0 rd_data=xx
# [7833500000] DBG rx_done=0 count=0 wr_ptr=8 rd_ptr=8 rx_empty=1 rd_en=0 rd_data=xx
# [7834500000] DBG rx_done=0 count=0 wr_ptr=8 rd_ptr=8 rx_empty=1 rd_en=0 rd_data=xx
# [7835500000] DBG rx_done=0 count=0 wr_ptr=8 rd_ptr=8 rx_empty=1 rd_en=0 rd_data=xx
# [7836500000] DBG rx_done=0 count=0 wr_ptr=8 rd_ptr=8 rx_empty=1 rd_en=0 rd_data=xx
# [7837500000] DBG rx_done=0 count=0 wr_ptr=8 rd_ptr=8 rx_empty=1 rd_en=0 rd_data=xx
# [7838500000] DBG rx_done=0 count=0 wr_ptr=8 rd_ptr=8 rx_empty=1 rd_en=0 rd_data=xx
# [7839500000] DBG rx_done=0 count=0 wr_ptr=8 rd_ptr=8 rx_empty=1 rd_en=0 rd_data=xx
# [7840500000] DBG rx_done=0 count=0 wr_ptr=8 rd_ptr=8 rx_empty=1 rd_en=0 rd_data=xx
# [7841500000] DBG rx_done=0 count=0 wr_ptr=8 rd_ptr=8 rx_empty=1 rd_en=0 rd_data=xx
# [7842500000] DBG rx_done=0 count=0 wr_ptr=8 rd_ptr=8 rx_empty=1 rd_en=0 rd_data=xx
# [7843500000] DBG rx_done=0 count=0 wr_ptr=8 rd_ptr=8 rx_empty=1 rd_en=0 rd_data=xx
# [7844500000] DBG rx_done=0 count=0 wr_ptr=8 rd_ptr=8 rx_empty=1 rd_en=0 rd_data=xx
# [7845500000] DBG rx_done=0 count=0 wr_ptr=8 rd_ptr=8 rx_empty=1 rd_en=0 rd_data=xx
# [7846500000] DBG rx_done=0 count=0 wr_ptr=8 rd_ptr=8 rx_empty=1 rd_en=0 rd_data=xx
# [7847500000] DBG rx_done=0 count=0 wr_ptr=8 rd_ptr=8 rx_empty=1 rd_en=0 rd_data=xx
# [7848500000] DBG rx_done=0 count=0 wr_ptr=8 rd_ptr=8 rx_empty=1 rd_en=0 rd_data=xx
# [7849500000] DBG rx_done=0 count=0 wr_ptr=8 rd_ptr=8 rx_empty=1 rd_en=0 rd_data=xx
# [7850500000] DBG rx_done=0 count=0 wr_ptr=8 rd_ptr=8 rx_empty=1 rd_en=0 rd_data=xx
# [7851500000] DBG rx_done=0 count=0 wr_ptr=8 rd_ptr=8 rx_empty=1 rd_en=0 rd_data=xx
# [7852500000] DBG rx_done=0 count=0 wr_ptr=8 rd_ptr=8 rx_empty=1 rd_en=0 rd_data=xx
# [7853500000] DBG rx_done=0 count=0 wr_ptr=8 rd_ptr=8 rx_empty=1 rd_en=0 rd_data=xx
# [7854500000] DBG rx_done=0 count=0 wr_ptr=8 rd_ptr=8 rx_empty=1 rd_en=0 rd_data=xx
# [7855500000] DBG rx_done=0 count=0 wr_ptr=8 rd_ptr=8 rx_empty=1 rd_en=0 rd_data=xx
# [7856500000] DBG rx_done=0 count=0 wr_ptr=8 rd_ptr=8 rx_empty=1 rd_en=0 rd_data=xx
# [7857500000] DBG rx_done=0 count=0 wr_ptr=8 rd_ptr=8 rx_empty=1 rd_en=0 rd_data=xx
# [7858500000] DBG rx_done=0 count=0 wr_ptr=8 rd_ptr=8 rx_empty=1 rd_en=0 rd_data=xx
# [7859500000] DBG rx_done=0 count=0 wr_ptr=8 rd_ptr=8 rx_empty=1 rd_en=0 rd_data=xx
# [7860500000] DBG rx_done=0 count=0 wr_ptr=8 rd_ptr=8 rx_empty=1 rd_en=0 rd_data=xx
# [7861500000] DBG rx_done=0 count=0 wr_ptr=8 rd_ptr=8 rx_empty=1 rd_en=0 rd_data=xx
# [7862500000] DBG rx_done=0 count=0 wr_ptr=8 rd_ptr=8 rx_empty=1 rd_en=0 rd_data=xx
# [7863500000] DBG rx_done=0 count=0 wr_ptr=8 rd_ptr=8 rx_empty=1 rd_en=0 rd_data=xx
# [7864500000] DBG rx_done=0 count=0 wr_ptr=8 rd_ptr=8 rx_empty=1 rd_en=0 rd_data=xx
# [7865500000] DBG rx_done=0 count=0 wr_ptr=8 rd_ptr=8 rx_empty=1 rd_en=0 rd_data=xx
# [7866500000] DBG rx_done=0 count=0 wr_ptr=8 rd_ptr=8 rx_empty=1 rd_en=0 rd_data=xx
# [7867500000] DBG rx_done=0 count=0 wr_ptr=8 rd_ptr=8 rx_empty=1 rd_en=0 rd_data=xx
# [7868500000] DBG rx_done=0 count=0 wr_ptr=8 rd_ptr=8 rx_empty=1 rd_en=0 rd_data=xx
# [7869500000] DBG rx_done=0 count=0 wr_ptr=8 rd_ptr=8 rx_empty=1 rd_en=0 rd_data=xx
# [7870500000] DBG rx_done=0 count=0 wr_ptr=8 rd_ptr=8 rx_empty=1 rd_en=0 rd_data=xx
# [7871500000] DBG rx_done=0 count=0 wr_ptr=8 rd_ptr=8 rx_empty=1 rd_en=0 rd_data=xx
# [7872500000] DBG rx_done=0 count=0 wr_ptr=8 rd_ptr=8 rx_empty=1 rd_en=0 rd_data=xx
# [7873500000] DBG rx_done=0 count=0 wr_ptr=8 rd_ptr=8 rx_empty=1 rd_en=0 rd_data=xx
# [7874500000] DBG rx_done=0 count=0 wr_ptr=8 rd_ptr=8 rx_empty=1 rd_en=0 rd_data=xx
# [7875500000] DBG rx_done=0 count=0 wr_ptr=8 rd_ptr=8 rx_empty=1 rd_en=0 rd_data=xx
# [7876500000] DBG rx_done=0 count=0 wr_ptr=8 rd_ptr=8 rx_empty=1 rd_en=0 rd_data=xx
# [7877500000] DBG rx_done=0 count=0 wr_ptr=8 rd_ptr=8 rx_empty=1 rd_en=0 rd_data=xx
# [7878500000] DBG rx_done=0 count=0 wr_ptr=8 rd_ptr=8 rx_empty=1 rd_en=0 rd_data=xx
# [7879500000] DBG rx_done=0 count=0 wr_ptr=8 rd_ptr=8 rx_empty=1 rd_en=0 rd_data=xx
# [7880500000] DBG rx_done=0 count=0 wr_ptr=8 rd_ptr=8 rx_empty=1 rd_en=0 rd_data=xx
# [7881500000] DBG rx_done=0 count=0 wr_ptr=8 rd_ptr=8 rx_empty=1 rd_en=0 rd_data=xx
# [7882500000] DBG rx_done=0 count=0 wr_ptr=8 rd_ptr=8 rx_empty=1 rd_en=0 rd_data=xx
# [7883500000] DBG rx_done=0 count=0 wr_ptr=8 rd_ptr=8 rx_empty=1 rd_en=0 rd_data=xx
# [7884500000] DBG rx_done=0 count=0 wr_ptr=8 rd_ptr=8 rx_empty=1 rd_en=0 rd_data=xx
# [7885500000] DBG rx_done=0 count=0 wr_ptr=8 rd_ptr=8 rx_empty=1 rd_en=0 rd_data=xx
# [7886500000] DBG rx_done=0 count=0 wr_ptr=8 rd_ptr=8 rx_empty=1 rd_en=0 rd_data=xx
# [7887500000] DBG rx_done=0 count=0 wr_ptr=8 rd_ptr=8 rx_empty=1 rd_en=0 rd_data=xx
# [7888500000] DBG rx_done=0 count=0 wr_ptr=8 rd_ptr=8 rx_empty=1 rd_en=0 rd_data=xx
# [7889500000] DBG rx_done=0 count=0 wr_ptr=8 rd_ptr=8 rx_empty=1 rd_en=0 rd_data=xx
# [7890500000] DBG rx_done=0 count=0 wr_ptr=8 rd_ptr=8 rx_empty=1 rd_en=0 rd_data=xx
# [7891500000] DBG rx_done=0 count=0 wr_ptr=8 rd_ptr=8 rx_empty=1 rd_en=0 rd_data=xx
# [7892500000] DBG rx_done=0 count=0 wr_ptr=8 rd_ptr=8 rx_empty=1 rd_en=0 rd_data=xx
# [7893500000] DBG rx_done=0 count=0 wr_ptr=8 rd_ptr=8 rx_empty=1 rd_en=0 rd_data=xx
# [7894500000] DBG rx_done=0 count=0 wr_ptr=8 rd_ptr=8 rx_empty=1 rd_en=0 rd_data=xx
# [7895500000] DBG rx_done=0 count=0 wr_ptr=8 rd_ptr=8 rx_empty=1 rd_en=0 rd_data=xx
# [7896500000] DBG rx_done=0 count=0 wr_ptr=8 rd_ptr=8 rx_empty=1 rd_en=0 rd_data=xx
# [7897500000] DBG rx_done=0 count=0 wr_ptr=8 rd_ptr=8 rx_empty=1 rd_en=0 rd_data=xx
# [7898500000] DBG rx_done=0 count=0 wr_ptr=8 rd_ptr=8 rx_empty=1 rd_en=0 rd_data=xx
# [7899500000] DBG rx_done=0 count=0 wr_ptr=8 rd_ptr=8 rx_empty=1 rd_en=0 rd_data=xx
# [7900500000] DBG rx_done=0 count=0 wr_ptr=8 rd_ptr=8 rx_empty=1 rd_en=0 rd_data=xx
# [7901500000] DBG rx_done=0 count=0 wr_ptr=8 rd_ptr=8 rx_empty=1 rd_en=0 rd_data=xx
# [7902500000] DBG rx_done=0 count=0 wr_ptr=8 rd_ptr=8 rx_empty=1 rd_en=0 rd_data=xx
# [7903500000] DBG rx_done=0 count=0 wr_ptr=8 rd_ptr=8 rx_empty=1 rd_en=0 rd_data=xx
# [7904500000] DBG rx_done=0 count=0 wr_ptr=8 rd_ptr=8 rx_empty=1 rd_en=0 rd_data=xx
# [7905500000] DBG rx_done=0 count=0 wr_ptr=8 rd_ptr=8 rx_empty=1 rd_en=0 rd_data=xx
# [7906500000] DBG rx_done=0 count=0 wr_ptr=8 rd_ptr=8 rx_empty=1 rd_en=0 rd_data=xx
# [7907500000] DBG rx_done=0 count=0 wr_ptr=8 rd_ptr=8 rx_empty=1 rd_en=0 rd_data=xx
# [7908500000] DBG rx_done=0 count=0 wr_ptr=8 rd_ptr=8 rx_empty=1 rd_en=0 rd_data=xx
# [7909500000] DBG rx_done=0 count=0 wr_ptr=8 rd_ptr=8 rx_empty=1 rd_en=0 rd_data=xx
# [7910500000] DBG rx_done=0 count=0 wr_ptr=8 rd_ptr=8 rx_empty=1 rd_en=0 rd_data=xx
# [7911500000] DBG rx_done=0 count=0 wr_ptr=8 rd_ptr=8 rx_empty=1 rd_en=0 rd_data=xx
# [7912500000] DBG rx_done=0 count=0 wr_ptr=8 rd_ptr=8 rx_empty=1 rd_en=0 rd_data=xx
# [7913500000] DBG rx_done=0 count=0 wr_ptr=8 rd_ptr=8 rx_empty=1 rd_en=0 rd_data=xx
# [7914500000] DBG rx_done=0 count=0 wr_ptr=8 rd_ptr=8 rx_empty=1 rd_en=0 rd_data=xx
# [7915500000] DBG rx_done=0 count=0 wr_ptr=8 rd_ptr=8 rx_empty=1 rd_en=0 rd_data=xx
# [7916500000] DBG rx_done=0 count=0 wr_ptr=8 rd_ptr=8 rx_empty=1 rd_en=0 rd_data=xx
# [7917500000] DBG rx_done=0 count=0 wr_ptr=8 rd_ptr=8 rx_empty=1 rd_en=0 rd_data=xx
# [7918500000] DBG rx_done=0 count=0 wr_ptr=8 rd_ptr=8 rx_empty=1 rd_en=0 rd_data=xx
# [7919500000] DBG rx_done=0 count=0 wr_ptr=8 rd_ptr=8 rx_empty=1 rd_en=0 rd_data=xx
# [7920500000] DBG rx_done=0 count=0 wr_ptr=8 rd_ptr=8 rx_empty=1 rd_en=0 rd_data=xx
# [7921500000] DBG rx_done=0 count=0 wr_ptr=8 rd_ptr=8 rx_empty=1 rd_en=0 rd_data=xx
# [7922500000] DBG rx_done=0 count=0 wr_ptr=8 rd_ptr=8 rx_empty=1 rd_en=0 rd_data=xx
# [7923500000] DBG rx_done=0 count=0 wr_ptr=8 rd_ptr=8 rx_empty=1 rd_en=0 rd_data=xx
# [7924500000] DBG rx_done=0 count=0 wr_ptr=8 rd_ptr=8 rx_empty=1 rd_en=0 rd_data=xx
# [7925500000] DBG rx_done=0 count=0 wr_ptr=8 rd_ptr=8 rx_empty=1 rd_en=0 rd_data=xx
# [7926500000] DBG rx_done=0 count=0 wr_ptr=8 rd_ptr=8 rx_empty=1 rd_en=0 rd_data=xx
# [7927500000] DBG rx_done=0 count=0 wr_ptr=8 rd_ptr=8 rx_empty=1 rd_en=0 rd_data=xx
# [7928500000] DBG rx_done=0 count=0 wr_ptr=8 rd_ptr=8 rx_empty=1 rd_en=0 rd_data=xx
# [7929500000] DBG rx_done=0 count=0 wr_ptr=8 rd_ptr=8 rx_empty=1 rd_en=0 rd_data=xx
# [7930500000] DBG rx_done=0 count=0 wr_ptr=8 rd_ptr=8 rx_empty=1 rd_en=0 rd_data=xx
# [7931500000] DBG rx_done=0 count=0 wr_ptr=8 rd_ptr=8 rx_empty=1 rd_en=0 rd_data=xx
# [7932500000] DBG rx_done=0 count=0 wr_ptr=8 rd_ptr=8 rx_empty=1 rd_en=0 rd_data=xx
# [7933500000] DBG rx_done=0 count=0 wr_ptr=8 rd_ptr=8 rx_empty=1 rd_en=0 rd_data=xx
# [7934500000] DBG rx_done=0 count=0 wr_ptr=8 rd_ptr=8 rx_empty=1 rd_en=0 rd_data=xx
# [7935500000] DBG rx_done=0 count=0 wr_ptr=8 rd_ptr=8 rx_empty=1 rd_en=0 rd_data=xx
# [7936500000] DBG rx_done=0 count=0 wr_ptr=8 rd_ptr=8 rx_empty=1 rd_en=0 rd_data=xx
# [7937500000] DBG rx_done=0 count=0 wr_ptr=8 rd_ptr=8 rx_empty=1 rd_en=0 rd_data=xx
# [7938500000] DBG rx_done=0 count=0 wr_ptr=8 rd_ptr=8 rx_empty=1 rd_en=0 rd_data=xx
# [7939500000] DBG rx_done=0 count=0 wr_ptr=8 rd_ptr=8 rx_empty=1 rd_en=0 rd_data=xx
# [7940500000] DBG rx_done=0 count=0 wr_ptr=8 rd_ptr=8 rx_empty=1 rd_en=0 rd_data=xx
# [7941500000] DBG rx_done=0 count=0 wr_ptr=8 rd_ptr=8 rx_empty=1 rd_en=0 rd_data=xx
# [7942500000] DBG rx_done=0 count=0 wr_ptr=8 rd_ptr=8 rx_empty=1 rd_en=0 rd_data=xx
# [7943500000] DBG rx_done=0 count=0 wr_ptr=8 rd_ptr=8 rx_empty=1 rd_en=0 rd_data=xx
# [7944500000] DBG rx_done=0 count=0 wr_ptr=8 rd_ptr=8 rx_empty=1 rd_en=0 rd_data=xx
# [7945500000] DBG rx_done=0 count=0 wr_ptr=8 rd_ptr=8 rx_empty=1 rd_en=0 rd_data=xx
# [7946500000] DBG rx_done=0 count=0 wr_ptr=8 rd_ptr=8 rx_empty=1 rd_en=0 rd_data=xx
# [7947500000] DBG rx_done=0 count=0 wr_ptr=8 rd_ptr=8 rx_empty=1 rd_en=0 rd_data=xx
# [7948500000] DBG rx_done=0 count=0 wr_ptr=8 rd_ptr=8 rx_empty=1 rd_en=0 rd_data=xx
# [7949500000] DBG rx_done=0 count=0 wr_ptr=8 rd_ptr=8 rx_empty=1 rd_en=0 rd_data=xx
# [7950500000] DBG rx_done=0 count=0 wr_ptr=8 rd_ptr=8 rx_empty=1 rd_en=0 rd_data=xx
# [7951500000] DBG rx_done=0 count=0 wr_ptr=8 rd_ptr=8 rx_empty=1 rd_en=0 rd_data=xx
# [7952500000] DBG rx_done=0 count=0 wr_ptr=8 rd_ptr=8 rx_empty=1 rd_en=0 rd_data=xx
# [7953500000] DBG rx_done=0 count=0 wr_ptr=8 rd_ptr=8 rx_empty=1 rd_en=0 rd_data=xx
# [7954500000] DBG rx_done=0 count=0 wr_ptr=8 rd_ptr=8 rx_empty=1 rd_en=0 rd_data=xx
# [7955500000] DBG rx_done=0 count=0 wr_ptr=8 rd_ptr=8 rx_empty=1 rd_en=0 rd_data=xx
# [7956500000] DBG rx_done=0 count=0 wr_ptr=8 rd_ptr=8 rx_empty=1 rd_en=0 rd_data=xx
# [7957500000] DBG rx_done=0 count=0 wr_ptr=8 rd_ptr=8 rx_empty=1 rd_en=0 rd_data=xx
# [7958500000] DBG rx_done=0 count=0 wr_ptr=8 rd_ptr=8 rx_empty=1 rd_en=0 rd_data=xx
# [7959500000] DBG rx_done=0 count=0 wr_ptr=8 rd_ptr=8 rx_empty=1 rd_en=0 rd_data=xx
# [7960500000] DBG rx_done=0 count=0 wr_ptr=8 rd_ptr=8 rx_empty=1 rd_en=0 rd_data=xx
# [7961500000] DBG rx_done=0 count=0 wr_ptr=8 rd_ptr=8 rx_empty=1 rd_en=0 rd_data=xx
# [7962500000] DBG rx_done=0 count=0 wr_ptr=8 rd_ptr=8 rx_empty=1 rd_en=0 rd_data=xx
# [7963500000] DBG rx_done=0 count=0 wr_ptr=8 rd_ptr=8 rx_empty=1 rd_en=0 rd_data=xx
# [7964500000] DBG rx_done=0 count=0 wr_ptr=8 rd_ptr=8 rx_empty=1 rd_en=0 rd_data=xx
# [7965500000] DBG rx_done=0 count=0 wr_ptr=8 rd_ptr=8 rx_empty=1 rd_en=0 rd_data=xx
# [7966500000] DBG rx_done=0 count=0 wr_ptr=8 rd_ptr=8 rx_empty=1 rd_en=0 rd_data=xx
# [7967500000] DBG rx_done=0 count=0 wr_ptr=8 rd_ptr=8 rx_empty=1 rd_en=0 rd_data=xx
# [7968500000] DBG rx_done=0 count=0 wr_ptr=8 rd_ptr=8 rx_empty=1 rd_en=0 rd_data=xx
# [7969500000] DBG rx_done=0 count=0 wr_ptr=8 rd_ptr=8 rx_empty=1 rd_en=0 rd_data=xx
# [7970500000] DBG rx_done=0 count=0 wr_ptr=8 rd_ptr=8 rx_empty=1 rd_en=0 rd_data=xx
# [7971500000] DBG rx_done=0 count=0 wr_ptr=8 rd_ptr=8 rx_empty=1 rd_en=0 rd_data=xx
# [7972500000] DBG rx_done=0 count=0 wr_ptr=8 rd_ptr=8 rx_empty=1 rd_en=0 rd_data=xx
# [7973500000] DBG rx_done=0 count=0 wr_ptr=8 rd_ptr=8 rx_empty=1 rd_en=0 rd_data=xx
# [7974500000] DBG rx_done=0 count=0 wr_ptr=8 rd_ptr=8 rx_empty=1 rd_en=0 rd_data=xx
# [7975500000] DBG rx_done=0 count=0 wr_ptr=8 rd_ptr=8 rx_empty=1 rd_en=0 rd_data=xx
# [7976500000] DBG rx_done=0 count=0 wr_ptr=8 rd_ptr=8 rx_empty=1 rd_en=0 rd_data=xx
# [7977500000] DBG rx_done=0 count=0 wr_ptr=8 rd_ptr=8 rx_empty=1 rd_en=0 rd_data=xx
# [7978500000] DBG rx_done=0 count=0 wr_ptr=8 rd_ptr=8 rx_empty=1 rd_en=0 rd_data=xx
# [7979500000] DBG rx_done=0 count=0 wr_ptr=8 rd_ptr=8 rx_empty=1 rd_en=0 rd_data=xx
# [7980500000] DBG rx_done=0 count=0 wr_ptr=8 rd_ptr=8 rx_empty=1 rd_en=0 rd_data=xx
# [7981500000] DBG rx_done=0 count=0 wr_ptr=8 rd_ptr=8 rx_empty=1 rd_en=0 rd_data=xx
# [7982500000] DBG rx_done=0 count=0 wr_ptr=8 rd_ptr=8 rx_empty=1 rd_en=0 rd_data=xx
# [7983500000] DBG rx_done=0 count=0 wr_ptr=8 rd_ptr=8 rx_empty=1 rd_en=0 rd_data=xx
# [7984500000] DBG rx_done=0 count=0 wr_ptr=8 rd_ptr=8 rx_empty=1 rd_en=0 rd_data=xx
# [7985500000] DBG rx_done=0 count=0 wr_ptr=8 rd_ptr=8 rx_empty=1 rd_en=0 rd_data=xx
# [7986500000] DBG rx_done=0 count=0 wr_ptr=8 rd_ptr=8 rx_empty=1 rd_en=0 rd_data=xx
# [7987500000] DBG rx_done=0 count=0 wr_ptr=8 rd_ptr=8 rx_empty=1 rd_en=0 rd_data=xx
# [7988500000] DBG rx_done=0 count=0 wr_ptr=8 rd_ptr=8 rx_empty=1 rd_en=0 rd_data=xx
# [7989500000] DBG rx_done=0 count=0 wr_ptr=8 rd_ptr=8 rx_empty=1 rd_en=0 rd_data=xx
# [7990500000] DBG rx_done=0 count=0 wr_ptr=8 rd_ptr=8 rx_empty=1 rd_en=0 rd_data=xx
# [7991500000] DBG rx_done=0 count=0 wr_ptr=8 rd_ptr=8 rx_empty=1 rd_en=0 rd_data=xx
# [7992500000] DBG rx_done=0 count=0 wr_ptr=8 rd_ptr=8 rx_empty=1 rd_en=0 rd_data=xx
# [7993500000] DBG rx_done=0 count=0 wr_ptr=8 rd_ptr=8 rx_empty=1 rd_en=0 rd_data=xx
# [7994500000] DBG rx_done=0 count=0 wr_ptr=8 rd_ptr=8 rx_empty=1 rd_en=0 rd_data=xx
# [7995500000] DBG rx_done=0 count=0 wr_ptr=8 rd_ptr=8 rx_empty=1 rd_en=0 rd_data=xx
# [7996500000] DBG rx_done=0 count=0 wr_ptr=8 rd_ptr=8 rx_empty=1 rd_en=0 rd_data=xx
# [7997500000] DBG rx_done=0 count=0 wr_ptr=8 rd_ptr=8 rx_empty=1 rd_en=0 rd_data=xx
# [7998500000] DBG rx_done=0 count=0 wr_ptr=8 rd_ptr=8 rx_empty=1 rd_en=0 rd_data=xx
# [7999500000] DBG rx_done=0 count=0 wr_ptr=8 rd_ptr=8 rx_empty=1 rd_en=0 rd_data=xx
# [8000500000] DBG rx_done=0 count=0 wr_ptr=8 rd_ptr=8 rx_empty=1 rd_en=0 rd_data=xx
# [8001500000] DBG rx_done=0 count=0 wr_ptr=8 rd_ptr=8 rx_empty=1 rd_en=0 rd_data=xx
# [8002500000] DBG rx_done=0 count=0 wr_ptr=8 rd_ptr=8 rx_empty=1 rd_en=0 rd_data=xx
# [8003500000] DBG rx_done=0 count=0 wr_ptr=8 rd_ptr=8 rx_empty=1 rd_en=0 rd_data=xx
# [8004500000] DBG rx_done=0 count=0 wr_ptr=8 rd_ptr=8 rx_empty=1 rd_en=0 rd_data=xx
# [8005500000] DBG rx_done=0 count=0 wr_ptr=8 rd_ptr=8 rx_empty=1 rd_en=0 rd_data=xx
# [8006500000] DBG rx_done=0 count=0 wr_ptr=8 rd_ptr=8 rx_empty=1 rd_en=0 rd_data=xx
# [8007500000] DBG rx_done=0 count=0 wr_ptr=8 rd_ptr=8 rx_empty=1 rd_en=0 rd_data=xx
# [8008500000] DBG rx_done=0 count=0 wr_ptr=8 rd_ptr=8 rx_empty=1 rd_en=0 rd_data=xx
# [8009500000] DBG rx_done=0 count=0 wr_ptr=8 rd_ptr=8 rx_empty=1 rd_en=0 rd_data=xx
# [8010500000] DBG rx_done=0 count=0 wr_ptr=8 rd_ptr=8 rx_empty=1 rd_en=0 rd_data=xx
# [8011500000] DBG rx_done=0 count=0 wr_ptr=8 rd_ptr=8 rx_empty=1 rd_en=0 rd_data=xx
# [8012500000] DBG rx_done=0 count=0 wr_ptr=8 rd_ptr=8 rx_empty=1 rd_en=0 rd_data=xx
# [8013500000] DBG rx_done=0 count=0 wr_ptr=8 rd_ptr=8 rx_empty=1 rd_en=0 rd_data=xx
# [8014500000] DBG rx_done=0 count=0 wr_ptr=8 rd_ptr=8 rx_empty=1 rd_en=0 rd_data=xx
# [8015500000] DBG rx_done=0 count=0 wr_ptr=8 rd_ptr=8 rx_empty=1 rd_en=0 rd_data=xx
# [8016500000] DBG rx_done=0 count=0 wr_ptr=8 rd_ptr=8 rx_empty=1 rd_en=0 rd_data=xx
# [8017500000] DBG rx_done=0 count=0 wr_ptr=8 rd_ptr=8 rx_empty=1 rd_en=0 rd_data=xx
# [8018500000] DBG rx_done=0 count=0 wr_ptr=8 rd_ptr=8 rx_empty=1 rd_en=0 rd_data=xx
# [8019500000] DBG rx_done=0 count=0 wr_ptr=8 rd_ptr=8 rx_empty=1 rd_en=0 rd_data=xx
# [8020500000] DBG rx_done=0 count=0 wr_ptr=8 rd_ptr=8 rx_empty=1 rd_en=0 rd_data=xx
# [8021500000] DBG rx_done=0 count=0 wr_ptr=8 rd_ptr=8 rx_empty=1 rd_en=0 rd_data=xx
# [8022500000] DBG rx_done=0 count=0 wr_ptr=8 rd_ptr=8 rx_empty=1 rd_en=0 rd_data=xx
# [8023500000] DBG rx_done=0 count=0 wr_ptr=8 rd_ptr=8 rx_empty=1 rd_en=0 rd_data=xx
# [8024500000] DBG rx_done=0 count=0 wr_ptr=8 rd_ptr=8 rx_empty=1 rd_en=0 rd_data=xx
# [8025500000] DBG rx_done=0 count=0 wr_ptr=8 rd_ptr=8 rx_empty=1 rd_en=0 rd_data=xx
# [8026500000] DBG rx_done=0 count=0 wr_ptr=8 rd_ptr=8 rx_empty=1 rd_en=0 rd_data=xx
# [8027500000] DBG rx_done=0 count=0 wr_ptr=8 rd_ptr=8 rx_empty=1 rd_en=0 rd_data=xx
# [8028500000] DBG rx_done=0 count=0 wr_ptr=8 rd_ptr=8 rx_empty=1 rd_en=0 rd_data=xx
# [8029500000] DBG rx_done=0 count=0 wr_ptr=8 rd_ptr=8 rx_empty=1 rd_en=0 rd_data=xx
# [8030500000] DBG rx_done=0 count=0 wr_ptr=8 rd_ptr=8 rx_empty=1 rd_en=0 rd_data=xx
# [8031500000] DBG rx_done=0 count=0 wr_ptr=8 rd_ptr=8 rx_empty=1 rd_en=0 rd_data=xx
# [8032500000] DBG rx_done=0 count=0 wr_ptr=8 rd_ptr=8 rx_empty=1 rd_en=0 rd_data=xx
# [8033500000] DBG rx_done=0 count=0 wr_ptr=8 rd_ptr=8 rx_empty=1 rd_en=0 rd_data=xx
# [8034500000] DBG rx_done=0 count=0 wr_ptr=8 rd_ptr=8 rx_empty=1 rd_en=0 rd_data=xx
# [8035500000] DBG rx_done=0 count=0 wr_ptr=8 rd_ptr=8 rx_empty=1 rd_en=0 rd_data=xx
# [8036500000] DBG rx_done=0 count=0 wr_ptr=8 rd_ptr=8 rx_empty=1 rd_en=0 rd_data=xx
# [8037500000] DBG rx_done=0 count=0 wr_ptr=8 rd_ptr=8 rx_empty=1 rd_en=0 rd_data=xx
# [8038500000] DBG rx_done=0 count=0 wr_ptr=8 rd_ptr=8 rx_empty=1 rd_en=0 rd_data=xx
# [8039500000] DBG rx_done=0 count=0 wr_ptr=8 rd_ptr=8 rx_empty=1 rd_en=0 rd_data=xx
# [8040500000] DBG rx_done=0 count=0 wr_ptr=8 rd_ptr=8 rx_empty=1 rd_en=0 rd_data=xx
# [8041500000] DBG rx_done=0 count=0 wr_ptr=8 rd_ptr=8 rx_empty=1 rd_en=0 rd_data=xx
# [8042500000] DBG rx_done=0 count=0 wr_ptr=8 rd_ptr=8 rx_empty=1 rd_en=0 rd_data=xx
# [8043500000] DBG rx_done=0 count=0 wr_ptr=8 rd_ptr=8 rx_empty=1 rd_en=0 rd_data=xx
# [8044500000] DBG rx_done=0 count=0 wr_ptr=8 rd_ptr=8 rx_empty=1 rd_en=0 rd_data=xx
# [8045500000] DBG rx_done=0 count=0 wr_ptr=8 rd_ptr=8 rx_empty=1 rd_en=0 rd_data=xx
# [8046500000] DBG rx_done=0 count=0 wr_ptr=8 rd_ptr=8 rx_empty=1 rd_en=0 rd_data=xx
# [8047500000] DBG rx_done=0 count=0 wr_ptr=8 rd_ptr=8 rx_empty=1 rd_en=0 rd_data=xx
# [8048500000] DBG rx_done=0 count=0 wr_ptr=8 rd_ptr=8 rx_empty=1 rd_en=0 rd_data=xx
# [8049500000] DBG rx_done=0 count=0 wr_ptr=8 rd_ptr=8 rx_empty=1 rd_en=0 rd_data=xx
# [8050500000] DBG rx_done=0 count=0 wr_ptr=8 rd_ptr=8 rx_empty=1 rd_en=0 rd_data=xx
# [8051500000] DBG rx_done=0 count=0 wr_ptr=8 rd_ptr=8 rx_empty=1 rd_en=0 rd_data=xx
# [8052500000] DBG rx_done=0 count=0 wr_ptr=8 rd_ptr=8 rx_empty=1 rd_en=0 rd_data=xx
# [8053500000] DBG rx_done=0 count=0 wr_ptr=8 rd_ptr=8 rx_empty=1 rd_en=0 rd_data=xx
# [8054500000] DBG rx_done=0 count=0 wr_ptr=8 rd_ptr=8 rx_empty=1 rd_en=0 rd_data=xx
# [8055500000] DBG rx_done=0 count=0 wr_ptr=8 rd_ptr=8 rx_empty=1 rd_en=0 rd_data=xx
# [8056500000] DBG rx_done=0 count=0 wr_ptr=8 rd_ptr=8 rx_empty=1 rd_en=0 rd_data=xx
# [8057500000] DBG rx_done=0 count=0 wr_ptr=8 rd_ptr=8 rx_empty=1 rd_en=0 rd_data=xx
# [8058500000] DBG rx_done=0 count=0 wr_ptr=8 rd_ptr=8 rx_empty=1 rd_en=0 rd_data=xx
# [8059500000] DBG rx_done=0 count=0 wr_ptr=8 rd_ptr=8 rx_empty=1 rd_en=0 rd_data=xx
# [8060500000] DBG rx_done=0 count=0 wr_ptr=8 rd_ptr=8 rx_empty=1 rd_en=0 rd_data=xx
# [8061500000] DBG rx_done=0 count=0 wr_ptr=8 rd_ptr=8 rx_empty=1 rd_en=0 rd_data=xx
# [8062500000] DBG rx_done=0 count=0 wr_ptr=8 rd_ptr=8 rx_empty=1 rd_en=0 rd_data=xx
# [8063500000] DBG rx_done=0 count=0 wr_ptr=8 rd_ptr=8 rx_empty=1 rd_en=0 rd_data=xx
# [8064500000] DBG rx_done=0 count=0 wr_ptr=8 rd_ptr=8 rx_empty=1 rd_en=0 rd_data=xx
# [8065500000] DBG rx_done=0 count=0 wr_ptr=8 rd_ptr=8 rx_empty=1 rd_en=0 rd_data=xx
# [8066500000] DBG rx_done=0 count=0 wr_ptr=8 rd_ptr=8 rx_empty=1 rd_en=0 rd_data=xx
# [8067500000] DBG rx_done=0 count=0 wr_ptr=8 rd_ptr=8 rx_empty=1 rd_en=0 rd_data=xx
# [8068500000] DBG rx_done=0 count=0 wr_ptr=8 rd_ptr=8 rx_empty=1 rd_en=0 rd_data=xx
# [8069500000] DBG rx_done=0 count=0 wr_ptr=8 rd_ptr=8 rx_empty=1 rd_en=0 rd_data=xx
# [8070500000] DBG rx_done=0 count=0 wr_ptr=8 rd_ptr=8 rx_empty=1 rd_en=0 rd_data=xx
# [8071500000] DBG rx_done=0 count=0 wr_ptr=8 rd_ptr=8 rx_empty=1 rd_en=0 rd_data=xx
# [8072500000] DBG rx_done=0 count=0 wr_ptr=8 rd_ptr=8 rx_empty=1 rd_en=0 rd_data=xx
# [8073500000] DBG rx_done=0 count=0 wr_ptr=8 rd_ptr=8 rx_empty=1 rd_en=0 rd_data=xx
# [8074500000] DBG rx_done=0 count=0 wr_ptr=8 rd_ptr=8 rx_empty=1 rd_en=0 rd_data=xx
# [8075500000] DBG rx_done=0 count=0 wr_ptr=8 rd_ptr=8 rx_empty=1 rd_en=0 rd_data=xx
# [8076500000] DBG rx_done=0 count=0 wr_ptr=8 rd_ptr=8 rx_empty=1 rd_en=0 rd_data=xx
# [8077500000] DBG rx_done=0 count=0 wr_ptr=8 rd_ptr=8 rx_empty=1 rd_en=0 rd_data=xx
# [8078500000] DBG rx_done=0 count=0 wr_ptr=8 rd_ptr=8 rx_empty=1 rd_en=0 rd_data=xx
# [8079500000] DBG rx_done=0 count=0 wr_ptr=8 rd_ptr=8 rx_empty=1 rd_en=0 rd_data=xx
# [8080500000] DBG rx_done=0 count=0 wr_ptr=8 rd_ptr=8 rx_empty=1 rd_en=0 rd_data=xx
# [8081500000] DBG rx_done=0 count=0 wr_ptr=8 rd_ptr=8 rx_empty=1 rd_en=0 rd_data=xx
# [8082500000] DBG rx_done=0 count=0 wr_ptr=8 rd_ptr=8 rx_empty=1 rd_en=0 rd_data=xx
# [8083500000] DBG rx_done=0 count=0 wr_ptr=8 rd_ptr=8 rx_empty=1 rd_en=0 rd_data=xx
# [8084500000] DBG rx_done=0 count=0 wr_ptr=8 rd_ptr=8 rx_empty=1 rd_en=0 rd_data=xx
# [8085500000] DBG rx_done=0 count=0 wr_ptr=8 rd_ptr=8 rx_empty=1 rd_en=0 rd_data=xx
# [8086500000] DBG rx_done=0 count=0 wr_ptr=8 rd_ptr=8 rx_empty=1 rd_en=0 rd_data=xx
# [8087500000] DBG rx_done=0 count=0 wr_ptr=8 rd_ptr=8 rx_empty=1 rd_en=0 rd_data=xx
# [8088500000] DBG rx_done=0 count=0 wr_ptr=8 rd_ptr=8 rx_empty=1 rd_en=0 rd_data=xx
# [8089500000] DBG rx_done=0 count=0 wr_ptr=8 rd_ptr=8 rx_empty=1 rd_en=0 rd_data=xx
# [8090500000] DBG rx_done=0 count=0 wr_ptr=8 rd_ptr=8 rx_empty=1 rd_en=0 rd_data=xx
# [8091500000] DBG rx_done=0 count=0 wr_ptr=8 rd_ptr=8 rx_empty=1 rd_en=0 rd_data=xx
# [8092500000] DBG rx_done=0 count=0 wr_ptr=8 rd_ptr=8 rx_empty=1 rd_en=0 rd_data=xx
# [8093500000] DBG rx_done=0 count=0 wr_ptr=8 rd_ptr=8 rx_empty=1 rd_en=0 rd_data=xx
# [8094500000] DBG rx_done=0 count=0 wr_ptr=8 rd_ptr=8 rx_empty=1 rd_en=0 rd_data=xx
# [8095500000] DBG rx_done=0 count=0 wr_ptr=8 rd_ptr=8 rx_empty=1 rd_en=0 rd_data=xx
# [8096500000] DBG rx_done=0 count=0 wr_ptr=8 rd_ptr=8 rx_empty=1 rd_en=0 rd_data=xx
# [8097500000] DBG rx_done=0 count=0 wr_ptr=8 rd_ptr=8 rx_empty=1 rd_en=0 rd_data=xx
# [8098500000] DBG rx_done=0 count=0 wr_ptr=8 rd_ptr=8 rx_empty=1 rd_en=0 rd_data=xx
# [8099500000] DBG rx_done=0 count=0 wr_ptr=8 rd_ptr=8 rx_empty=1 rd_en=0 rd_data=xx
# [8100500000] DBG rx_done=0 count=0 wr_ptr=8 rd_ptr=8 rx_empty=1 rd_en=0 rd_data=xx
# [8101500000] DBG rx_done=0 count=0 wr_ptr=8 rd_ptr=8 rx_empty=1 rd_en=0 rd_data=xx
# [8102500000] DBG rx_done=0 count=0 wr_ptr=8 rd_ptr=8 rx_empty=1 rd_en=0 rd_data=xx
# [8103500000] DBG rx_done=0 count=0 wr_ptr=8 rd_ptr=8 rx_empty=1 rd_en=0 rd_data=xx
# [8104500000] DBG rx_done=0 count=0 wr_ptr=8 rd_ptr=8 rx_empty=1 rd_en=0 rd_data=xx
# [8105500000] DBG rx_done=0 count=0 wr_ptr=8 rd_ptr=8 rx_empty=1 rd_en=0 rd_data=xx
# [8106500000] DBG rx_done=0 count=0 wr_ptr=8 rd_ptr=8 rx_empty=1 rd_en=0 rd_data=xx
# [8107500000] DBG rx_done=0 count=0 wr_ptr=8 rd_ptr=8 rx_empty=1 rd_en=0 rd_data=xx
# [8108500000] DBG rx_done=0 count=0 wr_ptr=8 rd_ptr=8 rx_empty=1 rd_en=0 rd_data=xx
# [8109500000] DBG rx_done=0 count=0 wr_ptr=8 rd_ptr=8 rx_empty=1 rd_en=0 rd_data=xx
# [8110500000] DBG rx_done=0 count=0 wr_ptr=8 rd_ptr=8 rx_empty=1 rd_en=0 rd_data=xx
# [8111500000] DBG rx_done=0 count=0 wr_ptr=8 rd_ptr=8 rx_empty=1 rd_en=0 rd_data=xx
# [8112500000] DBG rx_done=0 count=0 wr_ptr=8 rd_ptr=8 rx_empty=1 rd_en=0 rd_data=xx
# [8113500000] DBG rx_done=0 count=0 wr_ptr=8 rd_ptr=8 rx_empty=1 rd_en=0 rd_data=xx
# [8114500000] DBG rx_done=0 count=0 wr_ptr=8 rd_ptr=8 rx_empty=1 rd_en=0 rd_data=xx
# [8115500000] DBG rx_done=0 count=0 wr_ptr=8 rd_ptr=8 rx_empty=1 rd_en=0 rd_data=xx
# [8116500000] DBG rx_done=0 count=0 wr_ptr=8 rd_ptr=8 rx_empty=1 rd_en=0 rd_data=xx
# [8117500000] DBG rx_done=0 count=0 wr_ptr=8 rd_ptr=8 rx_empty=1 rd_en=0 rd_data=xx
# [8118500000] DBG rx_done=0 count=0 wr_ptr=8 rd_ptr=8 rx_empty=1 rd_en=0 rd_data=xx
# [8119500000] DBG rx_done=0 count=0 wr_ptr=8 rd_ptr=8 rx_empty=1 rd_en=0 rd_data=xx
# [8120500000] DBG rx_done=0 count=0 wr_ptr=8 rd_ptr=8 rx_empty=1 rd_en=0 rd_data=xx
# [8121500000] DBG rx_done=0 count=0 wr_ptr=8 rd_ptr=8 rx_empty=1 rd_en=0 rd_data=xx
# [8122500000] DBG rx_done=0 count=0 wr_ptr=8 rd_ptr=8 rx_empty=1 rd_en=0 rd_data=xx
# [8123500000] DBG rx_done=0 count=0 wr_ptr=8 rd_ptr=8 rx_empty=1 rd_en=0 rd_data=xx
# [8124500000] DBG rx_done=0 count=0 wr_ptr=8 rd_ptr=8 rx_empty=1 rd_en=0 rd_data=xx
# [8125500000] DBG rx_done=0 count=0 wr_ptr=8 rd_ptr=8 rx_empty=1 rd_en=0 rd_data=xx
# [8126500000] DBG rx_done=0 count=0 wr_ptr=8 rd_ptr=8 rx_empty=1 rd_en=0 rd_data=xx
# [8127500000] DBG rx_done=0 count=0 wr_ptr=8 rd_ptr=8 rx_empty=1 rd_en=0 rd_data=xx
# [8128500000] DBG rx_done=0 count=0 wr_ptr=8 rd_ptr=8 rx_empty=1 rd_en=0 rd_data=xx
# [8129500000] DBG rx_done=0 count=0 wr_ptr=8 rd_ptr=8 rx_empty=1 rd_en=0 rd_data=xx
# [8130500000] DBG rx_done=0 count=0 wr_ptr=8 rd_ptr=8 rx_empty=1 rd_en=0 rd_data=xx
# [8131500000] DBG rx_done=0 count=0 wr_ptr=8 rd_ptr=8 rx_empty=1 rd_en=0 rd_data=xx
# [8132500000] DBG rx_done=0 count=0 wr_ptr=8 rd_ptr=8 rx_empty=1 rd_en=0 rd_data=xx
# [8133500000] DBG rx_done=0 count=0 wr_ptr=8 rd_ptr=8 rx_empty=1 rd_en=0 rd_data=xx
# [8134500000] DBG rx_done=0 count=0 wr_ptr=8 rd_ptr=8 rx_empty=1 rd_en=0 rd_data=xx
# [8135500000] DBG rx_done=0 count=0 wr_ptr=8 rd_ptr=8 rx_empty=1 rd_en=0 rd_data=xx
# [8136500000] DBG rx_done=0 count=0 wr_ptr=8 rd_ptr=8 rx_empty=1 rd_en=0 rd_data=xx
# [8137500000] DBG rx_done=0 count=0 wr_ptr=8 rd_ptr=8 rx_empty=1 rd_en=0 rd_data=xx
# [8138500000] DBG rx_done=0 count=0 wr_ptr=8 rd_ptr=8 rx_empty=1 rd_en=0 rd_data=xx
# [8139500000] DBG rx_done=0 count=0 wr_ptr=8 rd_ptr=8 rx_empty=1 rd_en=0 rd_data=xx
# [8140500000] DBG rx_done=0 count=0 wr_ptr=8 rd_ptr=8 rx_empty=1 rd_en=0 rd_data=xx
# [8141500000] DBG rx_done=0 count=0 wr_ptr=8 rd_ptr=8 rx_empty=1 rd_en=0 rd_data=xx
# [8142500000] DBG rx_done=0 count=0 wr_ptr=8 rd_ptr=8 rx_empty=1 rd_en=0 rd_data=xx
# [8143500000] DBG rx_done=0 count=0 wr_ptr=8 rd_ptr=8 rx_empty=1 rd_en=0 rd_data=xx
# [8144500000] DBG rx_done=0 count=0 wr_ptr=8 rd_ptr=8 rx_empty=1 rd_en=0 rd_data=xx
# [8145500000] DBG rx_done=0 count=0 wr_ptr=8 rd_ptr=8 rx_empty=1 rd_en=0 rd_data=xx
# [8146500000] DBG rx_done=0 count=0 wr_ptr=8 rd_ptr=8 rx_empty=1 rd_en=0 rd_data=xx
# [8147500000] DBG rx_done=0 count=0 wr_ptr=8 rd_ptr=8 rx_empty=1 rd_en=0 rd_data=xx
# [8148500000] DBG rx_done=0 count=0 wr_ptr=8 rd_ptr=8 rx_empty=1 rd_en=0 rd_data=xx
# [8149500000] DBG rx_done=0 count=0 wr_ptr=8 rd_ptr=8 rx_empty=1 rd_en=0 rd_data=xx
# [8150500000] DBG rx_done=0 count=0 wr_ptr=8 rd_ptr=8 rx_empty=1 rd_en=0 rd_data=xx
# [8151500000] DBG rx_done=0 count=0 wr_ptr=8 rd_ptr=8 rx_empty=1 rd_en=0 rd_data=xx
# [8152500000] DBG rx_done=0 count=0 wr_ptr=8 rd_ptr=8 rx_empty=1 rd_en=0 rd_data=xx
# [8153500000] DBG rx_done=0 count=0 wr_ptr=8 rd_ptr=8 rx_empty=1 rd_en=0 rd_data=xx
# [8154500000] DBG rx_done=0 count=0 wr_ptr=8 rd_ptr=8 rx_empty=1 rd_en=0 rd_data=xx
# [8155500000] DBG rx_done=0 count=0 wr_ptr=8 rd_ptr=8 rx_empty=1 rd_en=0 rd_data=xx
# [8156500000] DBG rx_done=0 count=0 wr_ptr=8 rd_ptr=8 rx_empty=1 rd_en=0 rd_data=xx
# [8157500000] DBG rx_done=0 count=0 wr_ptr=8 rd_ptr=8 rx_empty=1 rd_en=0 rd_data=xx
# [8158500000] DBG rx_done=0 count=0 wr_ptr=8 rd_ptr=8 rx_empty=1 rd_en=0 rd_data=xx
# [8159500000] DBG rx_done=0 count=0 wr_ptr=8 rd_ptr=8 rx_empty=1 rd_en=0 rd_data=xx
# [8160500000] DBG rx_done=0 count=0 wr_ptr=8 rd_ptr=8 rx_empty=1 rd_en=0 rd_data=xx
# [8161500000] DBG rx_done=0 count=0 wr_ptr=8 rd_ptr=8 rx_empty=1 rd_en=0 rd_data=xx
# [8162500000] DBG rx_done=0 count=0 wr_ptr=8 rd_ptr=8 rx_empty=1 rd_en=0 rd_data=xx
# [8163500000] DBG rx_done=0 count=0 wr_ptr=8 rd_ptr=8 rx_empty=1 rd_en=0 rd_data=xx
# [8164500000] DBG rx_done=0 count=0 wr_ptr=8 rd_ptr=8 rx_empty=1 rd_en=0 rd_data=xx
# [8165500000] DBG rx_done=0 count=0 wr_ptr=8 rd_ptr=8 rx_empty=1 rd_en=0 rd_data=xx
# [8166500000] DBG rx_done=0 count=0 wr_ptr=8 rd_ptr=8 rx_empty=1 rd_en=0 rd_data=xx
# [8167500000] DBG rx_done=0 count=0 wr_ptr=8 rd_ptr=8 rx_empty=1 rd_en=0 rd_data=xx
# [8168500000] DBG rx_done=0 count=0 wr_ptr=8 rd_ptr=8 rx_empty=1 rd_en=0 rd_data=xx
# [8169500000] DBG rx_done=0 count=0 wr_ptr=8 rd_ptr=8 rx_empty=1 rd_en=0 rd_data=xx
# [8170500000] DBG rx_done=0 count=0 wr_ptr=8 rd_ptr=8 rx_empty=1 rd_en=0 rd_data=xx
# [8171500000] DBG rx_done=0 count=0 wr_ptr=8 rd_ptr=8 rx_empty=1 rd_en=0 rd_data=xx
# [8172500000] DBG rx_done=0 count=0 wr_ptr=8 rd_ptr=8 rx_empty=1 rd_en=0 rd_data=xx
# [8173500000] DBG rx_done=0 count=0 wr_ptr=8 rd_ptr=8 rx_empty=1 rd_en=0 rd_data=xx
# [8174500000] DBG rx_done=0 count=0 wr_ptr=8 rd_ptr=8 rx_empty=1 rd_en=0 rd_data=xx
# [8175500000] DBG rx_done=0 count=0 wr_ptr=8 rd_ptr=8 rx_empty=1 rd_en=0 rd_data=xx
# [8176500000] DBG rx_done=0 count=0 wr_ptr=8 rd_ptr=8 rx_empty=1 rd_en=0 rd_data=xx
# [8177500000] DBG rx_done=0 count=0 wr_ptr=8 rd_ptr=8 rx_empty=1 rd_en=0 rd_data=xx
# [8178500000] DBG rx_done=0 count=0 wr_ptr=8 rd_ptr=8 rx_empty=1 rd_en=0 rd_data=xx
# [8179500000] DBG rx_done=0 count=0 wr_ptr=8 rd_ptr=8 rx_empty=1 rd_en=0 rd_data=xx
# [8180500000] DBG rx_done=0 count=0 wr_ptr=8 rd_ptr=8 rx_empty=1 rd_en=0 rd_data=xx
# [8181500000] DBG rx_done=0 count=0 wr_ptr=8 rd_ptr=8 rx_empty=1 rd_en=0 rd_data=xx
# [8182500000] DBG rx_done=0 count=0 wr_ptr=8 rd_ptr=8 rx_empty=1 rd_en=0 rd_data=xx
# [8183500000] DBG rx_done=0 count=0 wr_ptr=8 rd_ptr=8 rx_empty=1 rd_en=0 rd_data=xx
# [8184500000] DBG rx_done=0 count=0 wr_ptr=8 rd_ptr=8 rx_empty=1 rd_en=0 rd_data=xx
# [8185500000] DBG rx_done=0 count=0 wr_ptr=8 rd_ptr=8 rx_empty=1 rd_en=0 rd_data=xx
# [8186500000] DBG rx_done=0 count=0 wr_ptr=8 rd_ptr=8 rx_empty=1 rd_en=0 rd_data=xx
# [8187500000] DBG rx_done=0 count=0 wr_ptr=8 rd_ptr=8 rx_empty=1 rd_en=0 rd_data=xx
# [8188500000] DBG rx_done=0 count=0 wr_ptr=8 rd_ptr=8 rx_empty=1 rd_en=0 rd_data=xx
# [8189500000] DBG rx_done=0 count=0 wr_ptr=8 rd_ptr=8 rx_empty=1 rd_en=0 rd_data=xx
# [8190500000] DBG rx_done=0 count=0 wr_ptr=8 rd_ptr=8 rx_empty=1 rd_en=0 rd_data=xx
# [8191500000] DBG rx_done=0 count=0 wr_ptr=8 rd_ptr=8 rx_empty=1 rd_en=0 rd_data=xx
# [8192500000] DBG rx_done=0 count=0 wr_ptr=8 rd_ptr=8 rx_empty=1 rd_en=0 rd_data=xx
# [8193500000] DBG rx_done=0 count=0 wr_ptr=8 rd_ptr=8 rx_empty=1 rd_en=0 rd_data=xx
# [8194500000] DBG rx_done=0 count=0 wr_ptr=8 rd_ptr=8 rx_empty=1 rd_en=0 rd_data=xx
# [8195500000] DBG rx_done=0 count=0 wr_ptr=8 rd_ptr=8 rx_empty=1 rd_en=0 rd_data=xx
# [8196500000] DBG rx_done=0 count=0 wr_ptr=8 rd_ptr=8 rx_empty=1 rd_en=0 rd_data=xx
# [8197500000] DBG rx_done=0 count=0 wr_ptr=8 rd_ptr=8 rx_empty=1 rd_en=0 rd_data=xx
# [8198500000] DBG rx_done=0 count=0 wr_ptr=8 rd_ptr=8 rx_empty=1 rd_en=0 rd_data=xx
# [8199500000] DBG rx_done=0 count=0 wr_ptr=8 rd_ptr=8 rx_empty=1 rd_en=0 rd_data=xx
# [8200500000] DBG rx_done=0 count=0 wr_ptr=8 rd_ptr=8 rx_empty=1 rd_en=0 rd_data=xx
# [8201500000] DBG rx_done=0 count=0 wr_ptr=8 rd_ptr=8 rx_empty=1 rd_en=0 rd_data=xx
# [8202500000] DBG rx_done=0 count=0 wr_ptr=8 rd_ptr=8 rx_empty=1 rd_en=0 rd_data=xx
# [8203500000] DBG rx_done=0 count=0 wr_ptr=8 rd_ptr=8 rx_empty=1 rd_en=0 rd_data=xx
# [8204500000] DBG rx_done=0 count=0 wr_ptr=8 rd_ptr=8 rx_empty=1 rd_en=0 rd_data=xx
# [8205500000] DBG rx_done=0 count=0 wr_ptr=8 rd_ptr=8 rx_empty=1 rd_en=0 rd_data=xx
# [8206500000] DBG rx_done=0 count=0 wr_ptr=8 rd_ptr=8 rx_empty=1 rd_en=0 rd_data=xx
# [8207500000] DBG rx_done=0 count=0 wr_ptr=8 rd_ptr=8 rx_empty=1 rd_en=0 rd_data=xx
# [8208500000] DBG rx_done=0 count=0 wr_ptr=8 rd_ptr=8 rx_empty=1 rd_en=0 rd_data=xx
# [8209500000] DBG rx_done=0 count=0 wr_ptr=8 rd_ptr=8 rx_empty=1 rd_en=0 rd_data=xx
# [8210500000] DBG rx_done=0 count=0 wr_ptr=8 rd_ptr=8 rx_empty=1 rd_en=0 rd_data=xx
# [8211500000] DBG rx_done=0 count=0 wr_ptr=8 rd_ptr=8 rx_empty=1 rd_en=0 rd_data=xx
# [8212500000] DBG rx_done=0 count=0 wr_ptr=8 rd_ptr=8 rx_empty=1 rd_en=0 rd_data=xx
# [8213500000] DBG rx_done=0 count=0 wr_ptr=8 rd_ptr=8 rx_empty=1 rd_en=0 rd_data=xx
# [8214500000] DBG rx_done=0 count=0 wr_ptr=8 rd_ptr=8 rx_empty=1 rd_en=0 rd_data=xx
# [8215500000] DBG rx_done=0 count=0 wr_ptr=8 rd_ptr=8 rx_empty=1 rd_en=0 rd_data=xx
# [8216500000] DBG rx_done=0 count=0 wr_ptr=8 rd_ptr=8 rx_empty=1 rd_en=0 rd_data=xx
# [8217500000] DBG rx_done=0 count=0 wr_ptr=8 rd_ptr=8 rx_empty=1 rd_en=0 rd_data=xx
# [8218500000] DBG rx_done=0 count=0 wr_ptr=8 rd_ptr=8 rx_empty=1 rd_en=0 rd_data=xx
# [8219500000] DBG rx_done=0 count=0 wr_ptr=8 rd_ptr=8 rx_empty=1 rd_en=0 rd_data=xx
# [8220500000] DBG rx_done=0 count=0 wr_ptr=8 rd_ptr=8 rx_empty=1 rd_en=0 rd_data=xx
# [8221500000] DBG rx_done=0 count=0 wr_ptr=8 rd_ptr=8 rx_empty=1 rd_en=0 rd_data=xx
# [8222500000] DBG rx_done=0 count=0 wr_ptr=8 rd_ptr=8 rx_empty=1 rd_en=0 rd_data=xx
# [8223500000] DBG rx_done=0 count=0 wr_ptr=8 rd_ptr=8 rx_empty=1 rd_en=0 rd_data=xx
# [8224500000] DBG rx_done=0 count=0 wr_ptr=8 rd_ptr=8 rx_empty=1 rd_en=0 rd_data=xx
# [8225500000] DBG rx_done=0 count=0 wr_ptr=8 rd_ptr=8 rx_empty=1 rd_en=0 rd_data=xx
# [8226500000] DBG rx_done=0 count=0 wr_ptr=8 rd_ptr=8 rx_empty=1 rd_en=0 rd_data=xx
# [8227500000] DBG rx_done=0 count=0 wr_ptr=8 rd_ptr=8 rx_empty=1 rd_en=0 rd_data=xx
# [8228500000] DBG rx_done=0 count=0 wr_ptr=8 rd_ptr=8 rx_empty=1 rd_en=0 rd_data=xx
# [8229500000] DBG rx_done=0 count=0 wr_ptr=8 rd_ptr=8 rx_empty=1 rd_en=0 rd_data=xx
# [8230500000] DBG rx_done=0 count=0 wr_ptr=8 rd_ptr=8 rx_empty=1 rd_en=0 rd_data=xx
# [8231500000] DBG rx_done=0 count=0 wr_ptr=8 rd_ptr=8 rx_empty=1 rd_en=0 rd_data=xx
# [8232500000] DBG rx_done=0 count=0 wr_ptr=8 rd_ptr=8 rx_empty=1 rd_en=0 rd_data=xx
# [8233500000] DBG rx_done=0 count=0 wr_ptr=8 rd_ptr=8 rx_empty=1 rd_en=0 rd_data=xx
# [8234500000] DBG rx_done=0 count=0 wr_ptr=8 rd_ptr=8 rx_empty=1 rd_en=0 rd_data=xx
# [8235500000] DBG rx_done=0 count=0 wr_ptr=8 rd_ptr=8 rx_empty=1 rd_en=0 rd_data=xx
# [8236500000] DBG rx_done=0 count=0 wr_ptr=8 rd_ptr=8 rx_empty=1 rd_en=0 rd_data=xx
# [8237500000] DBG rx_done=0 count=0 wr_ptr=8 rd_ptr=8 rx_empty=1 rd_en=0 rd_data=xx
# [8238500000] DBG rx_done=0 count=0 wr_ptr=8 rd_ptr=8 rx_empty=1 rd_en=0 rd_data=xx
# [8239500000] DBG rx_done=0 count=0 wr_ptr=8 rd_ptr=8 rx_empty=1 rd_en=0 rd_data=xx
# [8240500000] DBG rx_done=0 count=0 wr_ptr=8 rd_ptr=8 rx_empty=1 rd_en=0 rd_data=xx
# [8241500000] DBG rx_done=0 count=0 wr_ptr=8 rd_ptr=8 rx_empty=1 rd_en=0 rd_data=xx
# [8242500000] DBG rx_done=0 count=0 wr_ptr=8 rd_ptr=8 rx_empty=1 rd_en=0 rd_data=xx
# [8243500000] DBG rx_done=0 count=0 wr_ptr=8 rd_ptr=8 rx_empty=1 rd_en=0 rd_data=xx
# [8244500000] DBG rx_done=0 count=0 wr_ptr=8 rd_ptr=8 rx_empty=1 rd_en=0 rd_data=xx
# [8245500000] DBG rx_done=0 count=0 wr_ptr=8 rd_ptr=8 rx_empty=1 rd_en=0 rd_data=xx
# [8246500000] DBG rx_done=0 count=0 wr_ptr=8 rd_ptr=8 rx_empty=1 rd_en=0 rd_data=xx
# [8247500000] DBG rx_done=0 count=0 wr_ptr=8 rd_ptr=8 rx_empty=1 rd_en=0 rd_data=xx
# [8248500000] DBG rx_done=0 count=0 wr_ptr=8 rd_ptr=8 rx_empty=1 rd_en=0 rd_data=xx
# [8249500000] DBG rx_done=0 count=0 wr_ptr=8 rd_ptr=8 rx_empty=1 rd_en=0 rd_data=xx
# [8250500000] DBG rx_done=0 count=0 wr_ptr=8 rd_ptr=8 rx_empty=1 rd_en=0 rd_data=xx
# [8251500000] DBG rx_done=0 count=0 wr_ptr=8 rd_ptr=8 rx_empty=1 rd_en=0 rd_data=xx
# [8252500000] DBG rx_done=0 count=0 wr_ptr=8 rd_ptr=8 rx_empty=1 rd_en=0 rd_data=xx
# [8253500000] DBG rx_done=0 count=0 wr_ptr=8 rd_ptr=8 rx_empty=1 rd_en=0 rd_data=xx
# [8254500000] DBG rx_done=0 count=0 wr_ptr=8 rd_ptr=8 rx_empty=1 rd_en=0 rd_data=xx
# [8255500000] DBG rx_done=0 count=0 wr_ptr=8 rd_ptr=8 rx_empty=1 rd_en=0 rd_data=xx
# [8256500000] DBG rx_done=0 count=0 wr_ptr=8 rd_ptr=8 rx_empty=1 rd_en=0 rd_data=xx
# [8257500000] DBG rx_done=0 count=0 wr_ptr=8 rd_ptr=8 rx_empty=1 rd_en=0 rd_data=xx
# [8258500000] DBG rx_done=0 count=0 wr_ptr=8 rd_ptr=8 rx_empty=1 rd_en=0 rd_data=xx
# [8259500000] DBG rx_done=0 count=0 wr_ptr=8 rd_ptr=8 rx_empty=1 rd_en=0 rd_data=xx
# [8260500000] DBG rx_done=0 count=0 wr_ptr=8 rd_ptr=8 rx_empty=1 rd_en=0 rd_data=xx
# [8261500000] DBG rx_done=0 count=0 wr_ptr=8 rd_ptr=8 rx_empty=1 rd_en=0 rd_data=xx
# [8262500000] DBG rx_done=0 count=0 wr_ptr=8 rd_ptr=8 rx_empty=1 rd_en=0 rd_data=xx
# [8263500000] DBG rx_done=0 count=0 wr_ptr=8 rd_ptr=8 rx_empty=1 rd_en=0 rd_data=xx
# [8264500000] DBG rx_done=0 count=0 wr_ptr=8 rd_ptr=8 rx_empty=1 rd_en=0 rd_data=xx
# [8265500000] DBG rx_done=0 count=0 wr_ptr=8 rd_ptr=8 rx_empty=1 rd_en=0 rd_data=xx
# [8266500000] DBG rx_done=0 count=0 wr_ptr=8 rd_ptr=8 rx_empty=1 rd_en=0 rd_data=xx
# [8267500000] DBG rx_done=0 count=0 wr_ptr=8 rd_ptr=8 rx_empty=1 rd_en=0 rd_data=xx
# [8268500000] DBG rx_done=0 count=0 wr_ptr=8 rd_ptr=8 rx_empty=1 rd_en=0 rd_data=xx
# [8269500000] DBG rx_done=0 count=0 wr_ptr=8 rd_ptr=8 rx_empty=1 rd_en=0 rd_data=xx
# [8270500000] DBG rx_done=0 count=0 wr_ptr=8 rd_ptr=8 rx_empty=1 rd_en=0 rd_data=xx
# [8271500000] DBG rx_done=0 count=0 wr_ptr=8 rd_ptr=8 rx_empty=1 rd_en=0 rd_data=xx
# [8272500000] DBG rx_done=0 count=0 wr_ptr=8 rd_ptr=8 rx_empty=1 rd_en=0 rd_data=xx
# [8273500000] DBG rx_done=0 count=0 wr_ptr=8 rd_ptr=8 rx_empty=1 rd_en=0 rd_data=xx
# [8274500000] DBG rx_done=0 count=0 wr_ptr=8 rd_ptr=8 rx_empty=1 rd_en=0 rd_data=xx
# [8275500000] DBG rx_done=0 count=0 wr_ptr=8 rd_ptr=8 rx_empty=1 rd_en=0 rd_data=xx
# [8276500000] DBG rx_done=0 count=0 wr_ptr=8 rd_ptr=8 rx_empty=1 rd_en=0 rd_data=xx
# [8277500000] DBG rx_done=0 count=0 wr_ptr=8 rd_ptr=8 rx_empty=1 rd_en=0 rd_data=xx
# [8278500000] DBG rx_done=0 count=0 wr_ptr=8 rd_ptr=8 rx_empty=1 rd_en=0 rd_data=xx
# [8279500000] DBG rx_done=0 count=0 wr_ptr=8 rd_ptr=8 rx_empty=1 rd_en=0 rd_data=xx
# [8280500000] DBG rx_done=0 count=0 wr_ptr=8 rd_ptr=8 rx_empty=1 rd_en=0 rd_data=xx
# [8281500000] DBG rx_done=0 count=0 wr_ptr=8 rd_ptr=8 rx_empty=1 rd_en=0 rd_data=xx
# [8282500000] DBG rx_done=0 count=0 wr_ptr=8 rd_ptr=8 rx_empty=1 rd_en=0 rd_data=xx
# [8283500000] DBG rx_done=0 count=0 wr_ptr=8 rd_ptr=8 rx_empty=1 rd_en=0 rd_data=xx
# [8284500000] DBG rx_done=0 count=0 wr_ptr=8 rd_ptr=8 rx_empty=1 rd_en=0 rd_data=xx
# [8285500000] DBG rx_done=0 count=0 wr_ptr=8 rd_ptr=8 rx_empty=1 rd_en=0 rd_data=xx
# [8286500000] DBG rx_done=0 count=0 wr_ptr=8 rd_ptr=8 rx_empty=1 rd_en=0 rd_data=xx
# [8287500000] DBG rx_done=0 count=0 wr_ptr=8 rd_ptr=8 rx_empty=1 rd_en=0 rd_data=xx
# [8288500000] DBG rx_done=0 count=0 wr_ptr=8 rd_ptr=8 rx_empty=1 rd_en=0 rd_data=xx
# [8289500000] DBG rx_done=0 count=0 wr_ptr=8 rd_ptr=8 rx_empty=1 rd_en=0 rd_data=xx
# [8290500000] DBG rx_done=0 count=0 wr_ptr=8 rd_ptr=8 rx_empty=1 rd_en=0 rd_data=xx
# [8291500000] DBG rx_done=0 count=0 wr_ptr=8 rd_ptr=8 rx_empty=1 rd_en=0 rd_data=xx
# [8292500000] DBG rx_done=0 count=0 wr_ptr=8 rd_ptr=8 rx_empty=1 rd_en=0 rd_data=xx
# [8293500000] DBG rx_done=0 count=0 wr_ptr=8 rd_ptr=8 rx_empty=1 rd_en=0 rd_data=xx
# [8294500000] DBG rx_done=0 count=0 wr_ptr=8 rd_ptr=8 rx_empty=1 rd_en=0 rd_data=xx
# [8295500000] DBG rx_done=0 count=0 wr_ptr=8 rd_ptr=8 rx_empty=1 rd_en=0 rd_data=xx
# [8296500000] DBG rx_done=0 count=0 wr_ptr=8 rd_ptr=8 rx_empty=1 rd_en=0 rd_data=xx
# [8297500000] DBG rx_done=0 count=0 wr_ptr=8 rd_ptr=8 rx_empty=1 rd_en=0 rd_data=xx
# [8298500000] DBG rx_done=0 count=0 wr_ptr=8 rd_ptr=8 rx_empty=1 rd_en=0 rd_data=xx
# [8299500000] DBG rx_done=0 count=0 wr_ptr=8 rd_ptr=8 rx_empty=1 rd_en=0 rd_data=xx
# [8300500000] DBG rx_done=0 count=0 wr_ptr=8 rd_ptr=8 rx_empty=1 rd_en=0 rd_data=xx
# [8301500000] DBG rx_done=0 count=0 wr_ptr=8 rd_ptr=8 rx_empty=1 rd_en=0 rd_data=xx
# [8302500000] DBG rx_done=0 count=0 wr_ptr=8 rd_ptr=8 rx_empty=1 rd_en=0 rd_data=xx
# [8303500000] DBG rx_done=0 count=0 wr_ptr=8 rd_ptr=8 rx_empty=1 rd_en=0 rd_data=xx
# [8304500000] DBG rx_done=0 count=0 wr_ptr=8 rd_ptr=8 rx_empty=1 rd_en=0 rd_data=xx
# [8305500000] DBG rx_done=0 count=0 wr_ptr=8 rd_ptr=8 rx_empty=1 rd_en=0 rd_data=xx
# [8306500000] DBG rx_done=0 count=0 wr_ptr=8 rd_ptr=8 rx_empty=1 rd_en=0 rd_data=xx
# [8307500000] DBG rx_done=0 count=0 wr_ptr=8 rd_ptr=8 rx_empty=1 rd_en=0 rd_data=xx
# [8308500000] DBG rx_done=0 count=0 wr_ptr=8 rd_ptr=8 rx_empty=1 rd_en=0 rd_data=xx
# [8309500000] DBG rx_done=0 count=0 wr_ptr=8 rd_ptr=8 rx_empty=1 rd_en=0 rd_data=xx
# [8310500000] DBG rx_done=0 count=0 wr_ptr=8 rd_ptr=8 rx_empty=1 rd_en=0 rd_data=xx
# [8311500000] DBG rx_done=0 count=0 wr_ptr=8 rd_ptr=8 rx_empty=1 rd_en=0 rd_data=xx
# [8312500000] DBG rx_done=0 count=0 wr_ptr=8 rd_ptr=8 rx_empty=1 rd_en=0 rd_data=xx
# [8313500000] DBG rx_done=0 count=0 wr_ptr=8 rd_ptr=8 rx_empty=1 rd_en=0 rd_data=xx
# [8314500000] DBG rx_done=0 count=0 wr_ptr=8 rd_ptr=8 rx_empty=1 rd_en=0 rd_data=xx
# [8315500000] DBG rx_done=0 count=0 wr_ptr=8 rd_ptr=8 rx_empty=1 rd_en=0 rd_data=xx
# [8316500000] DBG rx_done=0 count=0 wr_ptr=8 rd_ptr=8 rx_empty=1 rd_en=0 rd_data=xx
# [8317500000] DBG rx_done=0 count=0 wr_ptr=8 rd_ptr=8 rx_empty=1 rd_en=0 rd_data=xx
# [8318500000] DBG rx_done=0 count=0 wr_ptr=8 rd_ptr=8 rx_empty=1 rd_en=0 rd_data=xx
# [8319500000] DBG rx_done=0 count=0 wr_ptr=8 rd_ptr=8 rx_empty=1 rd_en=0 rd_data=xx
# [8320500000] DBG rx_done=0 count=0 wr_ptr=8 rd_ptr=8 rx_empty=1 rd_en=0 rd_data=xx
# [8321500000] DBG rx_done=0 count=0 wr_ptr=8 rd_ptr=8 rx_empty=1 rd_en=0 rd_data=xx
# [8322500000] DBG rx_done=0 count=0 wr_ptr=8 rd_ptr=8 rx_empty=1 rd_en=0 rd_data=xx
# [8323500000] DBG rx_done=0 count=0 wr_ptr=8 rd_ptr=8 rx_empty=1 rd_en=0 rd_data=xx
# [8324500000] DBG rx_done=0 count=0 wr_ptr=8 rd_ptr=8 rx_empty=1 rd_en=0 rd_data=xx
# [8325500000] DBG rx_done=0 count=0 wr_ptr=8 rd_ptr=8 rx_empty=1 rd_en=0 rd_data=xx
# [8326500000] DBG rx_done=0 count=0 wr_ptr=8 rd_ptr=8 rx_empty=1 rd_en=0 rd_data=xx
# [8327500000] DBG rx_done=0 count=0 wr_ptr=8 rd_ptr=8 rx_empty=1 rd_en=0 rd_data=xx
# [8328500000] DBG rx_done=0 count=0 wr_ptr=8 rd_ptr=8 rx_empty=1 rd_en=0 rd_data=xx
# [8329500000] DBG rx_done=0 count=0 wr_ptr=8 rd_ptr=8 rx_empty=1 rd_en=0 rd_data=xx
# [8330500000] DBG rx_done=0 count=0 wr_ptr=8 rd_ptr=8 rx_empty=1 rd_en=0 rd_data=xx
# [8331500000] DBG rx_done=0 count=0 wr_ptr=8 rd_ptr=8 rx_empty=1 rd_en=0 rd_data=xx
# [8332500000] DBG rx_done=0 count=0 wr_ptr=8 rd_ptr=8 rx_empty=1 rd_en=0 rd_data=xx
# [8333500000] DBG rx_done=0 count=0 wr_ptr=8 rd_ptr=8 rx_empty=1 rd_en=0 rd_data=xx
# [8334500000] DBG rx_done=0 count=0 wr_ptr=8 rd_ptr=8 rx_empty=1 rd_en=0 rd_data=xx
# [8335500000] DBG rx_done=0 count=0 wr_ptr=8 rd_ptr=8 rx_empty=1 rd_en=0 rd_data=xx
# [8336500000] DBG rx_done=0 count=0 wr_ptr=8 rd_ptr=8 rx_empty=1 rd_en=0 rd_data=xx
# [8337500000] DBG rx_done=0 count=0 wr_ptr=8 rd_ptr=8 rx_empty=1 rd_en=0 rd_data=xx
# [8338500000] DBG rx_done=0 count=0 wr_ptr=8 rd_ptr=8 rx_empty=1 rd_en=0 rd_data=xx
# [8339500000] DBG rx_done=0 count=0 wr_ptr=8 rd_ptr=8 rx_empty=1 rd_en=0 rd_data=xx
# [8340500000] DBG rx_done=0 count=0 wr_ptr=8 rd_ptr=8 rx_empty=1 rd_en=0 rd_data=xx
# [8341500000] DBG rx_done=0 count=0 wr_ptr=8 rd_ptr=8 rx_empty=1 rd_en=0 rd_data=xx
# [8342500000] DBG rx_done=0 count=0 wr_ptr=8 rd_ptr=8 rx_empty=1 rd_en=0 rd_data=xx
# [8343500000] DBG rx_done=0 count=0 wr_ptr=8 rd_ptr=8 rx_empty=1 rd_en=0 rd_data=xx
# [8344500000] DBG rx_done=0 count=0 wr_ptr=8 rd_ptr=8 rx_empty=1 rd_en=0 rd_data=xx
# [8345500000] DBG rx_done=0 count=0 wr_ptr=8 rd_ptr=8 rx_empty=1 rd_en=0 rd_data=xx
# [8346500000] DBG rx_done=0 count=0 wr_ptr=8 rd_ptr=8 rx_empty=1 rd_en=0 rd_data=xx
# [8347500000] DBG rx_done=0 count=0 wr_ptr=8 rd_ptr=8 rx_empty=1 rd_en=0 rd_data=xx
# [8348500000] DBG rx_done=0 count=0 wr_ptr=8 rd_ptr=8 rx_empty=1 rd_en=0 rd_data=xx
# [8349500000] DBG rx_done=0 count=0 wr_ptr=8 rd_ptr=8 rx_empty=1 rd_en=0 rd_data=xx
# [8350500000] DBG rx_done=0 count=0 wr_ptr=8 rd_ptr=8 rx_empty=1 rd_en=0 rd_data=xx
# [8351500000] DBG rx_done=0 count=0 wr_ptr=8 rd_ptr=8 rx_empty=1 rd_en=0 rd_data=xx
# [8352500000] DBG rx_done=0 count=0 wr_ptr=8 rd_ptr=8 rx_empty=1 rd_en=0 rd_data=xx
# [8353500000] DBG rx_done=0 count=0 wr_ptr=8 rd_ptr=8 rx_empty=1 rd_en=0 rd_data=xx
# [8354500000] DBG rx_done=0 count=0 wr_ptr=8 rd_ptr=8 rx_empty=1 rd_en=0 rd_data=xx
# [8355500000] DBG rx_done=0 count=0 wr_ptr=8 rd_ptr=8 rx_empty=1 rd_en=0 rd_data=xx
# [8356500000] DBG rx_done=0 count=0 wr_ptr=8 rd_ptr=8 rx_empty=1 rd_en=0 rd_data=xx
# [8357500000] DBG rx_done=0 count=0 wr_ptr=8 rd_ptr=8 rx_empty=1 rd_en=0 rd_data=xx
# [8358500000] DBG rx_done=0 count=0 wr_ptr=8 rd_ptr=8 rx_empty=1 rd_en=0 rd_data=xx
# [8359500000] DBG rx_done=0 count=0 wr_ptr=8 rd_ptr=8 rx_empty=1 rd_en=0 rd_data=xx
# [8360500000] DBG rx_done=0 count=0 wr_ptr=8 rd_ptr=8 rx_empty=1 rd_en=0 rd_data=xx
# [8361500000] DBG rx_done=0 count=0 wr_ptr=8 rd_ptr=8 rx_empty=1 rd_en=0 rd_data=xx
# [8362500000] DBG rx_done=0 count=0 wr_ptr=8 rd_ptr=8 rx_empty=1 rd_en=0 rd_data=xx
# [8363500000] DBG rx_done=0 count=0 wr_ptr=8 rd_ptr=8 rx_empty=1 rd_en=0 rd_data=xx
# [8364500000] DBG rx_done=0 count=0 wr_ptr=8 rd_ptr=8 rx_empty=1 rd_en=0 rd_data=xx
# [8365500000] DBG rx_done=0 count=0 wr_ptr=8 rd_ptr=8 rx_empty=1 rd_en=0 rd_data=xx
# [8366500000] DBG rx_done=0 count=0 wr_ptr=8 rd_ptr=8 rx_empty=1 rd_en=0 rd_data=xx
# [8367500000] DBG rx_done=0 count=0 wr_ptr=8 rd_ptr=8 rx_empty=1 rd_en=0 rd_data=xx
# [8368500000] DBG rx_done=0 count=0 wr_ptr=8 rd_ptr=8 rx_empty=1 rd_en=0 rd_data=xx
# [8369500000] DBG rx_done=0 count=0 wr_ptr=8 rd_ptr=8 rx_empty=1 rd_en=0 rd_data=xx
# [8370500000] DBG rx_done=0 count=0 wr_ptr=8 rd_ptr=8 rx_empty=1 rd_en=0 rd_data=xx
# [8371500000] DBG rx_done=0 count=0 wr_ptr=8 rd_ptr=8 rx_empty=1 rd_en=0 rd_data=xx
# [8372500000] DBG rx_done=0 count=0 wr_ptr=8 rd_ptr=8 rx_empty=1 rd_en=0 rd_data=xx
# [8373500000] DBG rx_done=0 count=0 wr_ptr=8 rd_ptr=8 rx_empty=1 rd_en=0 rd_data=xx
# [8374500000] DBG rx_done=0 count=0 wr_ptr=8 rd_ptr=8 rx_empty=1 rd_en=0 rd_data=xx
# [8375500000] DBG rx_done=0 count=0 wr_ptr=8 rd_ptr=8 rx_empty=1 rd_en=0 rd_data=xx
# [8376500000] DBG rx_done=0 count=0 wr_ptr=8 rd_ptr=8 rx_empty=1 rd_en=0 rd_data=xx
# [8377500000] DBG rx_done=0 count=0 wr_ptr=8 rd_ptr=8 rx_empty=1 rd_en=0 rd_data=xx
# [8378500000] DBG rx_done=0 count=0 wr_ptr=8 rd_ptr=8 rx_empty=1 rd_en=0 rd_data=xx
# [8379500000] DBG rx_done=0 count=0 wr_ptr=8 rd_ptr=8 rx_empty=1 rd_en=0 rd_data=xx
# [8380500000] DBG rx_done=0 count=0 wr_ptr=8 rd_ptr=8 rx_empty=1 rd_en=0 rd_data=xx
# [8381500000] DBG rx_done=0 count=0 wr_ptr=8 rd_ptr=8 rx_empty=1 rd_en=0 rd_data=xx
# [8382500000] DBG rx_done=0 count=0 wr_ptr=8 rd_ptr=8 rx_empty=1 rd_en=0 rd_data=xx
# [8383500000] DBG rx_done=0 count=0 wr_ptr=8 rd_ptr=8 rx_empty=1 rd_en=0 rd_data=xx
# [8384500000] DBG rx_done=0 count=0 wr_ptr=8 rd_ptr=8 rx_empty=1 rd_en=0 rd_data=xx
# [8385500000] DBG rx_done=0 count=0 wr_ptr=8 rd_ptr=8 rx_empty=1 rd_en=0 rd_data=xx
# [8386500000] DBG rx_done=0 count=0 wr_ptr=8 rd_ptr=8 rx_empty=1 rd_en=0 rd_data=xx
# [8387500000] DBG rx_done=0 count=0 wr_ptr=8 rd_ptr=8 rx_empty=1 rd_en=0 rd_data=xx
# [8388500000] DBG rx_done=0 count=0 wr_ptr=8 rd_ptr=8 rx_empty=1 rd_en=0 rd_data=xx
# [8389500000] DBG rx_done=0 count=0 wr_ptr=8 rd_ptr=8 rx_empty=1 rd_en=0 rd_data=xx
# [8390500000] DBG rx_done=0 count=0 wr_ptr=8 rd_ptr=8 rx_empty=1 rd_en=0 rd_data=xx
# [8391500000] DBG rx_done=0 count=0 wr_ptr=8 rd_ptr=8 rx_empty=1 rd_en=0 rd_data=xx
# [8392500000] DBG rx_done=0 count=0 wr_ptr=8 rd_ptr=8 rx_empty=1 rd_en=0 rd_data=xx
# [8393500000] DBG rx_done=0 count=0 wr_ptr=8 rd_ptr=8 rx_empty=1 rd_en=0 rd_data=xx
# [8394500000] DBG rx_done=0 count=0 wr_ptr=8 rd_ptr=8 rx_empty=1 rd_en=0 rd_data=xx
# [8395500000] DBG rx_done=0 count=0 wr_ptr=8 rd_ptr=8 rx_empty=1 rd_en=0 rd_data=xx
# [8396500000] DBG rx_done=0 count=0 wr_ptr=8 rd_ptr=8 rx_empty=1 rd_en=0 rd_data=xx
# [8397500000] DBG rx_done=0 count=0 wr_ptr=8 rd_ptr=8 rx_empty=1 rd_en=0 rd_data=xx
# [8398500000] DBG rx_done=0 count=0 wr_ptr=8 rd_ptr=8 rx_empty=1 rd_en=0 rd_data=xx
# [8399500000] DBG rx_done=0 count=0 wr_ptr=8 rd_ptr=8 rx_empty=1 rd_en=0 rd_data=xx
# [8400500000] DBG rx_done=0 count=0 wr_ptr=8 rd_ptr=8 rx_empty=1 rd_en=0 rd_data=xx
# [8401500000] DBG rx_done=0 count=0 wr_ptr=8 rd_ptr=8 rx_empty=1 rd_en=0 rd_data=xx
# [8402500000] DBG rx_done=0 count=0 wr_ptr=8 rd_ptr=8 rx_empty=1 rd_en=0 rd_data=xx
# [8403500000] DBG rx_done=0 count=0 wr_ptr=8 rd_ptr=8 rx_empty=1 rd_en=0 rd_data=xx
# [8404500000] DBG rx_done=0 count=0 wr_ptr=8 rd_ptr=8 rx_empty=1 rd_en=0 rd_data=xx
# [8405500000] DBG rx_done=0 count=0 wr_ptr=8 rd_ptr=8 rx_empty=1 rd_en=0 rd_data=xx
# [8406500000] DBG rx_done=0 count=0 wr_ptr=8 rd_ptr=8 rx_empty=1 rd_en=0 rd_data=xx
# [8407500000] DBG rx_done=0 count=0 wr_ptr=8 rd_ptr=8 rx_empty=1 rd_en=0 rd_data=xx
# [8408500000] DBG rx_done=0 count=0 wr_ptr=8 rd_ptr=8 rx_empty=1 rd_en=0 rd_data=xx
# [8409500000] DBG rx_done=0 count=0 wr_ptr=8 rd_ptr=8 rx_empty=1 rd_en=0 rd_data=xx
# [8410500000] DBG rx_done=0 count=0 wr_ptr=8 rd_ptr=8 rx_empty=1 rd_en=0 rd_data=xx
# [8411500000] DBG rx_done=0 count=0 wr_ptr=8 rd_ptr=8 rx_empty=1 rd_en=0 rd_data=xx
# [8412500000] DBG rx_done=0 count=0 wr_ptr=8 rd_ptr=8 rx_empty=1 rd_en=0 rd_data=xx
# [8413500000] DBG rx_done=0 count=0 wr_ptr=8 rd_ptr=8 rx_empty=1 rd_en=0 rd_data=xx
# [8414500000] DBG rx_done=0 count=0 wr_ptr=8 rd_ptr=8 rx_empty=1 rd_en=0 rd_data=xx
# [8415500000] DBG rx_done=0 count=0 wr_ptr=8 rd_ptr=8 rx_empty=1 rd_en=0 rd_data=xx
# [8416500000] DBG rx_done=0 count=0 wr_ptr=8 rd_ptr=8 rx_empty=1 rd_en=0 rd_data=xx
# [8417500000] DBG rx_done=0 count=0 wr_ptr=8 rd_ptr=8 rx_empty=1 rd_en=0 rd_data=xx
# [8418500000] DBG rx_done=0 count=0 wr_ptr=8 rd_ptr=8 rx_empty=1 rd_en=0 rd_data=xx
# [8419500000] DBG rx_done=0 count=0 wr_ptr=8 rd_ptr=8 rx_empty=1 rd_en=0 rd_data=xx
# [8420500000] DBG rx_done=0 count=0 wr_ptr=8 rd_ptr=8 rx_empty=1 rd_en=0 rd_data=xx
# [8421500000] DBG rx_done=0 count=0 wr_ptr=8 rd_ptr=8 rx_empty=1 rd_en=0 rd_data=xx
# [8422500000] DBG rx_done=0 count=0 wr_ptr=8 rd_ptr=8 rx_empty=1 rd_en=0 rd_data=xx
# [8423500000] DBG rx_done=0 count=0 wr_ptr=8 rd_ptr=8 rx_empty=1 rd_en=0 rd_data=xx
# [8424500000] DBG rx_done=0 count=0 wr_ptr=8 rd_ptr=8 rx_empty=1 rd_en=0 rd_data=xx
# [8425500000] DBG rx_done=0 count=0 wr_ptr=8 rd_ptr=8 rx_empty=1 rd_en=0 rd_data=xx
# [8426500000] DBG rx_done=0 count=0 wr_ptr=8 rd_ptr=8 rx_empty=1 rd_en=0 rd_data=xx
# [8427500000] DBG rx_done=0 count=0 wr_ptr=8 rd_ptr=8 rx_empty=1 rd_en=0 rd_data=xx
# [8428500000] DBG rx_done=0 count=0 wr_ptr=8 rd_ptr=8 rx_empty=1 rd_en=0 rd_data=xx
# [8429500000] DBG rx_done=0 count=0 wr_ptr=8 rd_ptr=8 rx_empty=1 rd_en=0 rd_data=xx
# [8430500000] DBG rx_done=0 count=0 wr_ptr=8 rd_ptr=8 rx_empty=1 rd_en=0 rd_data=xx
# [8431500000] DBG rx_done=0 count=0 wr_ptr=8 rd_ptr=8 rx_empty=1 rd_en=0 rd_data=xx
# [8432500000] DBG rx_done=0 count=0 wr_ptr=8 rd_ptr=8 rx_empty=1 rd_en=0 rd_data=xx
# [8433500000] DBG rx_done=0 count=0 wr_ptr=8 rd_ptr=8 rx_empty=1 rd_en=0 rd_data=xx
# [8434500000] DBG rx_done=0 count=0 wr_ptr=8 rd_ptr=8 rx_empty=1 rd_en=0 rd_data=xx
# [8435500000] DBG rx_done=0 count=0 wr_ptr=8 rd_ptr=8 rx_empty=1 rd_en=0 rd_data=xx
# [8436500000] DBG rx_done=0 count=0 wr_ptr=8 rd_ptr=8 rx_empty=1 rd_en=0 rd_data=xx
# [8437500000] DBG rx_done=0 count=0 wr_ptr=8 rd_ptr=8 rx_empty=1 rd_en=0 rd_data=xx
# [8438500000] DBG rx_done=0 count=0 wr_ptr=8 rd_ptr=8 rx_empty=1 rd_en=0 rd_data=xx
# [8439500000] DBG rx_done=0 count=0 wr_ptr=8 rd_ptr=8 rx_empty=1 rd_en=0 rd_data=xx
# [8440500000] DBG rx_done=0 count=0 wr_ptr=8 rd_ptr=8 rx_empty=1 rd_en=0 rd_data=xx
# [8441500000] DBG rx_done=0 count=0 wr_ptr=8 rd_ptr=8 rx_empty=1 rd_en=0 rd_data=xx
# [8442500000] DBG rx_done=0 count=0 wr_ptr=8 rd_ptr=8 rx_empty=1 rd_en=0 rd_data=xx
# [8443500000] DBG rx_done=0 count=0 wr_ptr=8 rd_ptr=8 rx_empty=1 rd_en=0 rd_data=xx
# [8444500000] DBG rx_done=0 count=0 wr_ptr=8 rd_ptr=8 rx_empty=1 rd_en=0 rd_data=xx
# [8445500000] DBG rx_done=0 count=0 wr_ptr=8 rd_ptr=8 rx_empty=1 rd_en=0 rd_data=xx
# [8446500000] DBG rx_done=0 count=0 wr_ptr=8 rd_ptr=8 rx_empty=1 rd_en=0 rd_data=xx
# [8447500000] DBG rx_done=0 count=0 wr_ptr=8 rd_ptr=8 rx_empty=1 rd_en=0 rd_data=xx
# [8448500000] DBG rx_done=0 count=0 wr_ptr=8 rd_ptr=8 rx_empty=1 rd_en=0 rd_data=xx
# [8449500000] DBG rx_done=0 count=0 wr_ptr=8 rd_ptr=8 rx_empty=1 rd_en=0 rd_data=xx
# [8450500000] DBG rx_done=0 count=0 wr_ptr=8 rd_ptr=8 rx_empty=1 rd_en=0 rd_data=xx
# [8451500000] DBG rx_done=0 count=0 wr_ptr=8 rd_ptr=8 rx_empty=1 rd_en=0 rd_data=xx
# [8452500000] DBG rx_done=0 count=0 wr_ptr=8 rd_ptr=8 rx_empty=1 rd_en=0 rd_data=xx
# [8453500000] DBG rx_done=0 count=0 wr_ptr=8 rd_ptr=8 rx_empty=1 rd_en=0 rd_data=xx
# [8454500000] DBG rx_done=0 count=0 wr_ptr=8 rd_ptr=8 rx_empty=1 rd_en=0 rd_data=xx
# [8455500000] DBG rx_done=0 count=0 wr_ptr=8 rd_ptr=8 rx_empty=1 rd_en=0 rd_data=xx
# [8456500000] DBG rx_done=0 count=0 wr_ptr=8 rd_ptr=8 rx_empty=1 rd_en=0 rd_data=xx
# [8457500000] DBG rx_done=0 count=0 wr_ptr=8 rd_ptr=8 rx_empty=1 rd_en=0 rd_data=xx
# [8458500000] DBG rx_done=0 count=0 wr_ptr=8 rd_ptr=8 rx_empty=1 rd_en=0 rd_data=xx
# [8459500000] DBG rx_done=0 count=0 wr_ptr=8 rd_ptr=8 rx_empty=1 rd_en=0 rd_data=xx
# [8460500000] DBG rx_done=0 count=0 wr_ptr=8 rd_ptr=8 rx_empty=1 rd_en=0 rd_data=xx
# [8461500000] DBG rx_done=0 count=0 wr_ptr=8 rd_ptr=8 rx_empty=1 rd_en=0 rd_data=xx
# [8462500000] DBG rx_done=0 count=0 wr_ptr=8 rd_ptr=8 rx_empty=1 rd_en=0 rd_data=xx
# [8463500000] DBG rx_done=0 count=0 wr_ptr=8 rd_ptr=8 rx_empty=1 rd_en=0 rd_data=xx
# [8464500000] DBG rx_done=0 count=0 wr_ptr=8 rd_ptr=8 rx_empty=1 rd_en=0 rd_data=xx
# [8465500000] DBG rx_done=0 count=0 wr_ptr=8 rd_ptr=8 rx_empty=1 rd_en=0 rd_data=xx
# [8466500000] DBG rx_done=0 count=0 wr_ptr=8 rd_ptr=8 rx_empty=1 rd_en=0 rd_data=xx
# [8467500000] DBG rx_done=0 count=0 wr_ptr=8 rd_ptr=8 rx_empty=1 rd_en=0 rd_data=xx
# [8468500000] DBG rx_done=0 count=0 wr_ptr=8 rd_ptr=8 rx_empty=1 rd_en=0 rd_data=xx
# [8469500000] DBG rx_done=0 count=0 wr_ptr=8 rd_ptr=8 rx_empty=1 rd_en=0 rd_data=xx
# [8470500000] DBG rx_done=0 count=0 wr_ptr=8 rd_ptr=8 rx_empty=1 rd_en=0 rd_data=xx
# [8471500000] DBG rx_done=0 count=0 wr_ptr=8 rd_ptr=8 rx_empty=1 rd_en=0 rd_data=xx
# [8472500000] DBG rx_done=0 count=0 wr_ptr=8 rd_ptr=8 rx_empty=1 rd_en=0 rd_data=xx
# [8473500000] DBG rx_done=0 count=0 wr_ptr=8 rd_ptr=8 rx_empty=1 rd_en=0 rd_data=xx
# [8474500000] DBG rx_done=0 count=0 wr_ptr=8 rd_ptr=8 rx_empty=1 rd_en=0 rd_data=xx
# [8475500000] DBG rx_done=0 count=0 wr_ptr=8 rd_ptr=8 rx_empty=1 rd_en=0 rd_data=xx
# [8476500000] DBG rx_done=0 count=0 wr_ptr=8 rd_ptr=8 rx_empty=1 rd_en=0 rd_data=xx
# [8477500000] DBG rx_done=0 count=0 wr_ptr=8 rd_ptr=8 rx_empty=1 rd_en=0 rd_data=xx
# [8478500000] DBG rx_done=0 count=0 wr_ptr=8 rd_ptr=8 rx_empty=1 rd_en=0 rd_data=xx
# [8479500000] DBG rx_done=0 count=0 wr_ptr=8 rd_ptr=8 rx_empty=1 rd_en=0 rd_data=xx
# [8480500000] DBG rx_done=0 count=0 wr_ptr=8 rd_ptr=8 rx_empty=1 rd_en=0 rd_data=xx
# [8481500000] DBG rx_done=0 count=0 wr_ptr=8 rd_ptr=8 rx_empty=1 rd_en=0 rd_data=xx
# [8482500000] DBG rx_done=0 count=0 wr_ptr=8 rd_ptr=8 rx_empty=1 rd_en=0 rd_data=xx
# [8483500000] DBG rx_done=0 count=0 wr_ptr=8 rd_ptr=8 rx_empty=1 rd_en=0 rd_data=xx
# [8484500000] DBG rx_done=0 count=0 wr_ptr=8 rd_ptr=8 rx_empty=1 rd_en=0 rd_data=xx
# [8485500000] DBG rx_done=0 count=0 wr_ptr=8 rd_ptr=8 rx_empty=1 rd_en=0 rd_data=xx
# [8486500000] DBG rx_done=0 count=0 wr_ptr=8 rd_ptr=8 rx_empty=1 rd_en=0 rd_data=xx
# [8487500000] DBG rx_done=0 count=0 wr_ptr=8 rd_ptr=8 rx_empty=1 rd_en=0 rd_data=xx
# [8488500000] DBG rx_done=0 count=0 wr_ptr=8 rd_ptr=8 rx_empty=1 rd_en=0 rd_data=xx
# [8489500000] DBG rx_done=0 count=0 wr_ptr=8 rd_ptr=8 rx_empty=1 rd_en=0 rd_data=xx
# [8490500000] DBG rx_done=0 count=0 wr_ptr=8 rd_ptr=8 rx_empty=1 rd_en=0 rd_data=xx
# [8491500000] DBG rx_done=0 count=0 wr_ptr=8 rd_ptr=8 rx_empty=1 rd_en=0 rd_data=xx
# [8492500000] DBG rx_done=0 count=0 wr_ptr=8 rd_ptr=8 rx_empty=1 rd_en=0 rd_data=xx
# [8493500000] DBG rx_done=0 count=0 wr_ptr=8 rd_ptr=8 rx_empty=1 rd_en=0 rd_data=xx
# [8494500000] DBG rx_done=0 count=0 wr_ptr=8 rd_ptr=8 rx_empty=1 rd_en=0 rd_data=xx
# [8495500000] DBG rx_done=0 count=0 wr_ptr=8 rd_ptr=8 rx_empty=1 rd_en=0 rd_data=xx
# [8496500000] DBG rx_done=0 count=0 wr_ptr=8 rd_ptr=8 rx_empty=1 rd_en=0 rd_data=xx
# [8497500000] DBG rx_done=0 count=0 wr_ptr=8 rd_ptr=8 rx_empty=1 rd_en=0 rd_data=xx
# [8498500000] DBG rx_done=0 count=0 wr_ptr=8 rd_ptr=8 rx_empty=1 rd_en=0 rd_data=xx
# [8499500000] DBG rx_done=0 count=0 wr_ptr=8 rd_ptr=8 rx_empty=1 rd_en=0 rd_data=xx
# [8500500000] DBG rx_done=0 count=0 wr_ptr=8 rd_ptr=8 rx_empty=1 rd_en=0 rd_data=xx
# [8501500000] DBG rx_done=0 count=0 wr_ptr=8 rd_ptr=8 rx_empty=1 rd_en=0 rd_data=xx
# [8502500000] DBG rx_done=0 count=0 wr_ptr=8 rd_ptr=8 rx_empty=1 rd_en=0 rd_data=xx
# [8503500000] DBG rx_done=0 count=0 wr_ptr=8 rd_ptr=8 rx_empty=1 rd_en=0 rd_data=xx
# [8504500000] DBG rx_done=0 count=0 wr_ptr=8 rd_ptr=8 rx_empty=1 rd_en=0 rd_data=xx
# [8505500000] DBG rx_done=0 count=0 wr_ptr=8 rd_ptr=8 rx_empty=1 rd_en=0 rd_data=xx
# [8506500000] DBG rx_done=0 count=0 wr_ptr=8 rd_ptr=8 rx_empty=1 rd_en=0 rd_data=xx
# [8507500000] DBG rx_done=0 count=0 wr_ptr=8 rd_ptr=8 rx_empty=1 rd_en=0 rd_data=xx
# [8508500000] DBG rx_done=0 count=0 wr_ptr=8 rd_ptr=8 rx_empty=1 rd_en=0 rd_data=xx
# [8509500000] DBG rx_done=0 count=0 wr_ptr=8 rd_ptr=8 rx_empty=1 rd_en=0 rd_data=xx
# [8510500000] DBG rx_done=0 count=0 wr_ptr=8 rd_ptr=8 rx_empty=1 rd_en=0 rd_data=xx
# [8511500000] DBG rx_done=0 count=0 wr_ptr=8 rd_ptr=8 rx_empty=1 rd_en=0 rd_data=xx
# [8512500000] DBG rx_done=0 count=0 wr_ptr=8 rd_ptr=8 rx_empty=1 rd_en=0 rd_data=xx
# [8513500000] DBG rx_done=0 count=0 wr_ptr=8 rd_ptr=8 rx_empty=1 rd_en=0 rd_data=xx
# [8514500000] DBG rx_done=0 count=0 wr_ptr=8 rd_ptr=8 rx_empty=1 rd_en=0 rd_data=xx
# [8515500000] DBG rx_done=0 count=0 wr_ptr=8 rd_ptr=8 rx_empty=1 rd_en=0 rd_data=xx
# [8516500000] DBG rx_done=0 count=0 wr_ptr=8 rd_ptr=8 rx_empty=1 rd_en=0 rd_data=xx
# [8517500000] DBG rx_done=0 count=0 wr_ptr=8 rd_ptr=8 rx_empty=1 rd_en=0 rd_data=xx
# [8518500000] DBG rx_done=0 count=0 wr_ptr=8 rd_ptr=8 rx_empty=1 rd_en=0 rd_data=xx
# [8519500000] DBG rx_done=0 count=0 wr_ptr=8 rd_ptr=8 rx_empty=1 rd_en=0 rd_data=xx
# [8520500000] DBG rx_done=0 count=0 wr_ptr=8 rd_ptr=8 rx_empty=1 rd_en=0 rd_data=xx
# [8521500000] DBG rx_done=0 count=0 wr_ptr=8 rd_ptr=8 rx_empty=1 rd_en=0 rd_data=xx
# [8522500000] DBG rx_done=0 count=0 wr_ptr=8 rd_ptr=8 rx_empty=1 rd_en=0 rd_data=xx
# [8523500000] DBG rx_done=0 count=0 wr_ptr=8 rd_ptr=8 rx_empty=1 rd_en=0 rd_data=xx
# [8524500000] DBG rx_done=0 count=0 wr_ptr=8 rd_ptr=8 rx_empty=1 rd_en=0 rd_data=xx
# [8525500000] DBG rx_done=0 count=0 wr_ptr=8 rd_ptr=8 rx_empty=1 rd_en=0 rd_data=xx
# [8526500000] DBG rx_done=0 count=0 wr_ptr=8 rd_ptr=8 rx_empty=1 rd_en=0 rd_data=xx
# [8527500000] DBG rx_done=0 count=0 wr_ptr=8 rd_ptr=8 rx_empty=1 rd_en=0 rd_data=xx
# [8528500000] DBG rx_done=0 count=0 wr_ptr=8 rd_ptr=8 rx_empty=1 rd_en=0 rd_data=xx
# [8529500000] DBG rx_done=0 count=0 wr_ptr=8 rd_ptr=8 rx_empty=1 rd_en=0 rd_data=xx
# [8530500000] DBG rx_done=0 count=0 wr_ptr=8 rd_ptr=8 rx_empty=1 rd_en=0 rd_data=xx
# [8531500000] DBG rx_done=0 count=0 wr_ptr=8 rd_ptr=8 rx_empty=1 rd_en=0 rd_data=xx
# [8532500000] DBG rx_done=0 count=0 wr_ptr=8 rd_ptr=8 rx_empty=1 rd_en=0 rd_data=xx
# [8533500000] DBG rx_done=0 count=0 wr_ptr=8 rd_ptr=8 rx_empty=1 rd_en=0 rd_data=xx
# [8534500000] DBG rx_done=0 count=0 wr_ptr=8 rd_ptr=8 rx_empty=1 rd_en=0 rd_data=xx
# [8535500000] DBG rx_done=0 count=0 wr_ptr=8 rd_ptr=8 rx_empty=1 rd_en=0 rd_data=xx
# [8536500000] DBG rx_done=0 count=0 wr_ptr=8 rd_ptr=8 rx_empty=1 rd_en=0 rd_data=xx
# [8537500000] DBG rx_done=0 count=0 wr_ptr=8 rd_ptr=8 rx_empty=1 rd_en=0 rd_data=xx
# [8538500000] DBG rx_done=0 count=0 wr_ptr=8 rd_ptr=8 rx_empty=1 rd_en=0 rd_data=xx
# [8539500000] DBG rx_done=0 count=0 wr_ptr=8 rd_ptr=8 rx_empty=1 rd_en=0 rd_data=xx
# [8540500000] DBG rx_done=0 count=0 wr_ptr=8 rd_ptr=8 rx_empty=1 rd_en=0 rd_data=xx
# [8541500000] DBG rx_done=0 count=0 wr_ptr=8 rd_ptr=8 rx_empty=1 rd_en=0 rd_data=xx
# [8542500000] DBG rx_done=0 count=0 wr_ptr=8 rd_ptr=8 rx_empty=1 rd_en=0 rd_data=xx
# [8543500000] DBG rx_done=0 count=0 wr_ptr=8 rd_ptr=8 rx_empty=1 rd_en=0 rd_data=xx
# [8544500000] DBG rx_done=0 count=0 wr_ptr=8 rd_ptr=8 rx_empty=1 rd_en=0 rd_data=xx
# [8545500000] DBG rx_done=0 count=0 wr_ptr=8 rd_ptr=8 rx_empty=1 rd_en=0 rd_data=xx
# [8546500000] DBG rx_done=0 count=0 wr_ptr=8 rd_ptr=8 rx_empty=1 rd_en=0 rd_data=xx
# [8547500000] DBG rx_done=0 count=0 wr_ptr=8 rd_ptr=8 rx_empty=1 rd_en=0 rd_data=xx
# [8548500000] DBG rx_done=0 count=0 wr_ptr=8 rd_ptr=8 rx_empty=1 rd_en=0 rd_data=xx
# [8549500000] DBG rx_done=0 count=0 wr_ptr=8 rd_ptr=8 rx_empty=1 rd_en=0 rd_data=xx
# [8550500000] DBG rx_done=0 count=0 wr_ptr=8 rd_ptr=8 rx_empty=1 rd_en=0 rd_data=xx
# [8551500000] DBG rx_done=0 count=0 wr_ptr=8 rd_ptr=8 rx_empty=1 rd_en=0 rd_data=xx
# [8552500000] DBG rx_done=0 count=0 wr_ptr=8 rd_ptr=8 rx_empty=1 rd_en=0 rd_data=xx
# [8553500000] DBG rx_done=0 count=0 wr_ptr=8 rd_ptr=8 rx_empty=1 rd_en=0 rd_data=xx
# [8554500000] DBG rx_done=0 count=0 wr_ptr=8 rd_ptr=8 rx_empty=1 rd_en=0 rd_data=xx
# [8555500000] DBG rx_done=0 count=0 wr_ptr=8 rd_ptr=8 rx_empty=1 rd_en=0 rd_data=xx
# [8556500000] DBG rx_done=0 count=0 wr_ptr=8 rd_ptr=8 rx_empty=1 rd_en=0 rd_data=xx
# [8557500000] DBG rx_done=0 count=0 wr_ptr=8 rd_ptr=8 rx_empty=1 rd_en=0 rd_data=xx
# [8558500000] DBG rx_done=0 count=0 wr_ptr=8 rd_ptr=8 rx_empty=1 rd_en=0 rd_data=xx
# [8559500000] DBG rx_done=0 count=0 wr_ptr=8 rd_ptr=8 rx_empty=1 rd_en=0 rd_data=xx
# [8560500000] DBG rx_done=0 count=0 wr_ptr=8 rd_ptr=8 rx_empty=1 rd_en=0 rd_data=xx
# [8561500000] DBG rx_done=0 count=0 wr_ptr=8 rd_ptr=8 rx_empty=1 rd_en=0 rd_data=xx
# [8562500000] DBG rx_done=0 count=0 wr_ptr=8 rd_ptr=8 rx_empty=1 rd_en=0 rd_data=xx
# [8563500000] DBG rx_done=0 count=0 wr_ptr=8 rd_ptr=8 rx_empty=1 rd_en=0 rd_data=xx
# [8564500000] DBG rx_done=0 count=0 wr_ptr=8 rd_ptr=8 rx_empty=1 rd_en=0 rd_data=xx
# [8565500000] DBG rx_done=0 count=0 wr_ptr=8 rd_ptr=8 rx_empty=1 rd_en=0 rd_data=xx
# [8566500000] DBG rx_done=0 count=0 wr_ptr=8 rd_ptr=8 rx_empty=1 rd_en=0 rd_data=xx
# [8567500000] DBG rx_done=0 count=0 wr_ptr=8 rd_ptr=8 rx_empty=1 rd_en=0 rd_data=xx
# [8568500000] DBG rx_done=0 count=0 wr_ptr=8 rd_ptr=8 rx_empty=1 rd_en=0 rd_data=xx
# [8569500000] DBG rx_done=0 count=0 wr_ptr=8 rd_ptr=8 rx_empty=1 rd_en=0 rd_data=xx
# [8570500000] DBG rx_done=0 count=0 wr_ptr=8 rd_ptr=8 rx_empty=1 rd_en=0 rd_data=xx
# [8571500000] DBG rx_done=0 count=0 wr_ptr=8 rd_ptr=8 rx_empty=1 rd_en=0 rd_data=xx
# [8572500000] DBG rx_done=0 count=0 wr_ptr=8 rd_ptr=8 rx_empty=1 rd_en=0 rd_data=xx
# [8573500000] DBG rx_done=0 count=0 wr_ptr=8 rd_ptr=8 rx_empty=1 rd_en=0 rd_data=xx
# [8574500000] DBG rx_done=0 count=0 wr_ptr=8 rd_ptr=8 rx_empty=1 rd_en=0 rd_data=xx
# [8575500000] DBG rx_done=0 count=0 wr_ptr=8 rd_ptr=8 rx_empty=1 rd_en=0 rd_data=xx
# [8576500000] DBG rx_done=0 count=0 wr_ptr=8 rd_ptr=8 rx_empty=1 rd_en=0 rd_data=xx
# [8577500000] DBG rx_done=0 count=0 wr_ptr=8 rd_ptr=8 rx_empty=1 rd_en=0 rd_data=xx
# [8578500000] DBG rx_done=0 count=0 wr_ptr=8 rd_ptr=8 rx_empty=1 rd_en=0 rd_data=xx
# [8579500000] DBG rx_done=0 count=0 wr_ptr=8 rd_ptr=8 rx_empty=1 rd_en=0 rd_data=xx
# [8580500000] DBG rx_done=0 count=0 wr_ptr=8 rd_ptr=8 rx_empty=1 rd_en=0 rd_data=xx
# [8581500000] DBG rx_done=0 count=0 wr_ptr=8 rd_ptr=8 rx_empty=1 rd_en=0 rd_data=xx
# [8582500000] DBG rx_done=0 count=0 wr_ptr=8 rd_ptr=8 rx_empty=1 rd_en=0 rd_data=xx
# [8583500000] DBG rx_done=0 count=0 wr_ptr=8 rd_ptr=8 rx_empty=1 rd_en=0 rd_data=xx
# [8584500000] DBG rx_done=0 count=0 wr_ptr=8 rd_ptr=8 rx_empty=1 rd_en=0 rd_data=xx
# [8585500000] DBG rx_done=0 count=0 wr_ptr=8 rd_ptr=8 rx_empty=1 rd_en=0 rd_data=xx
# [8586500000] DBG rx_done=0 count=0 wr_ptr=8 rd_ptr=8 rx_empty=1 rd_en=0 rd_data=xx
# [8587500000] DBG rx_done=0 count=0 wr_ptr=8 rd_ptr=8 rx_empty=1 rd_en=0 rd_data=xx
# [8588500000] DBG rx_done=0 count=0 wr_ptr=8 rd_ptr=8 rx_empty=1 rd_en=0 rd_data=xx
# [8589500000] DBG rx_done=0 count=0 wr_ptr=8 rd_ptr=8 rx_empty=1 rd_en=0 rd_data=xx
# [8590500000] DBG rx_done=0 count=0 wr_ptr=8 rd_ptr=8 rx_empty=1 rd_en=0 rd_data=xx
# [8591500000] DBG rx_done=0 count=0 wr_ptr=8 rd_ptr=8 rx_empty=1 rd_en=0 rd_data=xx
# [8592500000] DBG rx_done=0 count=0 wr_ptr=8 rd_ptr=8 rx_empty=1 rd_en=0 rd_data=xx
# [8593500000] DBG rx_done=0 count=0 wr_ptr=8 rd_ptr=8 rx_empty=1 rd_en=0 rd_data=xx
# [8594500000] DBG rx_done=0 count=0 wr_ptr=8 rd_ptr=8 rx_empty=1 rd_en=0 rd_data=xx
# [8595500000] DBG rx_done=0 count=0 wr_ptr=8 rd_ptr=8 rx_empty=1 rd_en=0 rd_data=xx
# [8596500000] DBG rx_done=0 count=0 wr_ptr=8 rd_ptr=8 rx_empty=1 rd_en=0 rd_data=xx
# [8597500000] DBG rx_done=0 count=0 wr_ptr=8 rd_ptr=8 rx_empty=1 rd_en=0 rd_data=xx
# [8598500000] DBG rx_done=0 count=0 wr_ptr=8 rd_ptr=8 rx_empty=1 rd_en=0 rd_data=xx
# [8599500000] DBG rx_done=0 count=0 wr_ptr=8 rd_ptr=8 rx_empty=1 rd_en=0 rd_data=xx
# [8600500000] DBG rx_done=0 count=0 wr_ptr=8 rd_ptr=8 rx_empty=1 rd_en=0 rd_data=xx
# [8601500000] DBG rx_done=0 count=0 wr_ptr=8 rd_ptr=8 rx_empty=1 rd_en=0 rd_data=xx
# [8602500000] DBG rx_done=0 count=0 wr_ptr=8 rd_ptr=8 rx_empty=1 rd_en=0 rd_data=xx
# [8603500000] DBG rx_done=0 count=0 wr_ptr=8 rd_ptr=8 rx_empty=1 rd_en=0 rd_data=xx
# [8604500000] DBG rx_done=0 count=0 wr_ptr=8 rd_ptr=8 rx_empty=1 rd_en=0 rd_data=xx
# [8605500000] DBG rx_done=0 count=0 wr_ptr=8 rd_ptr=8 rx_empty=1 rd_en=0 rd_data=xx
# [8606500000] DBG rx_done=0 count=0 wr_ptr=8 rd_ptr=8 rx_empty=1 rd_en=0 rd_data=xx
# [8607500000] DBG rx_done=0 count=0 wr_ptr=8 rd_ptr=8 rx_empty=1 rd_en=0 rd_data=xx
# [8608500000] DBG rx_done=0 count=0 wr_ptr=8 rd_ptr=8 rx_empty=1 rd_en=0 rd_data=xx
# [8609500000] DBG rx_done=0 count=0 wr_ptr=8 rd_ptr=8 rx_empty=1 rd_en=0 rd_data=xx
# [8610500000] DBG rx_done=0 count=0 wr_ptr=8 rd_ptr=8 rx_empty=1 rd_en=0 rd_data=xx
# [8611500000] DBG rx_done=0 count=0 wr_ptr=8 rd_ptr=8 rx_empty=1 rd_en=0 rd_data=xx
# [8612500000] DBG rx_done=0 count=0 wr_ptr=8 rd_ptr=8 rx_empty=1 rd_en=0 rd_data=xx
# [8613500000] DBG rx_done=0 count=0 wr_ptr=8 rd_ptr=8 rx_empty=1 rd_en=0 rd_data=xx
# [8614500000] DBG rx_done=0 count=0 wr_ptr=8 rd_ptr=8 rx_empty=1 rd_en=0 rd_data=xx
# [8615500000] DBG rx_done=0 count=0 wr_ptr=8 rd_ptr=8 rx_empty=1 rd_en=0 rd_data=xx
# [8616500000] DBG rx_done=0 count=0 wr_ptr=8 rd_ptr=8 rx_empty=1 rd_en=0 rd_data=xx
# [8617500000] DBG rx_done=0 count=0 wr_ptr=8 rd_ptr=8 rx_empty=1 rd_en=0 rd_data=xx
# [8618500000] DBG rx_done=0 count=0 wr_ptr=8 rd_ptr=8 rx_empty=1 rd_en=0 rd_data=xx
# [8619500000] DBG rx_done=0 count=0 wr_ptr=8 rd_ptr=8 rx_empty=1 rd_en=0 rd_data=xx
# [8620500000] DBG rx_done=0 count=0 wr_ptr=8 rd_ptr=8 rx_empty=1 rd_en=0 rd_data=xx
# [8621500000] DBG rx_done=0 count=0 wr_ptr=8 rd_ptr=8 rx_empty=1 rd_en=0 rd_data=xx
# [8622500000] DBG rx_done=0 count=0 wr_ptr=8 rd_ptr=8 rx_empty=1 rd_en=0 rd_data=xx
# [8623500000] DBG rx_done=0 count=0 wr_ptr=8 rd_ptr=8 rx_empty=1 rd_en=0 rd_data=xx
# [8624500000] DBG rx_done=0 count=0 wr_ptr=8 rd_ptr=8 rx_empty=1 rd_en=0 rd_data=xx
# [8625500000] DBG rx_done=0 count=0 wr_ptr=8 rd_ptr=8 rx_empty=1 rd_en=0 rd_data=xx
# [8626500000] DBG rx_done=0 count=0 wr_ptr=8 rd_ptr=8 rx_empty=1 rd_en=0 rd_data=xx
# [8627500000] DBG rx_done=0 count=0 wr_ptr=8 rd_ptr=8 rx_empty=1 rd_en=0 rd_data=xx
# [8628500000] DBG rx_done=0 count=0 wr_ptr=8 rd_ptr=8 rx_empty=1 rd_en=0 rd_data=xx
# [8629500000] DBG rx_done=0 count=0 wr_ptr=8 rd_ptr=8 rx_empty=1 rd_en=0 rd_data=xx
# [8630500000] DBG rx_done=0 count=0 wr_ptr=8 rd_ptr=8 rx_empty=1 rd_en=0 rd_data=xx
# [8631500000] DBG rx_done=0 count=0 wr_ptr=8 rd_ptr=8 rx_empty=1 rd_en=0 rd_data=xx
# [8632500000] DBG rx_done=0 count=0 wr_ptr=8 rd_ptr=8 rx_empty=1 rd_en=0 rd_data=xx
# [8633500000] DBG rx_done=0 count=0 wr_ptr=8 rd_ptr=8 rx_empty=1 rd_en=0 rd_data=xx
# [8634500000] DBG rx_done=0 count=0 wr_ptr=8 rd_ptr=8 rx_empty=1 rd_en=0 rd_data=xx
# [8635500000] DBG rx_done=0 count=0 wr_ptr=8 rd_ptr=8 rx_empty=1 rd_en=0 rd_data=xx
# [8636500000] DBG rx_done=0 count=0 wr_ptr=8 rd_ptr=8 rx_empty=1 rd_en=0 rd_data=xx
# [8637500000] DBG rx_done=0 count=0 wr_ptr=8 rd_ptr=8 rx_empty=1 rd_en=0 rd_data=xx
# [8638500000] DBG rx_done=0 count=0 wr_ptr=8 rd_ptr=8 rx_empty=1 rd_en=0 rd_data=xx
# [8639500000] DBG rx_done=0 count=0 wr_ptr=8 rd_ptr=8 rx_empty=1 rd_en=0 rd_data=xx
# [8640500000] DBG rx_done=0 count=0 wr_ptr=8 rd_ptr=8 rx_empty=1 rd_en=0 rd_data=xx
# [8641500000] DBG rx_done=0 count=0 wr_ptr=8 rd_ptr=8 rx_empty=1 rd_en=0 rd_data=xx
# [8642500000] DBG rx_done=0 count=0 wr_ptr=8 rd_ptr=8 rx_empty=1 rd_en=0 rd_data=xx
# [8643500000] DBG rx_done=0 count=0 wr_ptr=8 rd_ptr=8 rx_empty=1 rd_en=0 rd_data=xx
# [8644500000] DBG rx_done=0 count=0 wr_ptr=8 rd_ptr=8 rx_empty=1 rd_en=0 rd_data=xx
# [8645500000] DBG rx_done=0 count=0 wr_ptr=8 rd_ptr=8 rx_empty=1 rd_en=0 rd_data=xx
# [8646500000] DBG rx_done=0 count=0 wr_ptr=8 rd_ptr=8 rx_empty=1 rd_en=0 rd_data=xx
# [8647500000] DBG rx_done=0 count=0 wr_ptr=8 rd_ptr=8 rx_empty=1 rd_en=0 rd_data=xx
# [8648500000] DBG rx_done=0 count=0 wr_ptr=8 rd_ptr=8 rx_empty=1 rd_en=0 rd_data=xx
# [8649500000] DBG rx_done=0 count=0 wr_ptr=8 rd_ptr=8 rx_empty=1 rd_en=0 rd_data=xx
# [8650500000] DBG rx_done=0 count=0 wr_ptr=8 rd_ptr=8 rx_empty=1 rd_en=0 rd_data=xx
# [8651500000] DBG rx_done=0 count=0 wr_ptr=8 rd_ptr=8 rx_empty=1 rd_en=0 rd_data=xx
# [8652500000] DBG rx_done=0 count=0 wr_ptr=8 rd_ptr=8 rx_empty=1 rd_en=0 rd_data=xx
# [8653500000] DBG rx_done=0 count=0 wr_ptr=8 rd_ptr=8 rx_empty=1 rd_en=0 rd_data=xx
# [8654500000] DBG rx_done=0 count=0 wr_ptr=8 rd_ptr=8 rx_empty=1 rd_en=0 rd_data=xx
# [8655500000] DBG rx_done=0 count=0 wr_ptr=8 rd_ptr=8 rx_empty=1 rd_en=0 rd_data=xx
# [8656500000] DBG rx_done=0 count=0 wr_ptr=8 rd_ptr=8 rx_empty=1 rd_en=0 rd_data=xx
# [8657500000] DBG rx_done=0 count=0 wr_ptr=8 rd_ptr=8 rx_empty=1 rd_en=0 rd_data=xx
# [8658500000] DBG rx_done=0 count=0 wr_ptr=8 rd_ptr=8 rx_empty=1 rd_en=0 rd_data=xx
# [8659500000] DBG rx_done=0 count=0 wr_ptr=8 rd_ptr=8 rx_empty=1 rd_en=0 rd_data=xx
# [8660500000] DBG rx_done=0 count=0 wr_ptr=8 rd_ptr=8 rx_empty=1 rd_en=0 rd_data=xx
# [8661500000] DBG rx_done=0 count=0 wr_ptr=8 rd_ptr=8 rx_empty=1 rd_en=0 rd_data=xx
# [8662500000] DBG rx_done=0 count=0 wr_ptr=8 rd_ptr=8 rx_empty=1 rd_en=0 rd_data=xx
# [8663500000] DBG rx_done=0 count=0 wr_ptr=8 rd_ptr=8 rx_empty=1 rd_en=0 rd_data=xx
# [8664500000] DBG rx_done=0 count=0 wr_ptr=8 rd_ptr=8 rx_empty=1 rd_en=0 rd_data=xx
# [8665500000] DBG rx_done=0 count=0 wr_ptr=8 rd_ptr=8 rx_empty=1 rd_en=0 rd_data=xx
# [8666500000] DBG rx_done=0 count=0 wr_ptr=8 rd_ptr=8 rx_empty=1 rd_en=0 rd_data=xx
# [8667500000] DBG rx_done=0 count=0 wr_ptr=8 rd_ptr=8 rx_empty=1 rd_en=0 rd_data=xx
# [8668500000] DBG rx_done=0 count=0 wr_ptr=8 rd_ptr=8 rx_empty=1 rd_en=0 rd_data=xx
# [8669500000] DBG rx_done=0 count=0 wr_ptr=8 rd_ptr=8 rx_empty=1 rd_en=0 rd_data=xx
# [8670500000] DBG rx_done=0 count=0 wr_ptr=8 rd_ptr=8 rx_empty=1 rd_en=0 rd_data=xx
# [8671500000] DBG rx_done=0 count=0 wr_ptr=8 rd_ptr=8 rx_empty=1 rd_en=0 rd_data=xx
# [8672500000] DBG rx_done=0 count=0 wr_ptr=8 rd_ptr=8 rx_empty=1 rd_en=0 rd_data=xx
# [8673500000] DBG rx_done=0 count=0 wr_ptr=8 rd_ptr=8 rx_empty=1 rd_en=0 rd_data=xx
# [8674500000] DBG rx_done=0 count=0 wr_ptr=8 rd_ptr=8 rx_empty=1 rd_en=0 rd_data=xx
# [8675500000] DBG rx_done=0 count=0 wr_ptr=8 rd_ptr=8 rx_empty=1 rd_en=0 rd_data=xx
# [8676500000] DBG rx_done=0 count=0 wr_ptr=8 rd_ptr=8 rx_empty=1 rd_en=0 rd_data=xx
# [8677500000] DBG rx_done=0 count=0 wr_ptr=8 rd_ptr=8 rx_empty=1 rd_en=0 rd_data=xx
# [8678500000] DBG rx_done=0 count=0 wr_ptr=8 rd_ptr=8 rx_empty=1 rd_en=0 rd_data=xx
# [8679500000] DBG rx_done=0 count=0 wr_ptr=8 rd_ptr=8 rx_empty=1 rd_en=0 rd_data=xx
# [8680500000] DBG rx_done=0 count=0 wr_ptr=8 rd_ptr=8 rx_empty=1 rd_en=0 rd_data=xx
# [8681500000] DBG rx_done=0 count=0 wr_ptr=8 rd_ptr=8 rx_empty=1 rd_en=0 rd_data=xx
# [8682500000] DBG rx_done=0 count=0 wr_ptr=8 rd_ptr=8 rx_empty=1 rd_en=0 rd_data=xx
# [8683500000] DBG rx_done=0 count=0 wr_ptr=8 rd_ptr=8 rx_empty=1 rd_en=0 rd_data=xx
# [8684500000] DBG rx_done=0 count=0 wr_ptr=8 rd_ptr=8 rx_empty=1 rd_en=0 rd_data=xx
# [8685500000] DBG rx_done=0 count=0 wr_ptr=8 rd_ptr=8 rx_empty=1 rd_en=0 rd_data=xx
# [8686500000] DBG rx_done=0 count=0 wr_ptr=8 rd_ptr=8 rx_empty=1 rd_en=0 rd_data=xx
# [8687500000] DBG rx_done=0 count=0 wr_ptr=8 rd_ptr=8 rx_empty=1 rd_en=0 rd_data=xx
# [8688500000] DBG rx_done=0 count=0 wr_ptr=8 rd_ptr=8 rx_empty=1 rd_en=0 rd_data=xx
# [8689500000] DBG rx_done=0 count=0 wr_ptr=8 rd_ptr=8 rx_empty=1 rd_en=0 rd_data=xx
# [8690500000] DBG rx_done=0 count=0 wr_ptr=8 rd_ptr=8 rx_empty=1 rd_en=0 rd_data=xx
# [8691500000] DBG rx_done=0 count=0 wr_ptr=8 rd_ptr=8 rx_empty=1 rd_en=0 rd_data=xx
# [8692500000] DBG rx_done=0 count=0 wr_ptr=8 rd_ptr=8 rx_empty=1 rd_en=0 rd_data=xx
# [8693500000] DBG rx_done=1 count=0 wr_ptr=8 rd_ptr=8 rx_empty=1 rd_en=0 rd_data=xx
# [8694500000] DBG rx_done=0 count=1 wr_ptr=9 rd_ptr=8 rx_empty=0 rd_en=0 rd_data=44
# [8695500000] DBG rx_done=0 count=1 wr_ptr=9 rd_ptr=8 rx_empty=0 rd_en=1 rd_data=44
# [8695500000] ERROR: popped 0x44, expected 0x4c
# [8696500000] DBG rx_done=0 count=0 wr_ptr=9 rd_ptr=9 rx_empty=1 rd_en=0 rd_data=xx
# [8697500000] DBG rx_done=0 count=0 wr_ptr=9 rd_ptr=9 rx_empty=1 rd_en=1 rd_data=xx
# [8697500000] ERROR: popped 0xxx, expected 0x4d
# [8698500000] DBG rx_done=0 count=0 wr_ptr=9 rd_ptr=9 rx_empty=1 rd_en=0 rd_data=xx
# [8699500000] DBG rx_done=0 count=0 wr_ptr=9 rd_ptr=9 rx_empty=1 rd_en=0 rd_data=xx
# [8700500000] DBG rx_done=0 count=0 wr_ptr=9 rd_ptr=9 rx_empty=1 rd_en=0 rd_data=xx
# [8701500000] DBG rx_done=0 count=0 wr_ptr=9 rd_ptr=9 rx_empty=1 rd_en=0 rd_data=xx
# [8702500000] DBG rx_done=0 count=0 wr_ptr=9 rd_ptr=9 rx_empty=1 rd_en=0 rd_data=xx
# [8703500000] DBG rx_done=0 count=0 wr_ptr=9 rd_ptr=9 rx_empty=1 rd_en=0 rd_data=xx
# [8704500000] DBG rx_done=0 count=0 wr_ptr=9 rd_ptr=9 rx_empty=1 rd_en=0 rd_data=xx
# [8705500000] DBG rx_done=0 count=0 wr_ptr=9 rd_ptr=9 rx_empty=1 rd_en=0 rd_data=xx
# [8706500000] DBG rx_done=0 count=0 wr_ptr=9 rd_ptr=9 rx_empty=1 rd_en=0 rd_data=xx
# [8707500000] DBG rx_done=0 count=0 wr_ptr=9 rd_ptr=9 rx_empty=1 rd_en=0 rd_data=xx
# [8708500000] DBG rx_done=0 count=0 wr_ptr=9 rd_ptr=9 rx_empty=1 rd_en=0 rd_data=xx
# [8709500000] DBG rx_done=0 count=0 wr_ptr=9 rd_ptr=9 rx_empty=1 rd_en=0 rd_data=xx
# [8710500000] DBG rx_done=0 count=0 wr_ptr=9 rd_ptr=9 rx_empty=1 rd_en=0 rd_data=xx
# [8711500000] DBG rx_done=0 count=0 wr_ptr=9 rd_ptr=9 rx_empty=1 rd_en=0 rd_data=xx
# [8712500000] DBG rx_done=0 count=0 wr_ptr=9 rd_ptr=9 rx_empty=1 rd_en=0 rd_data=xx
# [8713500000] DBG rx_done=0 count=0 wr_ptr=9 rd_ptr=9 rx_empty=1 rd_en=0 rd_data=xx
# [8714500000] DBG rx_done=0 count=0 wr_ptr=9 rd_ptr=9 rx_empty=1 rd_en=0 rd_data=xx
# [8715500000] DBG rx_done=0 count=0 wr_ptr=9 rd_ptr=9 rx_empty=1 rd_en=0 rd_data=xx
# [8716500000] DBG rx_done=0 count=0 wr_ptr=9 rd_ptr=9 rx_empty=1 rd_en=0 rd_data=xx
# [8717500000] DBG rx_done=0 count=0 wr_ptr=9 rd_ptr=9 rx_empty=1 rd_en=0 rd_data=xx
# [8718500000] DBG rx_done=0 count=0 wr_ptr=9 rd_ptr=9 rx_empty=1 rd_en=0 rd_data=xx
# [8719500000] DBG rx_done=0 count=0 wr_ptr=9 rd_ptr=9 rx_empty=1 rd_en=0 rd_data=xx
# [8720500000] DBG rx_done=0 count=0 wr_ptr=9 rd_ptr=9 rx_empty=1 rd_en=0 rd_data=xx
# [8721500000] DBG rx_done=0 count=0 wr_ptr=9 rd_ptr=9 rx_empty=1 rd_en=0 rd_data=xx
# [8722500000] DBG rx_done=0 count=0 wr_ptr=9 rd_ptr=9 rx_empty=1 rd_en=0 rd_data=xx
# [8723500000] DBG rx_done=0 count=0 wr_ptr=9 rd_ptr=9 rx_empty=1 rd_en=0 rd_data=xx
# [8724500000] DBG rx_done=0 count=0 wr_ptr=9 rd_ptr=9 rx_empty=1 rd_en=0 rd_data=xx
# [8725500000] DBG rx_done=0 count=0 wr_ptr=9 rd_ptr=9 rx_empty=1 rd_en=0 rd_data=xx
# [8726500000] DBG rx_done=0 count=0 wr_ptr=9 rd_ptr=9 rx_empty=1 rd_en=0 rd_data=xx
# [8727500000] DBG rx_done=0 count=0 wr_ptr=9 rd_ptr=9 rx_empty=1 rd_en=0 rd_data=xx
# [8728500000] DBG rx_done=0 count=0 wr_ptr=9 rd_ptr=9 rx_empty=1 rd_en=0 rd_data=xx
# [8729500000] DBG rx_done=0 count=0 wr_ptr=9 rd_ptr=9 rx_empty=1 rd_en=0 rd_data=xx
# [8730500000] DBG rx_done=0 count=0 wr_ptr=9 rd_ptr=9 rx_empty=1 rd_en=0 rd_data=xx
# [8731500000] DBG rx_done=0 count=0 wr_ptr=9 rd_ptr=9 rx_empty=1 rd_en=0 rd_data=xx
# [8732500000] DBG rx_done=0 count=0 wr_ptr=9 rd_ptr=9 rx_empty=1 rd_en=0 rd_data=xx
# [8733500000] DBG rx_done=0 count=0 wr_ptr=9 rd_ptr=9 rx_empty=1 rd_en=0 rd_data=xx
# [8734500000] DBG rx_done=0 count=0 wr_ptr=9 rd_ptr=9 rx_empty=1 rd_en=0 rd_data=xx
# [8735500000] DBG rx_done=0 count=0 wr_ptr=9 rd_ptr=9 rx_empty=1 rd_en=0 rd_data=xx
# [8736500000] DBG rx_done=0 count=0 wr_ptr=9 rd_ptr=9 rx_empty=1 rd_en=0 rd_data=xx
# [8737500000] DBG rx_done=0 count=0 wr_ptr=9 rd_ptr=9 rx_empty=1 rd_en=0 rd_data=xx
# [8738500000] DBG rx_done=0 count=0 wr_ptr=9 rd_ptr=9 rx_empty=1 rd_en=0 rd_data=xx
# [8739500000] DBG rx_done=0 count=0 wr_ptr=9 rd_ptr=9 rx_empty=1 rd_en=0 rd_data=xx
# [8740500000] DBG rx_done=0 count=0 wr_ptr=9 rd_ptr=9 rx_empty=1 rd_en=0 rd_data=xx
# [8741500000] DBG rx_done=0 count=0 wr_ptr=9 rd_ptr=9 rx_empty=1 rd_en=0 rd_data=xx
# [8742500000] DBG rx_done=0 count=0 wr_ptr=9 rd_ptr=9 rx_empty=1 rd_en=0 rd_data=xx
# [8743500000] DBG rx_done=0 count=0 wr_ptr=9 rd_ptr=9 rx_empty=1 rd_en=0 rd_data=xx
# [8744500000] DBG rx_done=0 count=0 wr_ptr=9 rd_ptr=9 rx_empty=1 rd_en=0 rd_data=xx
# [8745500000] DBG rx_done=0 count=0 wr_ptr=9 rd_ptr=9 rx_empty=1 rd_en=0 rd_data=xx
# [8746500000] DBG rx_done=0 count=0 wr_ptr=9 rd_ptr=9 rx_empty=1 rd_en=0 rd_data=xx
# [8747500000] DBG rx_done=0 count=0 wr_ptr=9 rd_ptr=9 rx_empty=1 rd_en=0 rd_data=xx
# [8748500000] DBG rx_done=0 count=0 wr_ptr=9 rd_ptr=9 rx_empty=1 rd_en=0 rd_data=xx
# [8749500000] DBG rx_done=0 count=0 wr_ptr=9 rd_ptr=9 rx_empty=1 rd_en=0 rd_data=xx
# [8750500000] DBG rx_done=0 count=0 wr_ptr=9 rd_ptr=9 rx_empty=1 rd_en=0 rd_data=xx
# [8751500000] DBG rx_done=0 count=0 wr_ptr=9 rd_ptr=9 rx_empty=1 rd_en=0 rd_data=xx
# [8752500000] DBG rx_done=0 count=0 wr_ptr=9 rd_ptr=9 rx_empty=1 rd_en=0 rd_data=xx
# [8753500000] DBG rx_done=0 count=0 wr_ptr=9 rd_ptr=9 rx_empty=1 rd_en=0 rd_data=xx
# [8754500000] DBG rx_done=0 count=0 wr_ptr=9 rd_ptr=9 rx_empty=1 rd_en=0 rd_data=xx
# [8755500000] DBG rx_done=0 count=0 wr_ptr=9 rd_ptr=9 rx_empty=1 rd_en=0 rd_data=xx
# [8756500000] DBG rx_done=0 count=0 wr_ptr=9 rd_ptr=9 rx_empty=1 rd_en=0 rd_data=xx
# [8757500000] DBG rx_done=0 count=0 wr_ptr=9 rd_ptr=9 rx_empty=1 rd_en=0 rd_data=xx
# [8758500000] DBG rx_done=0 count=0 wr_ptr=9 rd_ptr=9 rx_empty=1 rd_en=0 rd_data=xx
# [8759500000] DBG rx_done=0 count=0 wr_ptr=9 rd_ptr=9 rx_empty=1 rd_en=0 rd_data=xx
# [8760500000] DBG rx_done=0 count=0 wr_ptr=9 rd_ptr=9 rx_empty=1 rd_en=0 rd_data=xx
# [8761500000] DBG rx_done=0 count=0 wr_ptr=9 rd_ptr=9 rx_empty=1 rd_en=0 rd_data=xx
# [8762500000] DBG rx_done=0 count=0 wr_ptr=9 rd_ptr=9 rx_empty=1 rd_en=0 rd_data=xx
# [8763500000] DBG rx_done=0 count=0 wr_ptr=9 rd_ptr=9 rx_empty=1 rd_en=0 rd_data=xx
# [8764500000] DBG rx_done=0 count=0 wr_ptr=9 rd_ptr=9 rx_empty=1 rd_en=0 rd_data=xx
# [8765500000] DBG rx_done=0 count=0 wr_ptr=9 rd_ptr=9 rx_empty=1 rd_en=0 rd_data=xx
# [8766500000] DBG rx_done=0 count=0 wr_ptr=9 rd_ptr=9 rx_empty=1 rd_en=0 rd_data=xx
# [8767500000] DBG rx_done=0 count=0 wr_ptr=9 rd_ptr=9 rx_empty=1 rd_en=0 rd_data=xx
# [8768500000] DBG rx_done=0 count=0 wr_ptr=9 rd_ptr=9 rx_empty=1 rd_en=0 rd_data=xx
# [8769500000] DBG rx_done=0 count=0 wr_ptr=9 rd_ptr=9 rx_empty=1 rd_en=0 rd_data=xx
# [8770500000] DBG rx_done=0 count=0 wr_ptr=9 rd_ptr=9 rx_empty=1 rd_en=0 rd_data=xx
# [8771500000] DBG rx_done=0 count=0 wr_ptr=9 rd_ptr=9 rx_empty=1 rd_en=0 rd_data=xx
# [8772500000] DBG rx_done=0 count=0 wr_ptr=9 rd_ptr=9 rx_empty=1 rd_en=0 rd_data=xx
# [8773500000] DBG rx_done=0 count=0 wr_ptr=9 rd_ptr=9 rx_empty=1 rd_en=0 rd_data=xx
# [8774500000] DBG rx_done=0 count=0 wr_ptr=9 rd_ptr=9 rx_empty=1 rd_en=0 rd_data=xx
# [8775500000] DBG rx_done=0 count=0 wr_ptr=9 rd_ptr=9 rx_empty=1 rd_en=0 rd_data=xx
# [8776500000] DBG rx_done=0 count=0 wr_ptr=9 rd_ptr=9 rx_empty=1 rd_en=0 rd_data=xx
# [8777500000] DBG rx_done=0 count=0 wr_ptr=9 rd_ptr=9 rx_empty=1 rd_en=0 rd_data=xx
# [8778500000] DBG rx_done=0 count=0 wr_ptr=9 rd_ptr=9 rx_empty=1 rd_en=0 rd_data=xx
# [8779500000] DBG rx_done=0 count=0 wr_ptr=9 rd_ptr=9 rx_empty=1 rd_en=0 rd_data=xx
# [8780500000] DBG rx_done=0 count=0 wr_ptr=9 rd_ptr=9 rx_empty=1 rd_en=0 rd_data=xx
# [8781500000] DBG rx_done=0 count=0 wr_ptr=9 rd_ptr=9 rx_empty=1 rd_en=0 rd_data=xx
# [8782500000] DBG rx_done=0 count=0 wr_ptr=9 rd_ptr=9 rx_empty=1 rd_en=0 rd_data=xx
# [8783500000] DBG rx_done=0 count=0 wr_ptr=9 rd_ptr=9 rx_empty=1 rd_en=0 rd_data=xx
# [8784500000] DBG rx_done=0 count=0 wr_ptr=9 rd_ptr=9 rx_empty=1 rd_en=0 rd_data=xx
# [8785500000] DBG rx_done=0 count=0 wr_ptr=9 rd_ptr=9 rx_empty=1 rd_en=0 rd_data=xx
# [8786500000] DBG rx_done=0 count=0 wr_ptr=9 rd_ptr=9 rx_empty=1 rd_en=0 rd_data=xx
# [8787500000] DBG rx_done=0 count=0 wr_ptr=9 rd_ptr=9 rx_empty=1 rd_en=0 rd_data=xx
# [8788500000] DBG rx_done=0 count=0 wr_ptr=9 rd_ptr=9 rx_empty=1 rd_en=0 rd_data=xx
# [8789500000] DBG rx_done=0 count=0 wr_ptr=9 rd_ptr=9 rx_empty=1 rd_en=0 rd_data=xx
# [8790500000] DBG rx_done=0 count=0 wr_ptr=9 rd_ptr=9 rx_empty=1 rd_en=0 rd_data=xx
# [8791500000] DBG rx_done=0 count=0 wr_ptr=9 rd_ptr=9 rx_empty=1 rd_en=0 rd_data=xx
# [8792500000] DBG rx_done=0 count=0 wr_ptr=9 rd_ptr=9 rx_empty=1 rd_en=0 rd_data=xx
# [8793500000] DBG rx_done=0 count=0 wr_ptr=9 rd_ptr=9 rx_empty=1 rd_en=0 rd_data=xx
# [8794500000] DBG rx_done=0 count=0 wr_ptr=9 rd_ptr=9 rx_empty=1 rd_en=0 rd_data=xx
# [8795500000] DBG rx_done=0 count=0 wr_ptr=9 rd_ptr=9 rx_empty=1 rd_en=0 rd_data=xx
# [8796500000] DBG rx_done=0 count=0 wr_ptr=9 rd_ptr=9 rx_empty=1 rd_en=0 rd_data=xx
# [8797500000] DBG rx_done=0 count=0 wr_ptr=9 rd_ptr=9 rx_empty=1 rd_en=0 rd_data=xx
# [8798500000] DBG rx_done=0 count=0 wr_ptr=9 rd_ptr=9 rx_empty=1 rd_en=0 rd_data=xx
# [8799500000] DBG rx_done=0 count=0 wr_ptr=9 rd_ptr=9 rx_empty=1 rd_en=0 rd_data=xx
# [8800500000] DBG rx_done=0 count=0 wr_ptr=9 rd_ptr=9 rx_empty=1 rd_en=0 rd_data=xx
# [8801500000] DBG rx_done=0 count=0 wr_ptr=9 rd_ptr=9 rx_empty=1 rd_en=0 rd_data=xx
# [8802500000] DBG rx_done=0 count=0 wr_ptr=9 rd_ptr=9 rx_empty=1 rd_en=0 rd_data=xx
# [8803500000] DBG rx_done=0 count=0 wr_ptr=9 rd_ptr=9 rx_empty=1 rd_en=0 rd_data=xx
# [8804500000] DBG rx_done=0 count=0 wr_ptr=9 rd_ptr=9 rx_empty=1 rd_en=0 rd_data=xx
# [8805500000] DBG rx_done=0 count=0 wr_ptr=9 rd_ptr=9 rx_empty=1 rd_en=0 rd_data=xx
# [8806500000] DBG rx_done=0 count=0 wr_ptr=9 rd_ptr=9 rx_empty=1 rd_en=0 rd_data=xx
# [8807500000] DBG rx_done=0 count=0 wr_ptr=9 rd_ptr=9 rx_empty=1 rd_en=0 rd_data=xx
# [8808500000] DBG rx_done=0 count=0 wr_ptr=9 rd_ptr=9 rx_empty=1 rd_en=0 rd_data=xx
# [8809500000] DBG rx_done=0 count=0 wr_ptr=9 rd_ptr=9 rx_empty=1 rd_en=0 rd_data=xx
# [8810500000] DBG rx_done=0 count=0 wr_ptr=9 rd_ptr=9 rx_empty=1 rd_en=0 rd_data=xx
# [8811500000] DBG rx_done=0 count=0 wr_ptr=9 rd_ptr=9 rx_empty=1 rd_en=0 rd_data=xx
# [8812500000] DBG rx_done=0 count=0 wr_ptr=9 rd_ptr=9 rx_empty=1 rd_en=0 rd_data=xx
# [8813500000] DBG rx_done=0 count=0 wr_ptr=9 rd_ptr=9 rx_empty=1 rd_en=0 rd_data=xx
# [8814500000] DBG rx_done=0 count=0 wr_ptr=9 rd_ptr=9 rx_empty=1 rd_en=0 rd_data=xx
# [8815500000] DBG rx_done=0 count=0 wr_ptr=9 rd_ptr=9 rx_empty=1 rd_en=0 rd_data=xx
# [8816500000] DBG rx_done=0 count=0 wr_ptr=9 rd_ptr=9 rx_empty=1 rd_en=0 rd_data=xx
# [8817500000] DBG rx_done=0 count=0 wr_ptr=9 rd_ptr=9 rx_empty=1 rd_en=0 rd_data=xx
# [8818500000] DBG rx_done=0 count=0 wr_ptr=9 rd_ptr=9 rx_empty=1 rd_en=0 rd_data=xx
# [8819500000] DBG rx_done=0 count=0 wr_ptr=9 rd_ptr=9 rx_empty=1 rd_en=0 rd_data=xx
# [8820500000] DBG rx_done=0 count=0 wr_ptr=9 rd_ptr=9 rx_empty=1 rd_en=0 rd_data=xx
# [8821500000] DBG rx_done=0 count=0 wr_ptr=9 rd_ptr=9 rx_empty=1 rd_en=0 rd_data=xx
# [8822500000] DBG rx_done=0 count=0 wr_ptr=9 rd_ptr=9 rx_empty=1 rd_en=0 rd_data=xx
# [8823500000] DBG rx_done=0 count=0 wr_ptr=9 rd_ptr=9 rx_empty=1 rd_en=0 rd_data=xx
# [8824500000] DBG rx_done=0 count=0 wr_ptr=9 rd_ptr=9 rx_empty=1 rd_en=0 rd_data=xx
# [8825500000] DBG rx_done=0 count=0 wr_ptr=9 rd_ptr=9 rx_empty=1 rd_en=0 rd_data=xx
# [8826500000] DBG rx_done=0 count=0 wr_ptr=9 rd_ptr=9 rx_empty=1 rd_en=0 rd_data=xx
# [8827500000] DBG rx_done=0 count=0 wr_ptr=9 rd_ptr=9 rx_empty=1 rd_en=0 rd_data=xx
# [8828500000] DBG rx_done=0 count=0 wr_ptr=9 rd_ptr=9 rx_empty=1 rd_en=0 rd_data=xx
# [8829500000] DBG rx_done=0 count=0 wr_ptr=9 rd_ptr=9 rx_empty=1 rd_en=0 rd_data=xx
# [8830500000] DBG rx_done=0 count=0 wr_ptr=9 rd_ptr=9 rx_empty=1 rd_en=0 rd_data=xx
# [8831500000] DBG rx_done=0 count=0 wr_ptr=9 rd_ptr=9 rx_empty=1 rd_en=0 rd_data=xx
# [8832500000] DBG rx_done=0 count=0 wr_ptr=9 rd_ptr=9 rx_empty=1 rd_en=0 rd_data=xx
# [8833500000] DBG rx_done=0 count=0 wr_ptr=9 rd_ptr=9 rx_empty=1 rd_en=0 rd_data=xx
# [8834500000] DBG rx_done=0 count=0 wr_ptr=9 rd_ptr=9 rx_empty=1 rd_en=0 rd_data=xx
# [8835500000] DBG rx_done=0 count=0 wr_ptr=9 rd_ptr=9 rx_empty=1 rd_en=0 rd_data=xx
# [8836500000] DBG rx_done=0 count=0 wr_ptr=9 rd_ptr=9 rx_empty=1 rd_en=0 rd_data=xx
# [8837500000] DBG rx_done=0 count=0 wr_ptr=9 rd_ptr=9 rx_empty=1 rd_en=0 rd_data=xx
# [8838500000] DBG rx_done=0 count=0 wr_ptr=9 rd_ptr=9 rx_empty=1 rd_en=0 rd_data=xx
# [8839500000] DBG rx_done=0 count=0 wr_ptr=9 rd_ptr=9 rx_empty=1 rd_en=0 rd_data=xx
# [8840500000] DBG rx_done=0 count=0 wr_ptr=9 rd_ptr=9 rx_empty=1 rd_en=0 rd_data=xx
# [8841500000] DBG rx_done=0 count=0 wr_ptr=9 rd_ptr=9 rx_empty=1 rd_en=0 rd_data=xx
# [8842500000] DBG rx_done=0 count=0 wr_ptr=9 rd_ptr=9 rx_empty=1 rd_en=0 rd_data=xx
# [8843500000] DBG rx_done=0 count=0 wr_ptr=9 rd_ptr=9 rx_empty=1 rd_en=0 rd_data=xx
# [8844500000] DBG rx_done=0 count=0 wr_ptr=9 rd_ptr=9 rx_empty=1 rd_en=0 rd_data=xx
# [8845500000] DBG rx_done=0 count=0 wr_ptr=9 rd_ptr=9 rx_empty=1 rd_en=0 rd_data=xx
# [8846500000] DBG rx_done=0 count=0 wr_ptr=9 rd_ptr=9 rx_empty=1 rd_en=0 rd_data=xx
# [8847500000] DBG rx_done=0 count=0 wr_ptr=9 rd_ptr=9 rx_empty=1 rd_en=0 rd_data=xx
# [8848500000] DBG rx_done=0 count=0 wr_ptr=9 rd_ptr=9 rx_empty=1 rd_en=0 rd_data=xx
# [8849500000] DBG rx_done=0 count=0 wr_ptr=9 rd_ptr=9 rx_empty=1 rd_en=0 rd_data=xx
# [8850500000] DBG rx_done=0 count=0 wr_ptr=9 rd_ptr=9 rx_empty=1 rd_en=0 rd_data=xx
# [8851500000] DBG rx_done=0 count=0 wr_ptr=9 rd_ptr=9 rx_empty=1 rd_en=0 rd_data=xx
# [8852500000] DBG rx_done=0 count=0 wr_ptr=9 rd_ptr=9 rx_empty=1 rd_en=0 rd_data=xx
# [8853500000] DBG rx_done=0 count=0 wr_ptr=9 rd_ptr=9 rx_empty=1 rd_en=0 rd_data=xx
# [8854500000] DBG rx_done=0 count=0 wr_ptr=9 rd_ptr=9 rx_empty=1 rd_en=0 rd_data=xx
# [8855500000] DBG rx_done=0 count=0 wr_ptr=9 rd_ptr=9 rx_empty=1 rd_en=0 rd_data=xx
# [8856500000] DBG rx_done=0 count=0 wr_ptr=9 rd_ptr=9 rx_empty=1 rd_en=0 rd_data=xx
# [8857500000] DBG rx_done=0 count=0 wr_ptr=9 rd_ptr=9 rx_empty=1 rd_en=0 rd_data=xx
# [8858500000] DBG rx_done=0 count=0 wr_ptr=9 rd_ptr=9 rx_empty=1 rd_en=0 rd_data=xx
# [8859500000] DBG rx_done=0 count=0 wr_ptr=9 rd_ptr=9 rx_empty=1 rd_en=0 rd_data=xx
# [8860500000] DBG rx_done=0 count=0 wr_ptr=9 rd_ptr=9 rx_empty=1 rd_en=0 rd_data=xx
# [8861500000] DBG rx_done=0 count=0 wr_ptr=9 rd_ptr=9 rx_empty=1 rd_en=0 rd_data=xx
# [8862500000] DBG rx_done=0 count=0 wr_ptr=9 rd_ptr=9 rx_empty=1 rd_en=0 rd_data=xx
# [8863500000] DBG rx_done=0 count=0 wr_ptr=9 rd_ptr=9 rx_empty=1 rd_en=0 rd_data=xx
# [8864500000] DBG rx_done=0 count=0 wr_ptr=9 rd_ptr=9 rx_empty=1 rd_en=0 rd_data=xx
# [8865500000] DBG rx_done=0 count=0 wr_ptr=9 rd_ptr=9 rx_empty=1 rd_en=0 rd_data=xx
# [8866500000] DBG rx_done=0 count=0 wr_ptr=9 rd_ptr=9 rx_empty=1 rd_en=0 rd_data=xx
# [8867500000] DBG rx_done=0 count=0 wr_ptr=9 rd_ptr=9 rx_empty=1 rd_en=0 rd_data=xx
# [8868500000] DBG rx_done=0 count=0 wr_ptr=9 rd_ptr=9 rx_empty=1 rd_en=0 rd_data=xx
# [8869500000] DBG rx_done=0 count=0 wr_ptr=9 rd_ptr=9 rx_empty=1 rd_en=0 rd_data=xx
# [8870500000] DBG rx_done=0 count=0 wr_ptr=9 rd_ptr=9 rx_empty=1 rd_en=0 rd_data=xx
# [8871500000] DBG rx_done=0 count=0 wr_ptr=9 rd_ptr=9 rx_empty=1 rd_en=0 rd_data=xx
# [8872500000] DBG rx_done=0 count=0 wr_ptr=9 rd_ptr=9 rx_empty=1 rd_en=0 rd_data=xx
# [8873500000] DBG rx_done=0 count=0 wr_ptr=9 rd_ptr=9 rx_empty=1 rd_en=0 rd_data=xx
# [8874500000] DBG rx_done=0 count=0 wr_ptr=9 rd_ptr=9 rx_empty=1 rd_en=0 rd_data=xx
# [8875500000] DBG rx_done=0 count=0 wr_ptr=9 rd_ptr=9 rx_empty=1 rd_en=0 rd_data=xx
# [8876500000] DBG rx_done=0 count=0 wr_ptr=9 rd_ptr=9 rx_empty=1 rd_en=0 rd_data=xx
# [8877500000] DBG rx_done=0 count=0 wr_ptr=9 rd_ptr=9 rx_empty=1 rd_en=0 rd_data=xx
# [8878500000] DBG rx_done=0 count=0 wr_ptr=9 rd_ptr=9 rx_empty=1 rd_en=0 rd_data=xx
# [8879500000] DBG rx_done=0 count=0 wr_ptr=9 rd_ptr=9 rx_empty=1 rd_en=0 rd_data=xx
# [8880500000] DBG rx_done=0 count=0 wr_ptr=9 rd_ptr=9 rx_empty=1 rd_en=0 rd_data=xx
# [8881500000] DBG rx_done=0 count=0 wr_ptr=9 rd_ptr=9 rx_empty=1 rd_en=0 rd_data=xx
# [8882500000] DBG rx_done=0 count=0 wr_ptr=9 rd_ptr=9 rx_empty=1 rd_en=0 rd_data=xx
# [8883500000] DBG rx_done=0 count=0 wr_ptr=9 rd_ptr=9 rx_empty=1 rd_en=0 rd_data=xx
# [8884500000] DBG rx_done=0 count=0 wr_ptr=9 rd_ptr=9 rx_empty=1 rd_en=0 rd_data=xx
# [8885500000] DBG rx_done=0 count=0 wr_ptr=9 rd_ptr=9 rx_empty=1 rd_en=0 rd_data=xx
# [8886500000] DBG rx_done=0 count=0 wr_ptr=9 rd_ptr=9 rx_empty=1 rd_en=0 rd_data=xx
# [8887500000] DBG rx_done=0 count=0 wr_ptr=9 rd_ptr=9 rx_empty=1 rd_en=0 rd_data=xx
# [8888500000] DBG rx_done=0 count=0 wr_ptr=9 rd_ptr=9 rx_empty=1 rd_en=0 rd_data=xx
# [8889500000] DBG rx_done=0 count=0 wr_ptr=9 rd_ptr=9 rx_empty=1 rd_en=0 rd_data=xx
# [8890500000] DBG rx_done=0 count=0 wr_ptr=9 rd_ptr=9 rx_empty=1 rd_en=0 rd_data=xx
# [8891500000] DBG rx_done=0 count=0 wr_ptr=9 rd_ptr=9 rx_empty=1 rd_en=0 rd_data=xx
# [8892500000] DBG rx_done=0 count=0 wr_ptr=9 rd_ptr=9 rx_empty=1 rd_en=0 rd_data=xx
# [8893500000] DBG rx_done=0 count=0 wr_ptr=9 rd_ptr=9 rx_empty=1 rd_en=0 rd_data=xx
# [8894500000] DBG rx_done=0 count=0 wr_ptr=9 rd_ptr=9 rx_empty=1 rd_en=0 rd_data=xx
# [8895500000] DBG rx_done=0 count=0 wr_ptr=9 rd_ptr=9 rx_empty=1 rd_en=0 rd_data=xx
# [8896500000] DBG rx_done=0 count=0 wr_ptr=9 rd_ptr=9 rx_empty=1 rd_en=0 rd_data=xx
# [8897500000] DBG rx_done=0 count=0 wr_ptr=9 rd_ptr=9 rx_empty=1 rd_en=0 rd_data=xx
# [8898500000] DBG rx_done=0 count=0 wr_ptr=9 rd_ptr=9 rx_empty=1 rd_en=0 rd_data=xx
# [8899500000] DBG rx_done=0 count=0 wr_ptr=9 rd_ptr=9 rx_empty=1 rd_en=0 rd_data=xx
# [8900500000] DBG rx_done=0 count=0 wr_ptr=9 rd_ptr=9 rx_empty=1 rd_en=0 rd_data=xx
# [8901500000] DBG rx_done=0 count=0 wr_ptr=9 rd_ptr=9 rx_empty=1 rd_en=0 rd_data=xx
# [8902500000] DBG rx_done=0 count=0 wr_ptr=9 rd_ptr=9 rx_empty=1 rd_en=0 rd_data=xx
# [8903500000] DBG rx_done=0 count=0 wr_ptr=9 rd_ptr=9 rx_empty=1 rd_en=0 rd_data=xx
# [8904500000] DBG rx_done=0 count=0 wr_ptr=9 rd_ptr=9 rx_empty=1 rd_en=0 rd_data=xx
# [8905500000] DBG rx_done=0 count=0 wr_ptr=9 rd_ptr=9 rx_empty=1 rd_en=0 rd_data=xx
# [8906500000] DBG rx_done=0 count=0 wr_ptr=9 rd_ptr=9 rx_empty=1 rd_en=0 rd_data=xx
# [8907500000] DBG rx_done=0 count=0 wr_ptr=9 rd_ptr=9 rx_empty=1 rd_en=0 rd_data=xx
# [8908500000] DBG rx_done=0 count=0 wr_ptr=9 rd_ptr=9 rx_empty=1 rd_en=0 rd_data=xx
# [8909500000] DBG rx_done=0 count=0 wr_ptr=9 rd_ptr=9 rx_empty=1 rd_en=0 rd_data=xx
# [8910500000] DBG rx_done=0 count=0 wr_ptr=9 rd_ptr=9 rx_empty=1 rd_en=0 rd_data=xx
# [8911500000] DBG rx_done=0 count=0 wr_ptr=9 rd_ptr=9 rx_empty=1 rd_en=0 rd_data=xx
# [8912500000] DBG rx_done=0 count=0 wr_ptr=9 rd_ptr=9 rx_empty=1 rd_en=0 rd_data=xx
# [8913500000] DBG rx_done=0 count=0 wr_ptr=9 rd_ptr=9 rx_empty=1 rd_en=0 rd_data=xx
# [8914500000] DBG rx_done=0 count=0 wr_ptr=9 rd_ptr=9 rx_empty=1 rd_en=0 rd_data=xx
# [8915500000] DBG rx_done=0 count=0 wr_ptr=9 rd_ptr=9 rx_empty=1 rd_en=0 rd_data=xx
# [8916500000] DBG rx_done=0 count=0 wr_ptr=9 rd_ptr=9 rx_empty=1 rd_en=0 rd_data=xx
# [8917500000] DBG rx_done=0 count=0 wr_ptr=9 rd_ptr=9 rx_empty=1 rd_en=0 rd_data=xx
# [8918500000] DBG rx_done=0 count=0 wr_ptr=9 rd_ptr=9 rx_empty=1 rd_en=0 rd_data=xx
# [8919500000] DBG rx_done=0 count=0 wr_ptr=9 rd_ptr=9 rx_empty=1 rd_en=0 rd_data=xx
# [8920500000] DBG rx_done=0 count=0 wr_ptr=9 rd_ptr=9 rx_empty=1 rd_en=0 rd_data=xx
# [8921500000] DBG rx_done=0 count=0 wr_ptr=9 rd_ptr=9 rx_empty=1 rd_en=0 rd_data=xx
# [8922500000] DBG rx_done=0 count=0 wr_ptr=9 rd_ptr=9 rx_empty=1 rd_en=0 rd_data=xx
# [8923500000] DBG rx_done=0 count=0 wr_ptr=9 rd_ptr=9 rx_empty=1 rd_en=0 rd_data=xx
# [8924500000] DBG rx_done=0 count=0 wr_ptr=9 rd_ptr=9 rx_empty=1 rd_en=0 rd_data=xx
# [8925500000] DBG rx_done=0 count=0 wr_ptr=9 rd_ptr=9 rx_empty=1 rd_en=0 rd_data=xx
# [8926500000] DBG rx_done=0 count=0 wr_ptr=9 rd_ptr=9 rx_empty=1 rd_en=0 rd_data=xx
# [8927500000] DBG rx_done=0 count=0 wr_ptr=9 rd_ptr=9 rx_empty=1 rd_en=0 rd_data=xx
# [8928500000] DBG rx_done=0 count=0 wr_ptr=9 rd_ptr=9 rx_empty=1 rd_en=0 rd_data=xx
# [8929500000] DBG rx_done=0 count=0 wr_ptr=9 rd_ptr=9 rx_empty=1 rd_en=0 rd_data=xx
# [8930500000] DBG rx_done=0 count=0 wr_ptr=9 rd_ptr=9 rx_empty=1 rd_en=0 rd_data=xx
# [8931500000] DBG rx_done=0 count=0 wr_ptr=9 rd_ptr=9 rx_empty=1 rd_en=0 rd_data=xx
# [8932500000] DBG rx_done=0 count=0 wr_ptr=9 rd_ptr=9 rx_empty=1 rd_en=0 rd_data=xx
# [8933500000] DBG rx_done=0 count=0 wr_ptr=9 rd_ptr=9 rx_empty=1 rd_en=0 rd_data=xx
# [8934500000] DBG rx_done=0 count=0 wr_ptr=9 rd_ptr=9 rx_empty=1 rd_en=0 rd_data=xx
# [8935500000] DBG rx_done=0 count=0 wr_ptr=9 rd_ptr=9 rx_empty=1 rd_en=0 rd_data=xx
# [8936500000] DBG rx_done=0 count=0 wr_ptr=9 rd_ptr=9 rx_empty=1 rd_en=0 rd_data=xx
# [8937500000] DBG rx_done=0 count=0 wr_ptr=9 rd_ptr=9 rx_empty=1 rd_en=0 rd_data=xx
# [8938500000] DBG rx_done=0 count=0 wr_ptr=9 rd_ptr=9 rx_empty=1 rd_en=0 rd_data=xx
# [8939500000] DBG rx_done=0 count=0 wr_ptr=9 rd_ptr=9 rx_empty=1 rd_en=0 rd_data=xx
# [8940500000] DBG rx_done=0 count=0 wr_ptr=9 rd_ptr=9 rx_empty=1 rd_en=0 rd_data=xx
# [8941500000] DBG rx_done=0 count=0 wr_ptr=9 rd_ptr=9 rx_empty=1 rd_en=0 rd_data=xx
# [8942500000] DBG rx_done=0 count=0 wr_ptr=9 rd_ptr=9 rx_empty=1 rd_en=0 rd_data=xx
# [8943500000] DBG rx_done=0 count=0 wr_ptr=9 rd_ptr=9 rx_empty=1 rd_en=0 rd_data=xx
# [8944500000] DBG rx_done=0 count=0 wr_ptr=9 rd_ptr=9 rx_empty=1 rd_en=0 rd_data=xx
# [8945500000] DBG rx_done=0 count=0 wr_ptr=9 rd_ptr=9 rx_empty=1 rd_en=0 rd_data=xx
# [8946500000] DBG rx_done=0 count=0 wr_ptr=9 rd_ptr=9 rx_empty=1 rd_en=0 rd_data=xx
# [8947500000] DBG rx_done=0 count=0 wr_ptr=9 rd_ptr=9 rx_empty=1 rd_en=0 rd_data=xx
# [8948500000] DBG rx_done=0 count=0 wr_ptr=9 rd_ptr=9 rx_empty=1 rd_en=0 rd_data=xx
# [8949500000] DBG rx_done=0 count=0 wr_ptr=9 rd_ptr=9 rx_empty=1 rd_en=0 rd_data=xx
# [8950500000] DBG rx_done=0 count=0 wr_ptr=9 rd_ptr=9 rx_empty=1 rd_en=0 rd_data=xx
# [8951500000] DBG rx_done=0 count=0 wr_ptr=9 rd_ptr=9 rx_empty=1 rd_en=0 rd_data=xx
# [8952500000] DBG rx_done=0 count=0 wr_ptr=9 rd_ptr=9 rx_empty=1 rd_en=0 rd_data=xx
# [8953500000] DBG rx_done=0 count=0 wr_ptr=9 rd_ptr=9 rx_empty=1 rd_en=0 rd_data=xx
# [8954500000] DBG rx_done=0 count=0 wr_ptr=9 rd_ptr=9 rx_empty=1 rd_en=0 rd_data=xx
# [8955500000] DBG rx_done=0 count=0 wr_ptr=9 rd_ptr=9 rx_empty=1 rd_en=0 rd_data=xx
# [8956500000] DBG rx_done=0 count=0 wr_ptr=9 rd_ptr=9 rx_empty=1 rd_en=0 rd_data=xx
# [8957500000] DBG rx_done=0 count=0 wr_ptr=9 rd_ptr=9 rx_empty=1 rd_en=0 rd_data=xx
# [8958500000] DBG rx_done=0 count=0 wr_ptr=9 rd_ptr=9 rx_empty=1 rd_en=0 rd_data=xx
# [8959500000] DBG rx_done=0 count=0 wr_ptr=9 rd_ptr=9 rx_empty=1 rd_en=0 rd_data=xx
# [8960500000] DBG rx_done=0 count=0 wr_ptr=9 rd_ptr=9 rx_empty=1 rd_en=0 rd_data=xx
# [8961500000] DBG rx_done=0 count=0 wr_ptr=9 rd_ptr=9 rx_empty=1 rd_en=0 rd_data=xx
# [8962500000] DBG rx_done=0 count=0 wr_ptr=9 rd_ptr=9 rx_empty=1 rd_en=0 rd_data=xx
# [8963500000] DBG rx_done=0 count=0 wr_ptr=9 rd_ptr=9 rx_empty=1 rd_en=0 rd_data=xx
# [8964500000] DBG rx_done=0 count=0 wr_ptr=9 rd_ptr=9 rx_empty=1 rd_en=0 rd_data=xx
# [8965500000] DBG rx_done=0 count=0 wr_ptr=9 rd_ptr=9 rx_empty=1 rd_en=0 rd_data=xx
# [8966500000] DBG rx_done=0 count=0 wr_ptr=9 rd_ptr=9 rx_empty=1 rd_en=0 rd_data=xx
# [8967500000] DBG rx_done=0 count=0 wr_ptr=9 rd_ptr=9 rx_empty=1 rd_en=0 rd_data=xx
# [8968500000] DBG rx_done=0 count=0 wr_ptr=9 rd_ptr=9 rx_empty=1 rd_en=0 rd_data=xx
# [8969500000] DBG rx_done=0 count=0 wr_ptr=9 rd_ptr=9 rx_empty=1 rd_en=0 rd_data=xx
# [8970500000] DBG rx_done=0 count=0 wr_ptr=9 rd_ptr=9 rx_empty=1 rd_en=0 rd_data=xx
# [8971500000] DBG rx_done=0 count=0 wr_ptr=9 rd_ptr=9 rx_empty=1 rd_en=0 rd_data=xx
# [8972500000] DBG rx_done=0 count=0 wr_ptr=9 rd_ptr=9 rx_empty=1 rd_en=0 rd_data=xx
# [8973500000] DBG rx_done=0 count=0 wr_ptr=9 rd_ptr=9 rx_empty=1 rd_en=0 rd_data=xx
# [8974500000] DBG rx_done=0 count=0 wr_ptr=9 rd_ptr=9 rx_empty=1 rd_en=0 rd_data=xx
# [8975500000] DBG rx_done=0 count=0 wr_ptr=9 rd_ptr=9 rx_empty=1 rd_en=0 rd_data=xx
# [8976500000] DBG rx_done=0 count=0 wr_ptr=9 rd_ptr=9 rx_empty=1 rd_en=0 rd_data=xx
# [8977500000] DBG rx_done=0 count=0 wr_ptr=9 rd_ptr=9 rx_empty=1 rd_en=0 rd_data=xx
# [8978500000] DBG rx_done=0 count=0 wr_ptr=9 rd_ptr=9 rx_empty=1 rd_en=0 rd_data=xx
# [8979500000] DBG rx_done=0 count=0 wr_ptr=9 rd_ptr=9 rx_empty=1 rd_en=0 rd_data=xx
# [8980500000] DBG rx_done=0 count=0 wr_ptr=9 rd_ptr=9 rx_empty=1 rd_en=0 rd_data=xx
# [8981500000] DBG rx_done=0 count=0 wr_ptr=9 rd_ptr=9 rx_empty=1 rd_en=0 rd_data=xx
# [8982500000] DBG rx_done=0 count=0 wr_ptr=9 rd_ptr=9 rx_empty=1 rd_en=0 rd_data=xx
# [8983500000] DBG rx_done=0 count=0 wr_ptr=9 rd_ptr=9 rx_empty=1 rd_en=0 rd_data=xx
# [8984500000] DBG rx_done=0 count=0 wr_ptr=9 rd_ptr=9 rx_empty=1 rd_en=0 rd_data=xx
# [8985500000] DBG rx_done=0 count=0 wr_ptr=9 rd_ptr=9 rx_empty=1 rd_en=0 rd_data=xx
# [8986500000] DBG rx_done=0 count=0 wr_ptr=9 rd_ptr=9 rx_empty=1 rd_en=0 rd_data=xx
# [8987500000] DBG rx_done=0 count=0 wr_ptr=9 rd_ptr=9 rx_empty=1 rd_en=0 rd_data=xx
# [8988500000] DBG rx_done=0 count=0 wr_ptr=9 rd_ptr=9 rx_empty=1 rd_en=0 rd_data=xx
# [8989500000] DBG rx_done=0 count=0 wr_ptr=9 rd_ptr=9 rx_empty=1 rd_en=0 rd_data=xx
# [8990500000] DBG rx_done=0 count=0 wr_ptr=9 rd_ptr=9 rx_empty=1 rd_en=0 rd_data=xx
# [8991500000] DBG rx_done=0 count=0 wr_ptr=9 rd_ptr=9 rx_empty=1 rd_en=0 rd_data=xx
# [8992500000] DBG rx_done=0 count=0 wr_ptr=9 rd_ptr=9 rx_empty=1 rd_en=0 rd_data=xx
# [8993500000] DBG rx_done=0 count=0 wr_ptr=9 rd_ptr=9 rx_empty=1 rd_en=0 rd_data=xx
# [8994500000] DBG rx_done=0 count=0 wr_ptr=9 rd_ptr=9 rx_empty=1 rd_en=0 rd_data=xx
# [8995500000] DBG rx_done=0 count=0 wr_ptr=9 rd_ptr=9 rx_empty=1 rd_en=0 rd_data=xx
# [8996500000] DBG rx_done=0 count=0 wr_ptr=9 rd_ptr=9 rx_empty=1 rd_en=0 rd_data=xx
# [8997500000] DBG rx_done=0 count=0 wr_ptr=9 rd_ptr=9 rx_empty=1 rd_en=0 rd_data=xx
# [8998500000] DBG rx_done=0 count=0 wr_ptr=9 rd_ptr=9 rx_empty=1 rd_en=0 rd_data=xx
# [8999500000] DBG rx_done=0 count=0 wr_ptr=9 rd_ptr=9 rx_empty=1 rd_en=0 rd_data=xx
# [9000500000] DBG rx_done=0 count=0 wr_ptr=9 rd_ptr=9 rx_empty=1 rd_en=0 rd_data=xx
# [9001500000] DBG rx_done=0 count=0 wr_ptr=9 rd_ptr=9 rx_empty=1 rd_en=0 rd_data=xx
# [9002500000] DBG rx_done=0 count=0 wr_ptr=9 rd_ptr=9 rx_empty=1 rd_en=0 rd_data=xx
# [9003500000] DBG rx_done=0 count=0 wr_ptr=9 rd_ptr=9 rx_empty=1 rd_en=0 rd_data=xx
# [9004500000] DBG rx_done=0 count=0 wr_ptr=9 rd_ptr=9 rx_empty=1 rd_en=0 rd_data=xx
# [9005500000] DBG rx_done=0 count=0 wr_ptr=9 rd_ptr=9 rx_empty=1 rd_en=0 rd_data=xx
# [9006500000] DBG rx_done=0 count=0 wr_ptr=9 rd_ptr=9 rx_empty=1 rd_en=0 rd_data=xx
# [9007500000] DBG rx_done=0 count=0 wr_ptr=9 rd_ptr=9 rx_empty=1 rd_en=0 rd_data=xx
# [9008500000] DBG rx_done=0 count=0 wr_ptr=9 rd_ptr=9 rx_empty=1 rd_en=0 rd_data=xx
# [9009500000] DBG rx_done=0 count=0 wr_ptr=9 rd_ptr=9 rx_empty=1 rd_en=0 rd_data=xx
# [9010500000] DBG rx_done=0 count=0 wr_ptr=9 rd_ptr=9 rx_empty=1 rd_en=0 rd_data=xx
# [9011500000] DBG rx_done=0 count=0 wr_ptr=9 rd_ptr=9 rx_empty=1 rd_en=0 rd_data=xx
# [9012500000] DBG rx_done=0 count=0 wr_ptr=9 rd_ptr=9 rx_empty=1 rd_en=0 rd_data=xx
# [9013500000] DBG rx_done=0 count=0 wr_ptr=9 rd_ptr=9 rx_empty=1 rd_en=0 rd_data=xx
# [9014500000] DBG rx_done=0 count=0 wr_ptr=9 rd_ptr=9 rx_empty=1 rd_en=0 rd_data=xx
# [9015500000] DBG rx_done=0 count=0 wr_ptr=9 rd_ptr=9 rx_empty=1 rd_en=0 rd_data=xx
# [9016500000] DBG rx_done=0 count=0 wr_ptr=9 rd_ptr=9 rx_empty=1 rd_en=0 rd_data=xx
# [9017500000] DBG rx_done=0 count=0 wr_ptr=9 rd_ptr=9 rx_empty=1 rd_en=0 rd_data=xx
# [9018500000] DBG rx_done=0 count=0 wr_ptr=9 rd_ptr=9 rx_empty=1 rd_en=0 rd_data=xx
# [9019500000] DBG rx_done=0 count=0 wr_ptr=9 rd_ptr=9 rx_empty=1 rd_en=0 rd_data=xx
# [9020500000] DBG rx_done=0 count=0 wr_ptr=9 rd_ptr=9 rx_empty=1 rd_en=0 rd_data=xx
# [9021500000] DBG rx_done=0 count=0 wr_ptr=9 rd_ptr=9 rx_empty=1 rd_en=0 rd_data=xx
# [9022500000] DBG rx_done=0 count=0 wr_ptr=9 rd_ptr=9 rx_empty=1 rd_en=0 rd_data=xx
# [9023500000] DBG rx_done=0 count=0 wr_ptr=9 rd_ptr=9 rx_empty=1 rd_en=0 rd_data=xx
# [9024500000] DBG rx_done=0 count=0 wr_ptr=9 rd_ptr=9 rx_empty=1 rd_en=0 rd_data=xx
# [9025500000] DBG rx_done=0 count=0 wr_ptr=9 rd_ptr=9 rx_empty=1 rd_en=0 rd_data=xx
# [9026500000] DBG rx_done=0 count=0 wr_ptr=9 rd_ptr=9 rx_empty=1 rd_en=0 rd_data=xx
# [9027500000] DBG rx_done=0 count=0 wr_ptr=9 rd_ptr=9 rx_empty=1 rd_en=0 rd_data=xx
# [9028500000] DBG rx_done=0 count=0 wr_ptr=9 rd_ptr=9 rx_empty=1 rd_en=0 rd_data=xx
# [9029500000] DBG rx_done=0 count=0 wr_ptr=9 rd_ptr=9 rx_empty=1 rd_en=0 rd_data=xx
# [9030500000] DBG rx_done=0 count=0 wr_ptr=9 rd_ptr=9 rx_empty=1 rd_en=0 rd_data=xx
# [9031500000] DBG rx_done=0 count=0 wr_ptr=9 rd_ptr=9 rx_empty=1 rd_en=0 rd_data=xx
# [9032500000] DBG rx_done=0 count=0 wr_ptr=9 rd_ptr=9 rx_empty=1 rd_en=0 rd_data=xx
# [9033500000] DBG rx_done=0 count=0 wr_ptr=9 rd_ptr=9 rx_empty=1 rd_en=0 rd_data=xx
# [9034500000] DBG rx_done=0 count=0 wr_ptr=9 rd_ptr=9 rx_empty=1 rd_en=0 rd_data=xx
# [9035500000] DBG rx_done=0 count=0 wr_ptr=9 rd_ptr=9 rx_empty=1 rd_en=0 rd_data=xx
# [9036500000] DBG rx_done=0 count=0 wr_ptr=9 rd_ptr=9 rx_empty=1 rd_en=0 rd_data=xx
# [9037500000] DBG rx_done=0 count=0 wr_ptr=9 rd_ptr=9 rx_empty=1 rd_en=0 rd_data=xx
# [9038500000] DBG rx_done=0 count=0 wr_ptr=9 rd_ptr=9 rx_empty=1 rd_en=0 rd_data=xx
# [9039500000] DBG rx_done=0 count=0 wr_ptr=9 rd_ptr=9 rx_empty=1 rd_en=0 rd_data=xx
# [9040500000] DBG rx_done=0 count=0 wr_ptr=9 rd_ptr=9 rx_empty=1 rd_en=0 rd_data=xx
# [9041500000] DBG rx_done=0 count=0 wr_ptr=9 rd_ptr=9 rx_empty=1 rd_en=0 rd_data=xx
# [9042500000] DBG rx_done=0 count=0 wr_ptr=9 rd_ptr=9 rx_empty=1 rd_en=0 rd_data=xx
# [9043500000] DBG rx_done=0 count=0 wr_ptr=9 rd_ptr=9 rx_empty=1 rd_en=0 rd_data=xx
# [9044500000] DBG rx_done=0 count=0 wr_ptr=9 rd_ptr=9 rx_empty=1 rd_en=0 rd_data=xx
# [9045500000] DBG rx_done=0 count=0 wr_ptr=9 rd_ptr=9 rx_empty=1 rd_en=0 rd_data=xx
# [9046500000] DBG rx_done=0 count=0 wr_ptr=9 rd_ptr=9 rx_empty=1 rd_en=0 rd_data=xx
# [9047500000] DBG rx_done=0 count=0 wr_ptr=9 rd_ptr=9 rx_empty=1 rd_en=0 rd_data=xx
# [9048500000] DBG rx_done=0 count=0 wr_ptr=9 rd_ptr=9 rx_empty=1 rd_en=0 rd_data=xx
# [9049500000] DBG rx_done=0 count=0 wr_ptr=9 rd_ptr=9 rx_empty=1 rd_en=0 rd_data=xx
# [9050500000] DBG rx_done=0 count=0 wr_ptr=9 rd_ptr=9 rx_empty=1 rd_en=0 rd_data=xx
# [9051500000] DBG rx_done=0 count=0 wr_ptr=9 rd_ptr=9 rx_empty=1 rd_en=0 rd_data=xx
# [9052500000] DBG rx_done=0 count=0 wr_ptr=9 rd_ptr=9 rx_empty=1 rd_en=0 rd_data=xx
# [9053500000] DBG rx_done=0 count=0 wr_ptr=9 rd_ptr=9 rx_empty=1 rd_en=0 rd_data=xx
# [9054500000] DBG rx_done=0 count=0 wr_ptr=9 rd_ptr=9 rx_empty=1 rd_en=0 rd_data=xx
# [9055500000] DBG rx_done=0 count=0 wr_ptr=9 rd_ptr=9 rx_empty=1 rd_en=0 rd_data=xx
# [9056500000] DBG rx_done=0 count=0 wr_ptr=9 rd_ptr=9 rx_empty=1 rd_en=0 rd_data=xx
# [9057500000] DBG rx_done=0 count=0 wr_ptr=9 rd_ptr=9 rx_empty=1 rd_en=0 rd_data=xx
# [9058500000] DBG rx_done=0 count=0 wr_ptr=9 rd_ptr=9 rx_empty=1 rd_en=0 rd_data=xx
# [9059500000] DBG rx_done=0 count=0 wr_ptr=9 rd_ptr=9 rx_empty=1 rd_en=0 rd_data=xx
# [9060500000] DBG rx_done=0 count=0 wr_ptr=9 rd_ptr=9 rx_empty=1 rd_en=0 rd_data=xx
# [9061500000] DBG rx_done=0 count=0 wr_ptr=9 rd_ptr=9 rx_empty=1 rd_en=0 rd_data=xx
# [9062500000] DBG rx_done=0 count=0 wr_ptr=9 rd_ptr=9 rx_empty=1 rd_en=0 rd_data=xx
# [9063500000] DBG rx_done=0 count=0 wr_ptr=9 rd_ptr=9 rx_empty=1 rd_en=0 rd_data=xx
# [9064500000] DBG rx_done=0 count=0 wr_ptr=9 rd_ptr=9 rx_empty=1 rd_en=0 rd_data=xx
# [9065500000] DBG rx_done=0 count=0 wr_ptr=9 rd_ptr=9 rx_empty=1 rd_en=0 rd_data=xx
# [9066500000] DBG rx_done=0 count=0 wr_ptr=9 rd_ptr=9 rx_empty=1 rd_en=0 rd_data=xx
# [9067500000] DBG rx_done=0 count=0 wr_ptr=9 rd_ptr=9 rx_empty=1 rd_en=0 rd_data=xx
# [9068500000] DBG rx_done=0 count=0 wr_ptr=9 rd_ptr=9 rx_empty=1 rd_en=0 rd_data=xx
# [9069500000] DBG rx_done=0 count=0 wr_ptr=9 rd_ptr=9 rx_empty=1 rd_en=0 rd_data=xx
# [9070500000] DBG rx_done=0 count=0 wr_ptr=9 rd_ptr=9 rx_empty=1 rd_en=0 rd_data=xx
# [9071500000] DBG rx_done=0 count=0 wr_ptr=9 rd_ptr=9 rx_empty=1 rd_en=0 rd_data=xx
# [9072500000] DBG rx_done=0 count=0 wr_ptr=9 rd_ptr=9 rx_empty=1 rd_en=0 rd_data=xx
# [9073500000] DBG rx_done=0 count=0 wr_ptr=9 rd_ptr=9 rx_empty=1 rd_en=0 rd_data=xx
# [9074500000] DBG rx_done=0 count=0 wr_ptr=9 rd_ptr=9 rx_empty=1 rd_en=0 rd_data=xx
# [9075500000] DBG rx_done=0 count=0 wr_ptr=9 rd_ptr=9 rx_empty=1 rd_en=0 rd_data=xx
# [9076500000] DBG rx_done=0 count=0 wr_ptr=9 rd_ptr=9 rx_empty=1 rd_en=0 rd_data=xx
# [9077500000] DBG rx_done=0 count=0 wr_ptr=9 rd_ptr=9 rx_empty=1 rd_en=0 rd_data=xx
# [9078500000] DBG rx_done=0 count=0 wr_ptr=9 rd_ptr=9 rx_empty=1 rd_en=0 rd_data=xx
# [9079500000] DBG rx_done=0 count=0 wr_ptr=9 rd_ptr=9 rx_empty=1 rd_en=0 rd_data=xx
# [9080500000] DBG rx_done=0 count=0 wr_ptr=9 rd_ptr=9 rx_empty=1 rd_en=0 rd_data=xx
# [9081500000] DBG rx_done=0 count=0 wr_ptr=9 rd_ptr=9 rx_empty=1 rd_en=0 rd_data=xx
# [9082500000] DBG rx_done=0 count=0 wr_ptr=9 rd_ptr=9 rx_empty=1 rd_en=0 rd_data=xx
# [9083500000] DBG rx_done=0 count=0 wr_ptr=9 rd_ptr=9 rx_empty=1 rd_en=0 rd_data=xx
# [9084500000] DBG rx_done=0 count=0 wr_ptr=9 rd_ptr=9 rx_empty=1 rd_en=0 rd_data=xx
# [9085500000] DBG rx_done=0 count=0 wr_ptr=9 rd_ptr=9 rx_empty=1 rd_en=0 rd_data=xx
# [9086500000] DBG rx_done=0 count=0 wr_ptr=9 rd_ptr=9 rx_empty=1 rd_en=0 rd_data=xx
# [9087500000] DBG rx_done=0 count=0 wr_ptr=9 rd_ptr=9 rx_empty=1 rd_en=0 rd_data=xx
# [9088500000] DBG rx_done=0 count=0 wr_ptr=9 rd_ptr=9 rx_empty=1 rd_en=0 rd_data=xx
# [9089500000] DBG rx_done=0 count=0 wr_ptr=9 rd_ptr=9 rx_empty=1 rd_en=0 rd_data=xx
# [9090500000] DBG rx_done=0 count=0 wr_ptr=9 rd_ptr=9 rx_empty=1 rd_en=0 rd_data=xx
# [9091500000] DBG rx_done=0 count=0 wr_ptr=9 rd_ptr=9 rx_empty=1 rd_en=0 rd_data=xx
# [9092500000] DBG rx_done=0 count=0 wr_ptr=9 rd_ptr=9 rx_empty=1 rd_en=0 rd_data=xx
# [9093500000] DBG rx_done=0 count=0 wr_ptr=9 rd_ptr=9 rx_empty=1 rd_en=0 rd_data=xx
# [9094500000] DBG rx_done=0 count=0 wr_ptr=9 rd_ptr=9 rx_empty=1 rd_en=0 rd_data=xx
# [9095500000] DBG rx_done=0 count=0 wr_ptr=9 rd_ptr=9 rx_empty=1 rd_en=0 rd_data=xx
# [9096500000] DBG rx_done=0 count=0 wr_ptr=9 rd_ptr=9 rx_empty=1 rd_en=0 rd_data=xx
# [9097500000] DBG rx_done=0 count=0 wr_ptr=9 rd_ptr=9 rx_empty=1 rd_en=0 rd_data=xx
# [9098500000] DBG rx_done=0 count=0 wr_ptr=9 rd_ptr=9 rx_empty=1 rd_en=0 rd_data=xx
# [9099500000] DBG rx_done=0 count=0 wr_ptr=9 rd_ptr=9 rx_empty=1 rd_en=0 rd_data=xx
# [9100500000] DBG rx_done=0 count=0 wr_ptr=9 rd_ptr=9 rx_empty=1 rd_en=0 rd_data=xx
# [9101500000] DBG rx_done=0 count=0 wr_ptr=9 rd_ptr=9 rx_empty=1 rd_en=0 rd_data=xx
# [9102500000] DBG rx_done=0 count=0 wr_ptr=9 rd_ptr=9 rx_empty=1 rd_en=0 rd_data=xx
# [9103500000] DBG rx_done=0 count=0 wr_ptr=9 rd_ptr=9 rx_empty=1 rd_en=0 rd_data=xx
# [9104500000] DBG rx_done=0 count=0 wr_ptr=9 rd_ptr=9 rx_empty=1 rd_en=0 rd_data=xx
# [9105500000] DBG rx_done=0 count=0 wr_ptr=9 rd_ptr=9 rx_empty=1 rd_en=0 rd_data=xx
# [9106500000] DBG rx_done=0 count=0 wr_ptr=9 rd_ptr=9 rx_empty=1 rd_en=0 rd_data=xx
# [9107500000] DBG rx_done=0 count=0 wr_ptr=9 rd_ptr=9 rx_empty=1 rd_en=0 rd_data=xx
# [9108500000] DBG rx_done=0 count=0 wr_ptr=9 rd_ptr=9 rx_empty=1 rd_en=0 rd_data=xx
# [9109500000] DBG rx_done=0 count=0 wr_ptr=9 rd_ptr=9 rx_empty=1 rd_en=0 rd_data=xx
# [9110500000] DBG rx_done=0 count=0 wr_ptr=9 rd_ptr=9 rx_empty=1 rd_en=0 rd_data=xx
# [9111500000] DBG rx_done=0 count=0 wr_ptr=9 rd_ptr=9 rx_empty=1 rd_en=0 rd_data=xx
# [9112500000] DBG rx_done=0 count=0 wr_ptr=9 rd_ptr=9 rx_empty=1 rd_en=0 rd_data=xx
# [9113500000] DBG rx_done=0 count=0 wr_ptr=9 rd_ptr=9 rx_empty=1 rd_en=0 rd_data=xx
# [9114500000] DBG rx_done=0 count=0 wr_ptr=9 rd_ptr=9 rx_empty=1 rd_en=0 rd_data=xx
# [9115500000] DBG rx_done=0 count=0 wr_ptr=9 rd_ptr=9 rx_empty=1 rd_en=0 rd_data=xx
# [9116500000] DBG rx_done=0 count=0 wr_ptr=9 rd_ptr=9 rx_empty=1 rd_en=0 rd_data=xx
# [9117500000] DBG rx_done=0 count=0 wr_ptr=9 rd_ptr=9 rx_empty=1 rd_en=0 rd_data=xx
# [9118500000] DBG rx_done=0 count=0 wr_ptr=9 rd_ptr=9 rx_empty=1 rd_en=0 rd_data=xx
# [9119500000] DBG rx_done=0 count=0 wr_ptr=9 rd_ptr=9 rx_empty=1 rd_en=0 rd_data=xx
# [9120500000] DBG rx_done=0 count=0 wr_ptr=9 rd_ptr=9 rx_empty=1 rd_en=0 rd_data=xx
# [9121500000] DBG rx_done=0 count=0 wr_ptr=9 rd_ptr=9 rx_empty=1 rd_en=0 rd_data=xx
# [9122500000] DBG rx_done=0 count=0 wr_ptr=9 rd_ptr=9 rx_empty=1 rd_en=0 rd_data=xx
# [9123500000] DBG rx_done=0 count=0 wr_ptr=9 rd_ptr=9 rx_empty=1 rd_en=0 rd_data=xx
# [9124500000] DBG rx_done=0 count=0 wr_ptr=9 rd_ptr=9 rx_empty=1 rd_en=0 rd_data=xx
# [9125500000] DBG rx_done=0 count=0 wr_ptr=9 rd_ptr=9 rx_empty=1 rd_en=0 rd_data=xx
# [9126500000] DBG rx_done=0 count=0 wr_ptr=9 rd_ptr=9 rx_empty=1 rd_en=0 rd_data=xx
# [9127500000] DBG rx_done=0 count=0 wr_ptr=9 rd_ptr=9 rx_empty=1 rd_en=0 rd_data=xx
# [9128500000] DBG rx_done=0 count=0 wr_ptr=9 rd_ptr=9 rx_empty=1 rd_en=0 rd_data=xx
# [9129500000] DBG rx_done=0 count=0 wr_ptr=9 rd_ptr=9 rx_empty=1 rd_en=0 rd_data=xx
# [9130500000] DBG rx_done=0 count=0 wr_ptr=9 rd_ptr=9 rx_empty=1 rd_en=0 rd_data=xx
# [9131500000] DBG rx_done=0 count=0 wr_ptr=9 rd_ptr=9 rx_empty=1 rd_en=0 rd_data=xx
# [9132500000] DBG rx_done=0 count=0 wr_ptr=9 rd_ptr=9 rx_empty=1 rd_en=0 rd_data=xx
# [9133500000] DBG rx_done=0 count=0 wr_ptr=9 rd_ptr=9 rx_empty=1 rd_en=0 rd_data=xx
# [9134500000] DBG rx_done=0 count=0 wr_ptr=9 rd_ptr=9 rx_empty=1 rd_en=0 rd_data=xx
# [9135500000] DBG rx_done=0 count=0 wr_ptr=9 rd_ptr=9 rx_empty=1 rd_en=0 rd_data=xx
# [9136500000] DBG rx_done=0 count=0 wr_ptr=9 rd_ptr=9 rx_empty=1 rd_en=0 rd_data=xx
# [9137500000] DBG rx_done=0 count=0 wr_ptr=9 rd_ptr=9 rx_empty=1 rd_en=0 rd_data=xx
# [9138500000] DBG rx_done=0 count=0 wr_ptr=9 rd_ptr=9 rx_empty=1 rd_en=0 rd_data=xx
# [9139500000] DBG rx_done=0 count=0 wr_ptr=9 rd_ptr=9 rx_empty=1 rd_en=0 rd_data=xx
# [9140500000] DBG rx_done=0 count=0 wr_ptr=9 rd_ptr=9 rx_empty=1 rd_en=0 rd_data=xx
# [9141500000] DBG rx_done=0 count=0 wr_ptr=9 rd_ptr=9 rx_empty=1 rd_en=0 rd_data=xx
# [9142500000] DBG rx_done=0 count=0 wr_ptr=9 rd_ptr=9 rx_empty=1 rd_en=0 rd_data=xx
# [9143500000] DBG rx_done=0 count=0 wr_ptr=9 rd_ptr=9 rx_empty=1 rd_en=0 rd_data=xx
# [9144500000] DBG rx_done=0 count=0 wr_ptr=9 rd_ptr=9 rx_empty=1 rd_en=0 rd_data=xx
# [9145500000] DBG rx_done=0 count=0 wr_ptr=9 rd_ptr=9 rx_empty=1 rd_en=0 rd_data=xx
# [9146500000] DBG rx_done=0 count=0 wr_ptr=9 rd_ptr=9 rx_empty=1 rd_en=0 rd_data=xx
# [9147500000] DBG rx_done=0 count=0 wr_ptr=9 rd_ptr=9 rx_empty=1 rd_en=0 rd_data=xx
# [9148500000] DBG rx_done=0 count=0 wr_ptr=9 rd_ptr=9 rx_empty=1 rd_en=0 rd_data=xx
# [9149500000] DBG rx_done=0 count=0 wr_ptr=9 rd_ptr=9 rx_empty=1 rd_en=0 rd_data=xx
# [9150500000] DBG rx_done=0 count=0 wr_ptr=9 rd_ptr=9 rx_empty=1 rd_en=0 rd_data=xx
# [9151500000] DBG rx_done=0 count=0 wr_ptr=9 rd_ptr=9 rx_empty=1 rd_en=0 rd_data=xx
# [9152500000] DBG rx_done=0 count=0 wr_ptr=9 rd_ptr=9 rx_empty=1 rd_en=0 rd_data=xx
# [9153500000] DBG rx_done=0 count=0 wr_ptr=9 rd_ptr=9 rx_empty=1 rd_en=0 rd_data=xx
# [9154500000] DBG rx_done=0 count=0 wr_ptr=9 rd_ptr=9 rx_empty=1 rd_en=0 rd_data=xx
# [9155500000] DBG rx_done=0 count=0 wr_ptr=9 rd_ptr=9 rx_empty=1 rd_en=0 rd_data=xx
# [9156500000] DBG rx_done=0 count=0 wr_ptr=9 rd_ptr=9 rx_empty=1 rd_en=0 rd_data=xx
# [9157500000] DBG rx_done=0 count=0 wr_ptr=9 rd_ptr=9 rx_empty=1 rd_en=0 rd_data=xx
# [9158500000] DBG rx_done=0 count=0 wr_ptr=9 rd_ptr=9 rx_empty=1 rd_en=0 rd_data=xx
# [9159500000] DBG rx_done=0 count=0 wr_ptr=9 rd_ptr=9 rx_empty=1 rd_en=0 rd_data=xx
# [9160500000] DBG rx_done=0 count=0 wr_ptr=9 rd_ptr=9 rx_empty=1 rd_en=0 rd_data=xx
# [9161500000] DBG rx_done=0 count=0 wr_ptr=9 rd_ptr=9 rx_empty=1 rd_en=0 rd_data=xx
# [9162500000] DBG rx_done=0 count=0 wr_ptr=9 rd_ptr=9 rx_empty=1 rd_en=0 rd_data=xx
# [9163500000] DBG rx_done=0 count=0 wr_ptr=9 rd_ptr=9 rx_empty=1 rd_en=0 rd_data=xx
# [9164500000] DBG rx_done=0 count=0 wr_ptr=9 rd_ptr=9 rx_empty=1 rd_en=0 rd_data=xx
# [9165500000] DBG rx_done=0 count=0 wr_ptr=9 rd_ptr=9 rx_empty=1 rd_en=0 rd_data=xx
# [9166500000] DBG rx_done=0 count=0 wr_ptr=9 rd_ptr=9 rx_empty=1 rd_en=0 rd_data=xx
# [9167500000] DBG rx_done=0 count=0 wr_ptr=9 rd_ptr=9 rx_empty=1 rd_en=0 rd_data=xx
# [9168500000] DBG rx_done=0 count=0 wr_ptr=9 rd_ptr=9 rx_empty=1 rd_en=0 rd_data=xx
# [9169500000] DBG rx_done=0 count=0 wr_ptr=9 rd_ptr=9 rx_empty=1 rd_en=0 rd_data=xx
# [9170500000] DBG rx_done=0 count=0 wr_ptr=9 rd_ptr=9 rx_empty=1 rd_en=0 rd_data=xx
# [9171500000] DBG rx_done=0 count=0 wr_ptr=9 rd_ptr=9 rx_empty=1 rd_en=0 rd_data=xx
# [9172500000] DBG rx_done=0 count=0 wr_ptr=9 rd_ptr=9 rx_empty=1 rd_en=0 rd_data=xx
# [9173500000] DBG rx_done=0 count=0 wr_ptr=9 rd_ptr=9 rx_empty=1 rd_en=0 rd_data=xx
# [9174500000] DBG rx_done=0 count=0 wr_ptr=9 rd_ptr=9 rx_empty=1 rd_en=0 rd_data=xx
# [9175500000] DBG rx_done=0 count=0 wr_ptr=9 rd_ptr=9 rx_empty=1 rd_en=0 rd_data=xx
# [9176500000] DBG rx_done=0 count=0 wr_ptr=9 rd_ptr=9 rx_empty=1 rd_en=0 rd_data=xx
# [9177500000] DBG rx_done=0 count=0 wr_ptr=9 rd_ptr=9 rx_empty=1 rd_en=0 rd_data=xx
# [9178500000] DBG rx_done=0 count=0 wr_ptr=9 rd_ptr=9 rx_empty=1 rd_en=0 rd_data=xx
# [9179500000] DBG rx_done=0 count=0 wr_ptr=9 rd_ptr=9 rx_empty=1 rd_en=0 rd_data=xx
# [9180500000] DBG rx_done=0 count=0 wr_ptr=9 rd_ptr=9 rx_empty=1 rd_en=0 rd_data=xx
# [9181500000] DBG rx_done=0 count=0 wr_ptr=9 rd_ptr=9 rx_empty=1 rd_en=0 rd_data=xx
# [9182500000] DBG rx_done=0 count=0 wr_ptr=9 rd_ptr=9 rx_empty=1 rd_en=0 rd_data=xx
# [9183500000] DBG rx_done=0 count=0 wr_ptr=9 rd_ptr=9 rx_empty=1 rd_en=0 rd_data=xx
# [9184500000] DBG rx_done=0 count=0 wr_ptr=9 rd_ptr=9 rx_empty=1 rd_en=0 rd_data=xx
# [9185500000] DBG rx_done=0 count=0 wr_ptr=9 rd_ptr=9 rx_empty=1 rd_en=0 rd_data=xx
# [9186500000] DBG rx_done=0 count=0 wr_ptr=9 rd_ptr=9 rx_empty=1 rd_en=0 rd_data=xx
# [9187500000] DBG rx_done=0 count=0 wr_ptr=9 rd_ptr=9 rx_empty=1 rd_en=0 rd_data=xx
# [9188500000] DBG rx_done=0 count=0 wr_ptr=9 rd_ptr=9 rx_empty=1 rd_en=0 rd_data=xx
# [9189500000] DBG rx_done=0 count=0 wr_ptr=9 rd_ptr=9 rx_empty=1 rd_en=0 rd_data=xx
# [9190500000] DBG rx_done=0 count=0 wr_ptr=9 rd_ptr=9 rx_empty=1 rd_en=0 rd_data=xx
# [9191500000] DBG rx_done=0 count=0 wr_ptr=9 rd_ptr=9 rx_empty=1 rd_en=0 rd_data=xx
# [9192500000] DBG rx_done=0 count=0 wr_ptr=9 rd_ptr=9 rx_empty=1 rd_en=0 rd_data=xx
# [9193500000] DBG rx_done=0 count=0 wr_ptr=9 rd_ptr=9 rx_empty=1 rd_en=0 rd_data=xx
# [9194500000] DBG rx_done=0 count=0 wr_ptr=9 rd_ptr=9 rx_empty=1 rd_en=0 rd_data=xx
# [9195500000] DBG rx_done=0 count=0 wr_ptr=9 rd_ptr=9 rx_empty=1 rd_en=0 rd_data=xx
# [9196500000] DBG rx_done=0 count=0 wr_ptr=9 rd_ptr=9 rx_empty=1 rd_en=0 rd_data=xx
# [9197500000] DBG rx_done=0 count=0 wr_ptr=9 rd_ptr=9 rx_empty=1 rd_en=0 rd_data=xx
# [9198500000] DBG rx_done=0 count=0 wr_ptr=9 rd_ptr=9 rx_empty=1 rd_en=0 rd_data=xx
# [9199500000] DBG rx_done=0 count=0 wr_ptr=9 rd_ptr=9 rx_empty=1 rd_en=0 rd_data=xx
# [9200500000] DBG rx_done=0 count=0 wr_ptr=9 rd_ptr=9 rx_empty=1 rd_en=0 rd_data=xx
# [9201500000] DBG rx_done=0 count=0 wr_ptr=9 rd_ptr=9 rx_empty=1 rd_en=0 rd_data=xx
# [9202500000] DBG rx_done=0 count=0 wr_ptr=9 rd_ptr=9 rx_empty=1 rd_en=0 rd_data=xx
# [9203500000] DBG rx_done=0 count=0 wr_ptr=9 rd_ptr=9 rx_empty=1 rd_en=0 rd_data=xx
# [9204500000] DBG rx_done=0 count=0 wr_ptr=9 rd_ptr=9 rx_empty=1 rd_en=0 rd_data=xx
# [9205500000] DBG rx_done=0 count=0 wr_ptr=9 rd_ptr=9 rx_empty=1 rd_en=0 rd_data=xx
# [9206500000] DBG rx_done=0 count=0 wr_ptr=9 rd_ptr=9 rx_empty=1 rd_en=0 rd_data=xx
# [9207500000] DBG rx_done=0 count=0 wr_ptr=9 rd_ptr=9 rx_empty=1 rd_en=0 rd_data=xx
# [9208500000] DBG rx_done=0 count=0 wr_ptr=9 rd_ptr=9 rx_empty=1 rd_en=0 rd_data=xx
# [9209500000] DBG rx_done=0 count=0 wr_ptr=9 rd_ptr=9 rx_empty=1 rd_en=0 rd_data=xx
# [9210500000] DBG rx_done=0 count=0 wr_ptr=9 rd_ptr=9 rx_empty=1 rd_en=0 rd_data=xx
# [9211500000] DBG rx_done=0 count=0 wr_ptr=9 rd_ptr=9 rx_empty=1 rd_en=0 rd_data=xx
# [9212500000] DBG rx_done=0 count=0 wr_ptr=9 rd_ptr=9 rx_empty=1 rd_en=0 rd_data=xx
# [9213500000] DBG rx_done=0 count=0 wr_ptr=9 rd_ptr=9 rx_empty=1 rd_en=0 rd_data=xx
# [9214500000] DBG rx_done=0 count=0 wr_ptr=9 rd_ptr=9 rx_empty=1 rd_en=0 rd_data=xx
# [9215500000] DBG rx_done=0 count=0 wr_ptr=9 rd_ptr=9 rx_empty=1 rd_en=0 rd_data=xx
# [9216500000] DBG rx_done=0 count=0 wr_ptr=9 rd_ptr=9 rx_empty=1 rd_en=0 rd_data=xx
# [9217500000] DBG rx_done=0 count=0 wr_ptr=9 rd_ptr=9 rx_empty=1 rd_en=0 rd_data=xx
# [9218500000] DBG rx_done=0 count=0 wr_ptr=9 rd_ptr=9 rx_empty=1 rd_en=0 rd_data=xx
# [9219500000] DBG rx_done=0 count=0 wr_ptr=9 rd_ptr=9 rx_empty=1 rd_en=0 rd_data=xx
# [9220500000] DBG rx_done=0 count=0 wr_ptr=9 rd_ptr=9 rx_empty=1 rd_en=0 rd_data=xx
# [9221500000] DBG rx_done=0 count=0 wr_ptr=9 rd_ptr=9 rx_empty=1 rd_en=0 rd_data=xx
# [9222500000] DBG rx_done=0 count=0 wr_ptr=9 rd_ptr=9 rx_empty=1 rd_en=0 rd_data=xx
# [9223500000] DBG rx_done=0 count=0 wr_ptr=9 rd_ptr=9 rx_empty=1 rd_en=0 rd_data=xx
# [9224500000] DBG rx_done=0 count=0 wr_ptr=9 rd_ptr=9 rx_empty=1 rd_en=0 rd_data=xx
# [9225500000] DBG rx_done=0 count=0 wr_ptr=9 rd_ptr=9 rx_empty=1 rd_en=0 rd_data=xx
# [9226500000] DBG rx_done=0 count=0 wr_ptr=9 rd_ptr=9 rx_empty=1 rd_en=0 rd_data=xx
# [9227500000] DBG rx_done=0 count=0 wr_ptr=9 rd_ptr=9 rx_empty=1 rd_en=0 rd_data=xx
# [9228500000] DBG rx_done=0 count=0 wr_ptr=9 rd_ptr=9 rx_empty=1 rd_en=0 rd_data=xx
# [9229500000] DBG rx_done=0 count=0 wr_ptr=9 rd_ptr=9 rx_empty=1 rd_en=0 rd_data=xx
# [9230500000] DBG rx_done=0 count=0 wr_ptr=9 rd_ptr=9 rx_empty=1 rd_en=0 rd_data=xx
# [9231500000] DBG rx_done=0 count=0 wr_ptr=9 rd_ptr=9 rx_empty=1 rd_en=0 rd_data=xx
# [9232500000] DBG rx_done=0 count=0 wr_ptr=9 rd_ptr=9 rx_empty=1 rd_en=0 rd_data=xx
# [9233500000] DBG rx_done=0 count=0 wr_ptr=9 rd_ptr=9 rx_empty=1 rd_en=0 rd_data=xx
# [9234500000] DBG rx_done=0 count=0 wr_ptr=9 rd_ptr=9 rx_empty=1 rd_en=0 rd_data=xx
# [9235500000] DBG rx_done=0 count=0 wr_ptr=9 rd_ptr=9 rx_empty=1 rd_en=0 rd_data=xx
# [9236500000] DBG rx_done=0 count=0 wr_ptr=9 rd_ptr=9 rx_empty=1 rd_en=0 rd_data=xx
# [9237500000] DBG rx_done=0 count=0 wr_ptr=9 rd_ptr=9 rx_empty=1 rd_en=0 rd_data=xx
# [9238500000] DBG rx_done=0 count=0 wr_ptr=9 rd_ptr=9 rx_empty=1 rd_en=0 rd_data=xx
# [9239500000] DBG rx_done=0 count=0 wr_ptr=9 rd_ptr=9 rx_empty=1 rd_en=0 rd_data=xx
# [9240500000] DBG rx_done=0 count=0 wr_ptr=9 rd_ptr=9 rx_empty=1 rd_en=0 rd_data=xx
# [9241500000] DBG rx_done=0 count=0 wr_ptr=9 rd_ptr=9 rx_empty=1 rd_en=0 rd_data=xx
# [9242500000] DBG rx_done=0 count=0 wr_ptr=9 rd_ptr=9 rx_empty=1 rd_en=0 rd_data=xx
# [9243500000] DBG rx_done=0 count=0 wr_ptr=9 rd_ptr=9 rx_empty=1 rd_en=0 rd_data=xx
# [9244500000] DBG rx_done=0 count=0 wr_ptr=9 rd_ptr=9 rx_empty=1 rd_en=0 rd_data=xx
# [9245500000] DBG rx_done=0 count=0 wr_ptr=9 rd_ptr=9 rx_empty=1 rd_en=0 rd_data=xx
# [9246500000] DBG rx_done=0 count=0 wr_ptr=9 rd_ptr=9 rx_empty=1 rd_en=0 rd_data=xx
# [9247500000] DBG rx_done=0 count=0 wr_ptr=9 rd_ptr=9 rx_empty=1 rd_en=0 rd_data=xx
# [9248500000] DBG rx_done=0 count=0 wr_ptr=9 rd_ptr=9 rx_empty=1 rd_en=0 rd_data=xx
# [9249500000] DBG rx_done=0 count=0 wr_ptr=9 rd_ptr=9 rx_empty=1 rd_en=0 rd_data=xx
# [9250500000] DBG rx_done=0 count=0 wr_ptr=9 rd_ptr=9 rx_empty=1 rd_en=0 rd_data=xx
# [9251500000] DBG rx_done=0 count=0 wr_ptr=9 rd_ptr=9 rx_empty=1 rd_en=0 rd_data=xx
# [9252500000] DBG rx_done=0 count=0 wr_ptr=9 rd_ptr=9 rx_empty=1 rd_en=0 rd_data=xx
# [9253500000] DBG rx_done=0 count=0 wr_ptr=9 rd_ptr=9 rx_empty=1 rd_en=0 rd_data=xx
# [9254500000] DBG rx_done=0 count=0 wr_ptr=9 rd_ptr=9 rx_empty=1 rd_en=0 rd_data=xx
# [9255500000] DBG rx_done=0 count=0 wr_ptr=9 rd_ptr=9 rx_empty=1 rd_en=0 rd_data=xx
# [9256500000] DBG rx_done=0 count=0 wr_ptr=9 rd_ptr=9 rx_empty=1 rd_en=0 rd_data=xx
# [9257500000] DBG rx_done=0 count=0 wr_ptr=9 rd_ptr=9 rx_empty=1 rd_en=0 rd_data=xx
# [9258500000] DBG rx_done=0 count=0 wr_ptr=9 rd_ptr=9 rx_empty=1 rd_en=0 rd_data=xx
# [9259500000] DBG rx_done=0 count=0 wr_ptr=9 rd_ptr=9 rx_empty=1 rd_en=0 rd_data=xx
# [9260500000] DBG rx_done=0 count=0 wr_ptr=9 rd_ptr=9 rx_empty=1 rd_en=0 rd_data=xx
# [9261500000] DBG rx_done=0 count=0 wr_ptr=9 rd_ptr=9 rx_empty=1 rd_en=0 rd_data=xx
# [9262500000] DBG rx_done=0 count=0 wr_ptr=9 rd_ptr=9 rx_empty=1 rd_en=0 rd_data=xx
# [9263500000] DBG rx_done=0 count=0 wr_ptr=9 rd_ptr=9 rx_empty=1 rd_en=0 rd_data=xx
# [9264500000] DBG rx_done=0 count=0 wr_ptr=9 rd_ptr=9 rx_empty=1 rd_en=0 rd_data=xx
# [9265500000] DBG rx_done=0 count=0 wr_ptr=9 rd_ptr=9 rx_empty=1 rd_en=0 rd_data=xx
# [9266500000] DBG rx_done=0 count=0 wr_ptr=9 rd_ptr=9 rx_empty=1 rd_en=0 rd_data=xx
# [9267500000] DBG rx_done=0 count=0 wr_ptr=9 rd_ptr=9 rx_empty=1 rd_en=0 rd_data=xx
# [9268500000] DBG rx_done=0 count=0 wr_ptr=9 rd_ptr=9 rx_empty=1 rd_en=0 rd_data=xx
# [9269500000] DBG rx_done=0 count=0 wr_ptr=9 rd_ptr=9 rx_empty=1 rd_en=0 rd_data=xx
# [9270500000] DBG rx_done=0 count=0 wr_ptr=9 rd_ptr=9 rx_empty=1 rd_en=0 rd_data=xx
# [9271500000] DBG rx_done=0 count=0 wr_ptr=9 rd_ptr=9 rx_empty=1 rd_en=0 rd_data=xx
# [9272500000] DBG rx_done=0 count=0 wr_ptr=9 rd_ptr=9 rx_empty=1 rd_en=0 rd_data=xx
# [9273500000] DBG rx_done=0 count=0 wr_ptr=9 rd_ptr=9 rx_empty=1 rd_en=0 rd_data=xx
# [9274500000] DBG rx_done=0 count=0 wr_ptr=9 rd_ptr=9 rx_empty=1 rd_en=0 rd_data=xx
# [9275500000] DBG rx_done=0 count=0 wr_ptr=9 rd_ptr=9 rx_empty=1 rd_en=0 rd_data=xx
# [9276500000] DBG rx_done=0 count=0 wr_ptr=9 rd_ptr=9 rx_empty=1 rd_en=0 rd_data=xx
# [9277500000] DBG rx_done=0 count=0 wr_ptr=9 rd_ptr=9 rx_empty=1 rd_en=0 rd_data=xx
# [9278500000] DBG rx_done=0 count=0 wr_ptr=9 rd_ptr=9 rx_empty=1 rd_en=0 rd_data=xx
# [9279500000] DBG rx_done=0 count=0 wr_ptr=9 rd_ptr=9 rx_empty=1 rd_en=0 rd_data=xx
# [9280500000] DBG rx_done=0 count=0 wr_ptr=9 rd_ptr=9 rx_empty=1 rd_en=0 rd_data=xx
# [9281500000] DBG rx_done=0 count=0 wr_ptr=9 rd_ptr=9 rx_empty=1 rd_en=0 rd_data=xx
# [9282500000] DBG rx_done=0 count=0 wr_ptr=9 rd_ptr=9 rx_empty=1 rd_en=0 rd_data=xx
# [9283500000] DBG rx_done=0 count=0 wr_ptr=9 rd_ptr=9 rx_empty=1 rd_en=0 rd_data=xx
# [9284500000] DBG rx_done=0 count=0 wr_ptr=9 rd_ptr=9 rx_empty=1 rd_en=0 rd_data=xx
# [9285500000] DBG rx_done=0 count=0 wr_ptr=9 rd_ptr=9 rx_empty=1 rd_en=0 rd_data=xx
# [9286500000] DBG rx_done=0 count=0 wr_ptr=9 rd_ptr=9 rx_empty=1 rd_en=0 rd_data=xx
# [9287500000] DBG rx_done=0 count=0 wr_ptr=9 rd_ptr=9 rx_empty=1 rd_en=0 rd_data=xx
# [9288500000] DBG rx_done=0 count=0 wr_ptr=9 rd_ptr=9 rx_empty=1 rd_en=0 rd_data=xx
# [9289500000] DBG rx_done=0 count=0 wr_ptr=9 rd_ptr=9 rx_empty=1 rd_en=0 rd_data=xx
# [9290500000] DBG rx_done=0 count=0 wr_ptr=9 rd_ptr=9 rx_empty=1 rd_en=0 rd_data=xx
# [9291500000] DBG rx_done=0 count=0 wr_ptr=9 rd_ptr=9 rx_empty=1 rd_en=0 rd_data=xx
# [9292500000] DBG rx_done=0 count=0 wr_ptr=9 rd_ptr=9 rx_empty=1 rd_en=0 rd_data=xx
# [9293500000] DBG rx_done=0 count=0 wr_ptr=9 rd_ptr=9 rx_empty=1 rd_en=0 rd_data=xx
# [9294500000] DBG rx_done=0 count=0 wr_ptr=9 rd_ptr=9 rx_empty=1 rd_en=0 rd_data=xx
# [9295500000] DBG rx_done=0 count=0 wr_ptr=9 rd_ptr=9 rx_empty=1 rd_en=0 rd_data=xx
# [9296500000] DBG rx_done=0 count=0 wr_ptr=9 rd_ptr=9 rx_empty=1 rd_en=0 rd_data=xx
# [9297500000] DBG rx_done=0 count=0 wr_ptr=9 rd_ptr=9 rx_empty=1 rd_en=0 rd_data=xx
# [9298500000] DBG rx_done=0 count=0 wr_ptr=9 rd_ptr=9 rx_empty=1 rd_en=0 rd_data=xx
# [9299500000] DBG rx_done=0 count=0 wr_ptr=9 rd_ptr=9 rx_empty=1 rd_en=0 rd_data=xx
# [9300500000] DBG rx_done=0 count=0 wr_ptr=9 rd_ptr=9 rx_empty=1 rd_en=0 rd_data=xx
# [9301500000] DBG rx_done=0 count=0 wr_ptr=9 rd_ptr=9 rx_empty=1 rd_en=0 rd_data=xx
# [9302500000] DBG rx_done=0 count=0 wr_ptr=9 rd_ptr=9 rx_empty=1 rd_en=0 rd_data=xx
# [9303500000] DBG rx_done=0 count=0 wr_ptr=9 rd_ptr=9 rx_empty=1 rd_en=0 rd_data=xx
# [9304500000] DBG rx_done=0 count=0 wr_ptr=9 rd_ptr=9 rx_empty=1 rd_en=0 rd_data=xx
# [9305500000] DBG rx_done=0 count=0 wr_ptr=9 rd_ptr=9 rx_empty=1 rd_en=0 rd_data=xx
# [9306500000] DBG rx_done=0 count=0 wr_ptr=9 rd_ptr=9 rx_empty=1 rd_en=0 rd_data=xx
# [9307500000] DBG rx_done=0 count=0 wr_ptr=9 rd_ptr=9 rx_empty=1 rd_en=0 rd_data=xx
# [9308500000] DBG rx_done=0 count=0 wr_ptr=9 rd_ptr=9 rx_empty=1 rd_en=0 rd_data=xx
# [9309500000] DBG rx_done=0 count=0 wr_ptr=9 rd_ptr=9 rx_empty=1 rd_en=0 rd_data=xx
# [9310500000] DBG rx_done=0 count=0 wr_ptr=9 rd_ptr=9 rx_empty=1 rd_en=0 rd_data=xx
# [9311500000] DBG rx_done=0 count=0 wr_ptr=9 rd_ptr=9 rx_empty=1 rd_en=0 rd_data=xx
# [9312500000] DBG rx_done=0 count=0 wr_ptr=9 rd_ptr=9 rx_empty=1 rd_en=0 rd_data=xx
# [9313500000] DBG rx_done=0 count=0 wr_ptr=9 rd_ptr=9 rx_empty=1 rd_en=0 rd_data=xx
# [9314500000] DBG rx_done=0 count=0 wr_ptr=9 rd_ptr=9 rx_empty=1 rd_en=0 rd_data=xx
# [9315500000] DBG rx_done=0 count=0 wr_ptr=9 rd_ptr=9 rx_empty=1 rd_en=0 rd_data=xx
# [9316500000] DBG rx_done=0 count=0 wr_ptr=9 rd_ptr=9 rx_empty=1 rd_en=0 rd_data=xx
# [9317500000] DBG rx_done=0 count=0 wr_ptr=9 rd_ptr=9 rx_empty=1 rd_en=0 rd_data=xx
# [9318500000] DBG rx_done=0 count=0 wr_ptr=9 rd_ptr=9 rx_empty=1 rd_en=0 rd_data=xx
# [9319500000] DBG rx_done=0 count=0 wr_ptr=9 rd_ptr=9 rx_empty=1 rd_en=0 rd_data=xx
# [9320500000] DBG rx_done=0 count=0 wr_ptr=9 rd_ptr=9 rx_empty=1 rd_en=0 rd_data=xx
# [9321500000] DBG rx_done=0 count=0 wr_ptr=9 rd_ptr=9 rx_empty=1 rd_en=0 rd_data=xx
# [9322500000] DBG rx_done=0 count=0 wr_ptr=9 rd_ptr=9 rx_empty=1 rd_en=0 rd_data=xx
# [9323500000] DBG rx_done=0 count=0 wr_ptr=9 rd_ptr=9 rx_empty=1 rd_en=0 rd_data=xx
# [9324500000] DBG rx_done=0 count=0 wr_ptr=9 rd_ptr=9 rx_empty=1 rd_en=0 rd_data=xx
# [9325500000] DBG rx_done=0 count=0 wr_ptr=9 rd_ptr=9 rx_empty=1 rd_en=0 rd_data=xx
# [9326500000] DBG rx_done=0 count=0 wr_ptr=9 rd_ptr=9 rx_empty=1 rd_en=0 rd_data=xx
# [9327500000] DBG rx_done=0 count=0 wr_ptr=9 rd_ptr=9 rx_empty=1 rd_en=0 rd_data=xx
# [9328500000] DBG rx_done=0 count=0 wr_ptr=9 rd_ptr=9 rx_empty=1 rd_en=0 rd_data=xx
# [9329500000] DBG rx_done=0 count=0 wr_ptr=9 rd_ptr=9 rx_empty=1 rd_en=0 rd_data=xx
# [9330500000] DBG rx_done=0 count=0 wr_ptr=9 rd_ptr=9 rx_empty=1 rd_en=0 rd_data=xx
# [9331500000] DBG rx_done=0 count=0 wr_ptr=9 rd_ptr=9 rx_empty=1 rd_en=0 rd_data=xx
# [9332500000] DBG rx_done=0 count=0 wr_ptr=9 rd_ptr=9 rx_empty=1 rd_en=0 rd_data=xx
# [9333500000] DBG rx_done=0 count=0 wr_ptr=9 rd_ptr=9 rx_empty=1 rd_en=0 rd_data=xx
# [9334500000] DBG rx_done=0 count=0 wr_ptr=9 rd_ptr=9 rx_empty=1 rd_en=0 rd_data=xx
# [9335500000] DBG rx_done=0 count=0 wr_ptr=9 rd_ptr=9 rx_empty=1 rd_en=0 rd_data=xx
# [9336500000] DBG rx_done=0 count=0 wr_ptr=9 rd_ptr=9 rx_empty=1 rd_en=0 rd_data=xx
# [9337500000] DBG rx_done=0 count=0 wr_ptr=9 rd_ptr=9 rx_empty=1 rd_en=0 rd_data=xx
# [9338500000] DBG rx_done=0 count=0 wr_ptr=9 rd_ptr=9 rx_empty=1 rd_en=0 rd_data=xx
# [9339500000] DBG rx_done=0 count=0 wr_ptr=9 rd_ptr=9 rx_empty=1 rd_en=0 rd_data=xx
# [9340500000] DBG rx_done=0 count=0 wr_ptr=9 rd_ptr=9 rx_empty=1 rd_en=0 rd_data=xx
# [9341500000] DBG rx_done=0 count=0 wr_ptr=9 rd_ptr=9 rx_empty=1 rd_en=0 rd_data=xx
# [9342500000] DBG rx_done=0 count=0 wr_ptr=9 rd_ptr=9 rx_empty=1 rd_en=0 rd_data=xx
# [9343500000] DBG rx_done=0 count=0 wr_ptr=9 rd_ptr=9 rx_empty=1 rd_en=0 rd_data=xx
# [9344500000] DBG rx_done=0 count=0 wr_ptr=9 rd_ptr=9 rx_empty=1 rd_en=0 rd_data=xx
# [9345500000] DBG rx_done=0 count=0 wr_ptr=9 rd_ptr=9 rx_empty=1 rd_en=0 rd_data=xx
# [9346500000] DBG rx_done=0 count=0 wr_ptr=9 rd_ptr=9 rx_empty=1 rd_en=0 rd_data=xx
# [9347500000] DBG rx_done=0 count=0 wr_ptr=9 rd_ptr=9 rx_empty=1 rd_en=0 rd_data=xx
# [9348500000] DBG rx_done=0 count=0 wr_ptr=9 rd_ptr=9 rx_empty=1 rd_en=0 rd_data=xx
# [9349500000] DBG rx_done=0 count=0 wr_ptr=9 rd_ptr=9 rx_empty=1 rd_en=0 rd_data=xx
# [9350500000] DBG rx_done=0 count=0 wr_ptr=9 rd_ptr=9 rx_empty=1 rd_en=0 rd_data=xx
# [9351500000] DBG rx_done=0 count=0 wr_ptr=9 rd_ptr=9 rx_empty=1 rd_en=0 rd_data=xx
# [9352500000] DBG rx_done=0 count=0 wr_ptr=9 rd_ptr=9 rx_empty=1 rd_en=0 rd_data=xx
# [9353500000] DBG rx_done=0 count=0 wr_ptr=9 rd_ptr=9 rx_empty=1 rd_en=0 rd_data=xx
# [9354500000] DBG rx_done=0 count=0 wr_ptr=9 rd_ptr=9 rx_empty=1 rd_en=0 rd_data=xx
# [9355500000] DBG rx_done=0 count=0 wr_ptr=9 rd_ptr=9 rx_empty=1 rd_en=0 rd_data=xx
# [9356500000] DBG rx_done=0 count=0 wr_ptr=9 rd_ptr=9 rx_empty=1 rd_en=0 rd_data=xx
# [9357500000] DBG rx_done=0 count=0 wr_ptr=9 rd_ptr=9 rx_empty=1 rd_en=0 rd_data=xx
# [9358500000] DBG rx_done=0 count=0 wr_ptr=9 rd_ptr=9 rx_empty=1 rd_en=0 rd_data=xx
# [9359500000] DBG rx_done=0 count=0 wr_ptr=9 rd_ptr=9 rx_empty=1 rd_en=0 rd_data=xx
# [9360500000] DBG rx_done=0 count=0 wr_ptr=9 rd_ptr=9 rx_empty=1 rd_en=0 rd_data=xx
# [9361500000] DBG rx_done=0 count=0 wr_ptr=9 rd_ptr=9 rx_empty=1 rd_en=0 rd_data=xx
# [9362500000] DBG rx_done=0 count=0 wr_ptr=9 rd_ptr=9 rx_empty=1 rd_en=0 rd_data=xx
# [9363500000] DBG rx_done=0 count=0 wr_ptr=9 rd_ptr=9 rx_empty=1 rd_en=0 rd_data=xx
# [9364500000] DBG rx_done=0 count=0 wr_ptr=9 rd_ptr=9 rx_empty=1 rd_en=0 rd_data=xx
# [9365500000] DBG rx_done=0 count=0 wr_ptr=9 rd_ptr=9 rx_empty=1 rd_en=0 rd_data=xx
# [9366500000] DBG rx_done=0 count=0 wr_ptr=9 rd_ptr=9 rx_empty=1 rd_en=0 rd_data=xx
# [9367500000] DBG rx_done=0 count=0 wr_ptr=9 rd_ptr=9 rx_empty=1 rd_en=0 rd_data=xx
# [9368500000] DBG rx_done=0 count=0 wr_ptr=9 rd_ptr=9 rx_empty=1 rd_en=0 rd_data=xx
# [9369500000] DBG rx_done=0 count=0 wr_ptr=9 rd_ptr=9 rx_empty=1 rd_en=0 rd_data=xx
# [9370500000] DBG rx_done=0 count=0 wr_ptr=9 rd_ptr=9 rx_empty=1 rd_en=0 rd_data=xx
# [9371500000] DBG rx_done=0 count=0 wr_ptr=9 rd_ptr=9 rx_empty=1 rd_en=0 rd_data=xx
# [9372500000] DBG rx_done=0 count=0 wr_ptr=9 rd_ptr=9 rx_empty=1 rd_en=0 rd_data=xx
# [9373500000] DBG rx_done=0 count=0 wr_ptr=9 rd_ptr=9 rx_empty=1 rd_en=0 rd_data=xx
# [9374500000] DBG rx_done=0 count=0 wr_ptr=9 rd_ptr=9 rx_empty=1 rd_en=0 rd_data=xx
# [9375500000] DBG rx_done=0 count=0 wr_ptr=9 rd_ptr=9 rx_empty=1 rd_en=0 rd_data=xx
# [9376500000] DBG rx_done=0 count=0 wr_ptr=9 rd_ptr=9 rx_empty=1 rd_en=0 rd_data=xx
# [9377500000] DBG rx_done=0 count=0 wr_ptr=9 rd_ptr=9 rx_empty=1 rd_en=0 rd_data=xx
# [9378500000] DBG rx_done=0 count=0 wr_ptr=9 rd_ptr=9 rx_empty=1 rd_en=0 rd_data=xx
# [9379500000] DBG rx_done=0 count=0 wr_ptr=9 rd_ptr=9 rx_empty=1 rd_en=0 rd_data=xx
# [9380500000] DBG rx_done=0 count=0 wr_ptr=9 rd_ptr=9 rx_empty=1 rd_en=0 rd_data=xx
# [9381500000] DBG rx_done=0 count=0 wr_ptr=9 rd_ptr=9 rx_empty=1 rd_en=0 rd_data=xx
# [9382500000] DBG rx_done=0 count=0 wr_ptr=9 rd_ptr=9 rx_empty=1 rd_en=0 rd_data=xx
# [9383500000] DBG rx_done=0 count=0 wr_ptr=9 rd_ptr=9 rx_empty=1 rd_en=0 rd_data=xx
# [9384500000] DBG rx_done=0 count=0 wr_ptr=9 rd_ptr=9 rx_empty=1 rd_en=0 rd_data=xx
# [9385500000] DBG rx_done=0 count=0 wr_ptr=9 rd_ptr=9 rx_empty=1 rd_en=0 rd_data=xx
# [9386500000] DBG rx_done=0 count=0 wr_ptr=9 rd_ptr=9 rx_empty=1 rd_en=0 rd_data=xx
# [9387500000] DBG rx_done=0 count=0 wr_ptr=9 rd_ptr=9 rx_empty=1 rd_en=0 rd_data=xx
# [9388500000] DBG rx_done=0 count=0 wr_ptr=9 rd_ptr=9 rx_empty=1 rd_en=0 rd_data=xx
# [9389500000] DBG rx_done=0 count=0 wr_ptr=9 rd_ptr=9 rx_empty=1 rd_en=0 rd_data=xx
# [9390500000] DBG rx_done=0 count=0 wr_ptr=9 rd_ptr=9 rx_empty=1 rd_en=0 rd_data=xx
# [9391500000] DBG rx_done=0 count=0 wr_ptr=9 rd_ptr=9 rx_empty=1 rd_en=0 rd_data=xx
# [9392500000] DBG rx_done=0 count=0 wr_ptr=9 rd_ptr=9 rx_empty=1 rd_en=0 rd_data=xx
# [9393500000] DBG rx_done=0 count=0 wr_ptr=9 rd_ptr=9 rx_empty=1 rd_en=0 rd_data=xx
# [9394500000] DBG rx_done=0 count=0 wr_ptr=9 rd_ptr=9 rx_empty=1 rd_en=0 rd_data=xx
# [9395500000] DBG rx_done=0 count=0 wr_ptr=9 rd_ptr=9 rx_empty=1 rd_en=0 rd_data=xx
# [9396500000] DBG rx_done=0 count=0 wr_ptr=9 rd_ptr=9 rx_empty=1 rd_en=0 rd_data=xx
# [9397500000] DBG rx_done=0 count=0 wr_ptr=9 rd_ptr=9 rx_empty=1 rd_en=0 rd_data=xx
# [9398500000] DBG rx_done=0 count=0 wr_ptr=9 rd_ptr=9 rx_empty=1 rd_en=0 rd_data=xx
# [9399500000] DBG rx_done=0 count=0 wr_ptr=9 rd_ptr=9 rx_empty=1 rd_en=0 rd_data=xx
# [9400500000] DBG rx_done=0 count=0 wr_ptr=9 rd_ptr=9 rx_empty=1 rd_en=0 rd_data=xx
# [9401500000] DBG rx_done=0 count=0 wr_ptr=9 rd_ptr=9 rx_empty=1 rd_en=0 rd_data=xx
# [9402500000] DBG rx_done=0 count=0 wr_ptr=9 rd_ptr=9 rx_empty=1 rd_en=0 rd_data=xx
# [9403500000] DBG rx_done=0 count=0 wr_ptr=9 rd_ptr=9 rx_empty=1 rd_en=0 rd_data=xx
# [9404500000] DBG rx_done=0 count=0 wr_ptr=9 rd_ptr=9 rx_empty=1 rd_en=0 rd_data=xx
# [9405500000] DBG rx_done=0 count=0 wr_ptr=9 rd_ptr=9 rx_empty=1 rd_en=0 rd_data=xx
# [9406500000] DBG rx_done=0 count=0 wr_ptr=9 rd_ptr=9 rx_empty=1 rd_en=0 rd_data=xx
# [9407500000] DBG rx_done=0 count=0 wr_ptr=9 rd_ptr=9 rx_empty=1 rd_en=0 rd_data=xx
# [9408500000] DBG rx_done=0 count=0 wr_ptr=9 rd_ptr=9 rx_empty=1 rd_en=0 rd_data=xx
# [9409500000] DBG rx_done=0 count=0 wr_ptr=9 rd_ptr=9 rx_empty=1 rd_en=0 rd_data=xx
# [9410500000] DBG rx_done=0 count=0 wr_ptr=9 rd_ptr=9 rx_empty=1 rd_en=0 rd_data=xx
# [9411500000] DBG rx_done=0 count=0 wr_ptr=9 rd_ptr=9 rx_empty=1 rd_en=0 rd_data=xx
# [9412500000] DBG rx_done=0 count=0 wr_ptr=9 rd_ptr=9 rx_empty=1 rd_en=0 rd_data=xx
# [9413500000] DBG rx_done=0 count=0 wr_ptr=9 rd_ptr=9 rx_empty=1 rd_en=0 rd_data=xx
# [9414500000] DBG rx_done=0 count=0 wr_ptr=9 rd_ptr=9 rx_empty=1 rd_en=0 rd_data=xx
# [9415500000] DBG rx_done=0 count=0 wr_ptr=9 rd_ptr=9 rx_empty=1 rd_en=0 rd_data=xx
# [9416500000] DBG rx_done=0 count=0 wr_ptr=9 rd_ptr=9 rx_empty=1 rd_en=0 rd_data=xx
# [9417500000] DBG rx_done=0 count=0 wr_ptr=9 rd_ptr=9 rx_empty=1 rd_en=0 rd_data=xx
# [9418500000] DBG rx_done=0 count=0 wr_ptr=9 rd_ptr=9 rx_empty=1 rd_en=0 rd_data=xx
# [9419500000] DBG rx_done=0 count=0 wr_ptr=9 rd_ptr=9 rx_empty=1 rd_en=0 rd_data=xx
# [9420500000] DBG rx_done=0 count=0 wr_ptr=9 rd_ptr=9 rx_empty=1 rd_en=0 rd_data=xx
# [9421500000] DBG rx_done=0 count=0 wr_ptr=9 rd_ptr=9 rx_empty=1 rd_en=0 rd_data=xx
# [9422500000] DBG rx_done=0 count=0 wr_ptr=9 rd_ptr=9 rx_empty=1 rd_en=0 rd_data=xx
# [9423500000] DBG rx_done=0 count=0 wr_ptr=9 rd_ptr=9 rx_empty=1 rd_en=0 rd_data=xx
# [9424500000] DBG rx_done=0 count=0 wr_ptr=9 rd_ptr=9 rx_empty=1 rd_en=0 rd_data=xx
# [9425500000] DBG rx_done=0 count=0 wr_ptr=9 rd_ptr=9 rx_empty=1 rd_en=0 rd_data=xx
# [9426500000] DBG rx_done=0 count=0 wr_ptr=9 rd_ptr=9 rx_empty=1 rd_en=0 rd_data=xx
# [9427500000] DBG rx_done=0 count=0 wr_ptr=9 rd_ptr=9 rx_empty=1 rd_en=0 rd_data=xx
# [9428500000] DBG rx_done=0 count=0 wr_ptr=9 rd_ptr=9 rx_empty=1 rd_en=0 rd_data=xx
# [9429500000] DBG rx_done=0 count=0 wr_ptr=9 rd_ptr=9 rx_empty=1 rd_en=0 rd_data=xx
# [9430500000] DBG rx_done=0 count=0 wr_ptr=9 rd_ptr=9 rx_empty=1 rd_en=0 rd_data=xx
# [9431500000] DBG rx_done=0 count=0 wr_ptr=9 rd_ptr=9 rx_empty=1 rd_en=0 rd_data=xx
# [9432500000] DBG rx_done=0 count=0 wr_ptr=9 rd_ptr=9 rx_empty=1 rd_en=0 rd_data=xx
# [9433500000] DBG rx_done=0 count=0 wr_ptr=9 rd_ptr=9 rx_empty=1 rd_en=0 rd_data=xx
# [9434500000] DBG rx_done=0 count=0 wr_ptr=9 rd_ptr=9 rx_empty=1 rd_en=0 rd_data=xx
# [9435500000] DBG rx_done=0 count=0 wr_ptr=9 rd_ptr=9 rx_empty=1 rd_en=0 rd_data=xx
# [9436500000] DBG rx_done=0 count=0 wr_ptr=9 rd_ptr=9 rx_empty=1 rd_en=0 rd_data=xx
# [9437500000] DBG rx_done=0 count=0 wr_ptr=9 rd_ptr=9 rx_empty=1 rd_en=0 rd_data=xx
# [9438500000] DBG rx_done=0 count=0 wr_ptr=9 rd_ptr=9 rx_empty=1 rd_en=0 rd_data=xx
# [9439500000] DBG rx_done=0 count=0 wr_ptr=9 rd_ptr=9 rx_empty=1 rd_en=0 rd_data=xx
# [9440500000] DBG rx_done=0 count=0 wr_ptr=9 rd_ptr=9 rx_empty=1 rd_en=0 rd_data=xx
# [9441500000] DBG rx_done=0 count=0 wr_ptr=9 rd_ptr=9 rx_empty=1 rd_en=0 rd_data=xx
# [9442500000] DBG rx_done=0 count=0 wr_ptr=9 rd_ptr=9 rx_empty=1 rd_en=0 rd_data=xx
# [9443500000] DBG rx_done=0 count=0 wr_ptr=9 rd_ptr=9 rx_empty=1 rd_en=0 rd_data=xx
# [9444500000] DBG rx_done=0 count=0 wr_ptr=9 rd_ptr=9 rx_empty=1 rd_en=0 rd_data=xx
# [9445500000] DBG rx_done=0 count=0 wr_ptr=9 rd_ptr=9 rx_empty=1 rd_en=0 rd_data=xx
# [9446500000] DBG rx_done=0 count=0 wr_ptr=9 rd_ptr=9 rx_empty=1 rd_en=0 rd_data=xx
# [9447500000] DBG rx_done=0 count=0 wr_ptr=9 rd_ptr=9 rx_empty=1 rd_en=0 rd_data=xx
# [9448500000] DBG rx_done=0 count=0 wr_ptr=9 rd_ptr=9 rx_empty=1 rd_en=0 rd_data=xx
# [9449500000] DBG rx_done=0 count=0 wr_ptr=9 rd_ptr=9 rx_empty=1 rd_en=0 rd_data=xx
# [9450500000] DBG rx_done=0 count=0 wr_ptr=9 rd_ptr=9 rx_empty=1 rd_en=0 rd_data=xx
# [9451500000] DBG rx_done=0 count=0 wr_ptr=9 rd_ptr=9 rx_empty=1 rd_en=0 rd_data=xx
# [9452500000] DBG rx_done=0 count=0 wr_ptr=9 rd_ptr=9 rx_empty=1 rd_en=0 rd_data=xx
# [9453500000] DBG rx_done=0 count=0 wr_ptr=9 rd_ptr=9 rx_empty=1 rd_en=0 rd_data=xx
# [9454500000] DBG rx_done=0 count=0 wr_ptr=9 rd_ptr=9 rx_empty=1 rd_en=0 rd_data=xx
# [9455500000] DBG rx_done=0 count=0 wr_ptr=9 rd_ptr=9 rx_empty=1 rd_en=0 rd_data=xx
# [9456500000] DBG rx_done=0 count=0 wr_ptr=9 rd_ptr=9 rx_empty=1 rd_en=0 rd_data=xx
# [9457500000] DBG rx_done=0 count=0 wr_ptr=9 rd_ptr=9 rx_empty=1 rd_en=0 rd_data=xx
# [9458500000] DBG rx_done=0 count=0 wr_ptr=9 rd_ptr=9 rx_empty=1 rd_en=0 rd_data=xx
# [9459500000] DBG rx_done=0 count=0 wr_ptr=9 rd_ptr=9 rx_empty=1 rd_en=0 rd_data=xx
# [9460500000] DBG rx_done=0 count=0 wr_ptr=9 rd_ptr=9 rx_empty=1 rd_en=0 rd_data=xx
# [9461500000] DBG rx_done=0 count=0 wr_ptr=9 rd_ptr=9 rx_empty=1 rd_en=0 rd_data=xx
# [9462500000] DBG rx_done=0 count=0 wr_ptr=9 rd_ptr=9 rx_empty=1 rd_en=0 rd_data=xx
# [9463500000] DBG rx_done=0 count=0 wr_ptr=9 rd_ptr=9 rx_empty=1 rd_en=0 rd_data=xx
# [9464500000] DBG rx_done=0 count=0 wr_ptr=9 rd_ptr=9 rx_empty=1 rd_en=0 rd_data=xx
# [9465500000] DBG rx_done=0 count=0 wr_ptr=9 rd_ptr=9 rx_empty=1 rd_en=0 rd_data=xx
# [9466500000] DBG rx_done=0 count=0 wr_ptr=9 rd_ptr=9 rx_empty=1 rd_en=0 rd_data=xx
# [9467500000] DBG rx_done=0 count=0 wr_ptr=9 rd_ptr=9 rx_empty=1 rd_en=0 rd_data=xx
# [9468500000] DBG rx_done=0 count=0 wr_ptr=9 rd_ptr=9 rx_empty=1 rd_en=0 rd_data=xx
# [9469500000] DBG rx_done=0 count=0 wr_ptr=9 rd_ptr=9 rx_empty=1 rd_en=0 rd_data=xx
# [9470500000] DBG rx_done=0 count=0 wr_ptr=9 rd_ptr=9 rx_empty=1 rd_en=0 rd_data=xx
# [9471500000] DBG rx_done=0 count=0 wr_ptr=9 rd_ptr=9 rx_empty=1 rd_en=0 rd_data=xx
# [9472500000] DBG rx_done=0 count=0 wr_ptr=9 rd_ptr=9 rx_empty=1 rd_en=0 rd_data=xx
# [9473500000] DBG rx_done=0 count=0 wr_ptr=9 rd_ptr=9 rx_empty=1 rd_en=0 rd_data=xx
# [9474500000] DBG rx_done=0 count=0 wr_ptr=9 rd_ptr=9 rx_empty=1 rd_en=0 rd_data=xx
# [9475500000] DBG rx_done=0 count=0 wr_ptr=9 rd_ptr=9 rx_empty=1 rd_en=0 rd_data=xx
# [9476500000] DBG rx_done=0 count=0 wr_ptr=9 rd_ptr=9 rx_empty=1 rd_en=0 rd_data=xx
# [9477500000] DBG rx_done=0 count=0 wr_ptr=9 rd_ptr=9 rx_empty=1 rd_en=0 rd_data=xx
# [9478500000] DBG rx_done=0 count=0 wr_ptr=9 rd_ptr=9 rx_empty=1 rd_en=0 rd_data=xx
# [9479500000] DBG rx_done=0 count=0 wr_ptr=9 rd_ptr=9 rx_empty=1 rd_en=0 rd_data=xx
# [9480500000] DBG rx_done=0 count=0 wr_ptr=9 rd_ptr=9 rx_empty=1 rd_en=0 rd_data=xx
# [9481500000] DBG rx_done=0 count=0 wr_ptr=9 rd_ptr=9 rx_empty=1 rd_en=0 rd_data=xx
# [9482500000] DBG rx_done=0 count=0 wr_ptr=9 rd_ptr=9 rx_empty=1 rd_en=0 rd_data=xx
# [9483500000] DBG rx_done=0 count=0 wr_ptr=9 rd_ptr=9 rx_empty=1 rd_en=0 rd_data=xx
# [9484500000] DBG rx_done=0 count=0 wr_ptr=9 rd_ptr=9 rx_empty=1 rd_en=0 rd_data=xx
# [9485500000] DBG rx_done=0 count=0 wr_ptr=9 rd_ptr=9 rx_empty=1 rd_en=0 rd_data=xx
# [9486500000] DBG rx_done=0 count=0 wr_ptr=9 rd_ptr=9 rx_empty=1 rd_en=0 rd_data=xx
# [9487500000] DBG rx_done=0 count=0 wr_ptr=9 rd_ptr=9 rx_empty=1 rd_en=0 rd_data=xx
# [9488500000] DBG rx_done=0 count=0 wr_ptr=9 rd_ptr=9 rx_empty=1 rd_en=0 rd_data=xx
# [9489500000] DBG rx_done=0 count=0 wr_ptr=9 rd_ptr=9 rx_empty=1 rd_en=0 rd_data=xx
# [9490500000] DBG rx_done=0 count=0 wr_ptr=9 rd_ptr=9 rx_empty=1 rd_en=0 rd_data=xx
# [9491500000] DBG rx_done=0 count=0 wr_ptr=9 rd_ptr=9 rx_empty=1 rd_en=0 rd_data=xx
# [9492500000] DBG rx_done=0 count=0 wr_ptr=9 rd_ptr=9 rx_empty=1 rd_en=0 rd_data=xx
# [9493500000] DBG rx_done=0 count=0 wr_ptr=9 rd_ptr=9 rx_empty=1 rd_en=0 rd_data=xx
# [9494500000] DBG rx_done=0 count=0 wr_ptr=9 rd_ptr=9 rx_empty=1 rd_en=0 rd_data=xx
# [9495500000] DBG rx_done=0 count=0 wr_ptr=9 rd_ptr=9 rx_empty=1 rd_en=0 rd_data=xx
# [9496500000] DBG rx_done=0 count=0 wr_ptr=9 rd_ptr=9 rx_empty=1 rd_en=0 rd_data=xx
# [9497500000] DBG rx_done=0 count=0 wr_ptr=9 rd_ptr=9 rx_empty=1 rd_en=0 rd_data=xx
# [9498500000] DBG rx_done=0 count=0 wr_ptr=9 rd_ptr=9 rx_empty=1 rd_en=0 rd_data=xx
# [9499500000] DBG rx_done=0 count=0 wr_ptr=9 rd_ptr=9 rx_empty=1 rd_en=0 rd_data=xx
# [9500500000] DBG rx_done=0 count=0 wr_ptr=9 rd_ptr=9 rx_empty=1 rd_en=0 rd_data=xx
# [9501500000] DBG rx_done=0 count=0 wr_ptr=9 rd_ptr=9 rx_empty=1 rd_en=0 rd_data=xx
# [9502500000] DBG rx_done=0 count=0 wr_ptr=9 rd_ptr=9 rx_empty=1 rd_en=0 rd_data=xx
# [9503500000] DBG rx_done=0 count=0 wr_ptr=9 rd_ptr=9 rx_empty=1 rd_en=0 rd_data=xx
# [9504500000] DBG rx_done=0 count=0 wr_ptr=9 rd_ptr=9 rx_empty=1 rd_en=0 rd_data=xx
# [9505500000] DBG rx_done=0 count=0 wr_ptr=9 rd_ptr=9 rx_empty=1 rd_en=0 rd_data=xx
# [9506500000] DBG rx_done=0 count=0 wr_ptr=9 rd_ptr=9 rx_empty=1 rd_en=0 rd_data=xx
# [9507500000] DBG rx_done=0 count=0 wr_ptr=9 rd_ptr=9 rx_empty=1 rd_en=0 rd_data=xx
# [9508500000] DBG rx_done=0 count=0 wr_ptr=9 rd_ptr=9 rx_empty=1 rd_en=0 rd_data=xx
# [9509500000] DBG rx_done=0 count=0 wr_ptr=9 rd_ptr=9 rx_empty=1 rd_en=0 rd_data=xx
# [9510500000] DBG rx_done=0 count=0 wr_ptr=9 rd_ptr=9 rx_empty=1 rd_en=0 rd_data=xx
# [9511500000] DBG rx_done=0 count=0 wr_ptr=9 rd_ptr=9 rx_empty=1 rd_en=0 rd_data=xx
# [9512500000] DBG rx_done=0 count=0 wr_ptr=9 rd_ptr=9 rx_empty=1 rd_en=0 rd_data=xx
# [9513500000] DBG rx_done=0 count=0 wr_ptr=9 rd_ptr=9 rx_empty=1 rd_en=0 rd_data=xx
# [9514500000] DBG rx_done=0 count=0 wr_ptr=9 rd_ptr=9 rx_empty=1 rd_en=0 rd_data=xx
# [9515500000] DBG rx_done=0 count=0 wr_ptr=9 rd_ptr=9 rx_empty=1 rd_en=0 rd_data=xx
# [9516500000] DBG rx_done=0 count=0 wr_ptr=9 rd_ptr=9 rx_empty=1 rd_en=0 rd_data=xx
# [9517500000] DBG rx_done=0 count=0 wr_ptr=9 rd_ptr=9 rx_empty=1 rd_en=0 rd_data=xx
# [9518500000] DBG rx_done=0 count=0 wr_ptr=9 rd_ptr=9 rx_empty=1 rd_en=0 rd_data=xx
# [9519500000] DBG rx_done=0 count=0 wr_ptr=9 rd_ptr=9 rx_empty=1 rd_en=0 rd_data=xx
# [9520500000] DBG rx_done=0 count=0 wr_ptr=9 rd_ptr=9 rx_empty=1 rd_en=0 rd_data=xx
# [9521500000] DBG rx_done=0 count=0 wr_ptr=9 rd_ptr=9 rx_empty=1 rd_en=0 rd_data=xx
# [9522500000] DBG rx_done=0 count=0 wr_ptr=9 rd_ptr=9 rx_empty=1 rd_en=0 rd_data=xx
# [9523500000] DBG rx_done=0 count=0 wr_ptr=9 rd_ptr=9 rx_empty=1 rd_en=0 rd_data=xx
# [9524500000] DBG rx_done=0 count=0 wr_ptr=9 rd_ptr=9 rx_empty=1 rd_en=0 rd_data=xx
# [9525500000] DBG rx_done=0 count=0 wr_ptr=9 rd_ptr=9 rx_empty=1 rd_en=0 rd_data=xx
# [9526500000] DBG rx_done=0 count=0 wr_ptr=9 rd_ptr=9 rx_empty=1 rd_en=0 rd_data=xx
# [9527500000] DBG rx_done=0 count=0 wr_ptr=9 rd_ptr=9 rx_empty=1 rd_en=0 rd_data=xx
# [9528500000] DBG rx_done=0 count=0 wr_ptr=9 rd_ptr=9 rx_empty=1 rd_en=0 rd_data=xx
# [9529500000] DBG rx_done=0 count=0 wr_ptr=9 rd_ptr=9 rx_empty=1 rd_en=0 rd_data=xx
# [9530500000] DBG rx_done=0 count=0 wr_ptr=9 rd_ptr=9 rx_empty=1 rd_en=0 rd_data=xx
# [9531500000] DBG rx_done=0 count=0 wr_ptr=9 rd_ptr=9 rx_empty=1 rd_en=0 rd_data=xx
# [9532500000] DBG rx_done=0 count=0 wr_ptr=9 rd_ptr=9 rx_empty=1 rd_en=0 rd_data=xx
# [9533500000] DBG rx_done=0 count=0 wr_ptr=9 rd_ptr=9 rx_empty=1 rd_en=0 rd_data=xx
# [9534500000] DBG rx_done=0 count=0 wr_ptr=9 rd_ptr=9 rx_empty=1 rd_en=0 rd_data=xx
# [9535500000] DBG rx_done=0 count=0 wr_ptr=9 rd_ptr=9 rx_empty=1 rd_en=0 rd_data=xx
# [9536500000] DBG rx_done=0 count=0 wr_ptr=9 rd_ptr=9 rx_empty=1 rd_en=0 rd_data=xx
# [9537500000] DBG rx_done=0 count=0 wr_ptr=9 rd_ptr=9 rx_empty=1 rd_en=0 rd_data=xx
# [9538500000] DBG rx_done=0 count=0 wr_ptr=9 rd_ptr=9 rx_empty=1 rd_en=0 rd_data=xx
# [9539500000] DBG rx_done=0 count=0 wr_ptr=9 rd_ptr=9 rx_empty=1 rd_en=0 rd_data=xx
# [9540500000] DBG rx_done=0 count=0 wr_ptr=9 rd_ptr=9 rx_empty=1 rd_en=0 rd_data=xx
# [9541500000] DBG rx_done=0 count=0 wr_ptr=9 rd_ptr=9 rx_empty=1 rd_en=0 rd_data=xx
# [9542500000] DBG rx_done=0 count=0 wr_ptr=9 rd_ptr=9 rx_empty=1 rd_en=0 rd_data=xx
# [9543500000] DBG rx_done=0 count=0 wr_ptr=9 rd_ptr=9 rx_empty=1 rd_en=0 rd_data=xx
# [9544500000] DBG rx_done=0 count=0 wr_ptr=9 rd_ptr=9 rx_empty=1 rd_en=0 rd_data=xx
# [9545500000] DBG rx_done=0 count=0 wr_ptr=9 rd_ptr=9 rx_empty=1 rd_en=0 rd_data=xx
# [9546500000] DBG rx_done=0 count=0 wr_ptr=9 rd_ptr=9 rx_empty=1 rd_en=0 rd_data=xx
# [9547500000] DBG rx_done=0 count=0 wr_ptr=9 rd_ptr=9 rx_empty=1 rd_en=0 rd_data=xx
# [9548500000] DBG rx_done=0 count=0 wr_ptr=9 rd_ptr=9 rx_empty=1 rd_en=0 rd_data=xx
# [9549500000] DBG rx_done=0 count=0 wr_ptr=9 rd_ptr=9 rx_empty=1 rd_en=0 rd_data=xx
# [9550500000] DBG rx_done=0 count=0 wr_ptr=9 rd_ptr=9 rx_empty=1 rd_en=0 rd_data=xx
# [9551500000] DBG rx_done=0 count=0 wr_ptr=9 rd_ptr=9 rx_empty=1 rd_en=0 rd_data=xx
# [9552500000] DBG rx_done=0 count=0 wr_ptr=9 rd_ptr=9 rx_empty=1 rd_en=0 rd_data=xx
# [9553500000] DBG rx_done=0 count=0 wr_ptr=9 rd_ptr=9 rx_empty=1 rd_en=0 rd_data=xx
# [9554500000] DBG rx_done=0 count=0 wr_ptr=9 rd_ptr=9 rx_empty=1 rd_en=0 rd_data=xx
# [9555500000] DBG rx_done=0 count=0 wr_ptr=9 rd_ptr=9 rx_empty=1 rd_en=0 rd_data=xx
# [9556500000] DBG rx_done=0 count=0 wr_ptr=9 rd_ptr=9 rx_empty=1 rd_en=0 rd_data=xx
# [9557500000] DBG rx_done=0 count=0 wr_ptr=9 rd_ptr=9 rx_empty=1 rd_en=0 rd_data=xx
# [9558500000] DBG rx_done=0 count=0 wr_ptr=9 rd_ptr=9 rx_empty=1 rd_en=0 rd_data=xx
# [9559500000] DBG rx_done=0 count=0 wr_ptr=9 rd_ptr=9 rx_empty=1 rd_en=0 rd_data=xx
# [9560500000] DBG rx_done=0 count=0 wr_ptr=9 rd_ptr=9 rx_empty=1 rd_en=0 rd_data=xx
# [9561500000] DBG rx_done=0 count=0 wr_ptr=9 rd_ptr=9 rx_empty=1 rd_en=0 rd_data=xx
# [9562500000] DBG rx_done=0 count=0 wr_ptr=9 rd_ptr=9 rx_empty=1 rd_en=0 rd_data=xx
# [9563500000] DBG rx_done=0 count=0 wr_ptr=9 rd_ptr=9 rx_empty=1 rd_en=0 rd_data=xx
# [9564500000] DBG rx_done=0 count=0 wr_ptr=9 rd_ptr=9 rx_empty=1 rd_en=0 rd_data=xx
# [9565500000] DBG rx_done=0 count=0 wr_ptr=9 rd_ptr=9 rx_empty=1 rd_en=0 rd_data=xx
# [9566500000] DBG rx_done=0 count=0 wr_ptr=9 rd_ptr=9 rx_empty=1 rd_en=0 rd_data=xx
# [9567500000] DBG rx_done=0 count=0 wr_ptr=9 rd_ptr=9 rx_empty=1 rd_en=0 rd_data=xx
# [9568500000] DBG rx_done=0 count=0 wr_ptr=9 rd_ptr=9 rx_empty=1 rd_en=0 rd_data=xx
# [9569500000] DBG rx_done=0 count=0 wr_ptr=9 rd_ptr=9 rx_empty=1 rd_en=0 rd_data=xx
# [9570500000] DBG rx_done=0 count=0 wr_ptr=9 rd_ptr=9 rx_empty=1 rd_en=0 rd_data=xx
# [9571500000] DBG rx_done=0 count=0 wr_ptr=9 rd_ptr=9 rx_empty=1 rd_en=0 rd_data=xx
# [9572500000] DBG rx_done=0 count=0 wr_ptr=9 rd_ptr=9 rx_empty=1 rd_en=0 rd_data=xx
# [9573500000] DBG rx_done=0 count=0 wr_ptr=9 rd_ptr=9 rx_empty=1 rd_en=0 rd_data=xx
# [9574500000] DBG rx_done=0 count=0 wr_ptr=9 rd_ptr=9 rx_empty=1 rd_en=0 rd_data=xx
# [9575500000] DBG rx_done=0 count=0 wr_ptr=9 rd_ptr=9 rx_empty=1 rd_en=0 rd_data=xx
# [9576500000] DBG rx_done=0 count=0 wr_ptr=9 rd_ptr=9 rx_empty=1 rd_en=0 rd_data=xx
# [9577500000] DBG rx_done=0 count=0 wr_ptr=9 rd_ptr=9 rx_empty=1 rd_en=0 rd_data=xx
# [9578500000] DBG rx_done=0 count=0 wr_ptr=9 rd_ptr=9 rx_empty=1 rd_en=0 rd_data=xx
# [9579500000] DBG rx_done=0 count=0 wr_ptr=9 rd_ptr=9 rx_empty=1 rd_en=0 rd_data=xx
# [9580500000] DBG rx_done=0 count=0 wr_ptr=9 rd_ptr=9 rx_empty=1 rd_en=0 rd_data=xx
# [9581500000] DBG rx_done=0 count=0 wr_ptr=9 rd_ptr=9 rx_empty=1 rd_en=0 rd_data=xx
# [9582500000] DBG rx_done=0 count=0 wr_ptr=9 rd_ptr=9 rx_empty=1 rd_en=0 rd_data=xx
# [9583500000] DBG rx_done=0 count=0 wr_ptr=9 rd_ptr=9 rx_empty=1 rd_en=0 rd_data=xx
# [9584500000] DBG rx_done=0 count=0 wr_ptr=9 rd_ptr=9 rx_empty=1 rd_en=0 rd_data=xx
# [9585500000] DBG rx_done=0 count=0 wr_ptr=9 rd_ptr=9 rx_empty=1 rd_en=0 rd_data=xx
# [9586500000] DBG rx_done=0 count=0 wr_ptr=9 rd_ptr=9 rx_empty=1 rd_en=0 rd_data=xx
# [9587500000] DBG rx_done=0 count=0 wr_ptr=9 rd_ptr=9 rx_empty=1 rd_en=0 rd_data=xx
# [9588500000] DBG rx_done=0 count=0 wr_ptr=9 rd_ptr=9 rx_empty=1 rd_en=0 rd_data=xx
# [9589500000] DBG rx_done=0 count=0 wr_ptr=9 rd_ptr=9 rx_empty=1 rd_en=0 rd_data=xx
# [9590500000] DBG rx_done=0 count=0 wr_ptr=9 rd_ptr=9 rx_empty=1 rd_en=0 rd_data=xx
# [9591500000] DBG rx_done=0 count=0 wr_ptr=9 rd_ptr=9 rx_empty=1 rd_en=0 rd_data=xx
# [9592500000] DBG rx_done=0 count=0 wr_ptr=9 rd_ptr=9 rx_empty=1 rd_en=0 rd_data=xx
# [9593500000] DBG rx_done=0 count=0 wr_ptr=9 rd_ptr=9 rx_empty=1 rd_en=0 rd_data=xx
# [9594500000] DBG rx_done=0 count=0 wr_ptr=9 rd_ptr=9 rx_empty=1 rd_en=0 rd_data=xx
# [9595500000] DBG rx_done=0 count=0 wr_ptr=9 rd_ptr=9 rx_empty=1 rd_en=0 rd_data=xx
# [9596500000] DBG rx_done=0 count=0 wr_ptr=9 rd_ptr=9 rx_empty=1 rd_en=0 rd_data=xx
# [9597500000] DBG rx_done=0 count=0 wr_ptr=9 rd_ptr=9 rx_empty=1 rd_en=0 rd_data=xx
# [9598500000] DBG rx_done=0 count=0 wr_ptr=9 rd_ptr=9 rx_empty=1 rd_en=0 rd_data=xx
# [9599500000] DBG rx_done=0 count=0 wr_ptr=9 rd_ptr=9 rx_empty=1 rd_en=0 rd_data=xx
# [9600500000] DBG rx_done=0 count=0 wr_ptr=9 rd_ptr=9 rx_empty=1 rd_en=0 rd_data=xx
# [9601500000] DBG rx_done=0 count=0 wr_ptr=9 rd_ptr=9 rx_empty=1 rd_en=0 rd_data=xx
# [9602500000] DBG rx_done=0 count=0 wr_ptr=9 rd_ptr=9 rx_empty=1 rd_en=0 rd_data=xx
# [9603500000] DBG rx_done=0 count=0 wr_ptr=9 rd_ptr=9 rx_empty=1 rd_en=0 rd_data=xx
# [9604500000] DBG rx_done=0 count=0 wr_ptr=9 rd_ptr=9 rx_empty=1 rd_en=0 rd_data=xx
# [9605500000] DBG rx_done=0 count=0 wr_ptr=9 rd_ptr=9 rx_empty=1 rd_en=0 rd_data=xx
# [9606500000] DBG rx_done=0 count=0 wr_ptr=9 rd_ptr=9 rx_empty=1 rd_en=0 rd_data=xx
# [9607500000] DBG rx_done=0 count=0 wr_ptr=9 rd_ptr=9 rx_empty=1 rd_en=0 rd_data=xx
# [9608500000] DBG rx_done=0 count=0 wr_ptr=9 rd_ptr=9 rx_empty=1 rd_en=0 rd_data=xx
# [9609500000] DBG rx_done=0 count=0 wr_ptr=9 rd_ptr=9 rx_empty=1 rd_en=0 rd_data=xx
# [9610500000] DBG rx_done=0 count=0 wr_ptr=9 rd_ptr=9 rx_empty=1 rd_en=0 rd_data=xx
# [9611500000] DBG rx_done=0 count=0 wr_ptr=9 rd_ptr=9 rx_empty=1 rd_en=0 rd_data=xx
# [9612500000] DBG rx_done=0 count=0 wr_ptr=9 rd_ptr=9 rx_empty=1 rd_en=0 rd_data=xx
# [9613500000] DBG rx_done=0 count=0 wr_ptr=9 rd_ptr=9 rx_empty=1 rd_en=0 rd_data=xx
# [9614500000] DBG rx_done=0 count=0 wr_ptr=9 rd_ptr=9 rx_empty=1 rd_en=0 rd_data=xx
# [9615500000] DBG rx_done=0 count=0 wr_ptr=9 rd_ptr=9 rx_empty=1 rd_en=0 rd_data=xx
# [9616500000] DBG rx_done=0 count=0 wr_ptr=9 rd_ptr=9 rx_empty=1 rd_en=0 rd_data=xx
# [9617500000] DBG rx_done=0 count=0 wr_ptr=9 rd_ptr=9 rx_empty=1 rd_en=0 rd_data=xx
# [9618500000] DBG rx_done=0 count=0 wr_ptr=9 rd_ptr=9 rx_empty=1 rd_en=0 rd_data=xx
# [9619500000] DBG rx_done=0 count=0 wr_ptr=9 rd_ptr=9 rx_empty=1 rd_en=0 rd_data=xx
# [9620500000] DBG rx_done=0 count=0 wr_ptr=9 rd_ptr=9 rx_empty=1 rd_en=0 rd_data=xx
# [9621500000] DBG rx_done=0 count=0 wr_ptr=9 rd_ptr=9 rx_empty=1 rd_en=0 rd_data=xx
# [9622500000] DBG rx_done=0 count=0 wr_ptr=9 rd_ptr=9 rx_empty=1 rd_en=0 rd_data=xx
# [9623500000] DBG rx_done=0 count=0 wr_ptr=9 rd_ptr=9 rx_empty=1 rd_en=0 rd_data=xx
# [9624500000] DBG rx_done=0 count=0 wr_ptr=9 rd_ptr=9 rx_empty=1 rd_en=0 rd_data=xx
# [9625500000] DBG rx_done=0 count=0 wr_ptr=9 rd_ptr=9 rx_empty=1 rd_en=0 rd_data=xx
# [9626500000] DBG rx_done=0 count=0 wr_ptr=9 rd_ptr=9 rx_empty=1 rd_en=0 rd_data=xx
# [9627500000] DBG rx_done=0 count=0 wr_ptr=9 rd_ptr=9 rx_empty=1 rd_en=0 rd_data=xx
# [9628500000] DBG rx_done=0 count=0 wr_ptr=9 rd_ptr=9 rx_empty=1 rd_en=0 rd_data=xx
# [9629500000] DBG rx_done=0 count=0 wr_ptr=9 rd_ptr=9 rx_empty=1 rd_en=0 rd_data=xx
# [9630500000] DBG rx_done=0 count=0 wr_ptr=9 rd_ptr=9 rx_empty=1 rd_en=0 rd_data=xx
# [9631500000] DBG rx_done=0 count=0 wr_ptr=9 rd_ptr=9 rx_empty=1 rd_en=0 rd_data=xx
# [9632500000] DBG rx_done=0 count=0 wr_ptr=9 rd_ptr=9 rx_empty=1 rd_en=0 rd_data=xx
# [9633500000] DBG rx_done=0 count=0 wr_ptr=9 rd_ptr=9 rx_empty=1 rd_en=0 rd_data=xx
# [9634500000] DBG rx_done=0 count=0 wr_ptr=9 rd_ptr=9 rx_empty=1 rd_en=0 rd_data=xx
# [9635500000] DBG rx_done=0 count=0 wr_ptr=9 rd_ptr=9 rx_empty=1 rd_en=0 rd_data=xx
# [9636500000] DBG rx_done=0 count=0 wr_ptr=9 rd_ptr=9 rx_empty=1 rd_en=0 rd_data=xx
# [9637500000] DBG rx_done=0 count=0 wr_ptr=9 rd_ptr=9 rx_empty=1 rd_en=0 rd_data=xx
# [9638500000] DBG rx_done=0 count=0 wr_ptr=9 rd_ptr=9 rx_empty=1 rd_en=0 rd_data=xx
# [9639500000] DBG rx_done=0 count=0 wr_ptr=9 rd_ptr=9 rx_empty=1 rd_en=0 rd_data=xx
# [9640500000] DBG rx_done=0 count=0 wr_ptr=9 rd_ptr=9 rx_empty=1 rd_en=0 rd_data=xx
# [9641500000] DBG rx_done=0 count=0 wr_ptr=9 rd_ptr=9 rx_empty=1 rd_en=0 rd_data=xx
# [9642500000] DBG rx_done=0 count=0 wr_ptr=9 rd_ptr=9 rx_empty=1 rd_en=0 rd_data=xx
# [9643500000] DBG rx_done=0 count=0 wr_ptr=9 rd_ptr=9 rx_empty=1 rd_en=0 rd_data=xx
# [9644500000] DBG rx_done=0 count=0 wr_ptr=9 rd_ptr=9 rx_empty=1 rd_en=0 rd_data=xx
# [9645500000] DBG rx_done=0 count=0 wr_ptr=9 rd_ptr=9 rx_empty=1 rd_en=0 rd_data=xx
# [9646500000] DBG rx_done=0 count=0 wr_ptr=9 rd_ptr=9 rx_empty=1 rd_en=0 rd_data=xx
# [9647500000] DBG rx_done=0 count=0 wr_ptr=9 rd_ptr=9 rx_empty=1 rd_en=0 rd_data=xx
# [9648500000] DBG rx_done=0 count=0 wr_ptr=9 rd_ptr=9 rx_empty=1 rd_en=0 rd_data=xx
# [9649500000] DBG rx_done=0 count=0 wr_ptr=9 rd_ptr=9 rx_empty=1 rd_en=0 rd_data=xx
# [9650500000] DBG rx_done=0 count=0 wr_ptr=9 rd_ptr=9 rx_empty=1 rd_en=0 rd_data=xx
# [9651500000] DBG rx_done=0 count=0 wr_ptr=9 rd_ptr=9 rx_empty=1 rd_en=0 rd_data=xx
# [9652500000] DBG rx_done=0 count=0 wr_ptr=9 rd_ptr=9 rx_empty=1 rd_en=0 rd_data=xx
# [9653500000] DBG rx_done=1 count=0 wr_ptr=9 rd_ptr=9 rx_empty=1 rd_en=0 rd_data=xx
# [9654500000] DBG rx_done=0 count=1 wr_ptr=10 rd_ptr=9 rx_empty=0 rd_en=0 rd_data=45
# [9655500000] DBG rx_done=0 count=1 wr_ptr=10 rd_ptr=9 rx_empty=0 rd_en=1 rd_data=45
# [9655500000] ERROR: popped 0x45, expected 0x4e
# [9656500000] DBG rx_done=0 count=0 wr_ptr=10 rd_ptr=10 rx_empty=1 rd_en=0 rd_data=xx
# [9657500000] DBG rx_done=0 count=0 wr_ptr=10 rd_ptr=10 rx_empty=1 rd_en=1 rd_data=xx
# [9657500000] ERROR: popped 0xxx, expected 0x4f
# --------------------------------------------------
# uart_top tb summary: errors=19
#   RESULT: FAIL
# --------------------------------------------------
# ** Note: $finish    : ../tb/tb_uart_top.v(140)
#    Time: 9657500 ns  Iteration: 1  Instance: /tb_uart_top
